case_id,left_id,truth_state,truth_complete,reference_truth_complete,label_reason,component_id,split,closure_excluded,candidate_count,truth_right_id,selected_right_id_raw,selected_right_id_calibrated,truth_in_candidates,truth_distance_arcsec,correct_raw,correct_calibrated,xmm_ra_deg,xmm_dec_deg,xmm_position_sigma_arcsec
1,1,matched,True,True,secure_unique_chandra_irac_link,component-6b86b273ff34fce1,calibration,False,15,117728,117728,117728,True,1.2646932251713372,True,True,150.1051483,1.9808168,0.91
10,10,matched,True,True,secure_unique_chandra_irac_link,component-4a44dc15364204a8,test,False,14,166654,166654,166654,True,0.7559066207015271,True,True,149.9126069,2.2003208,1.03
100,100,matched,True,True,secure_unique_chandra_irac_link,component-ad57366865126e55,test,False,20,402374,402374,402374,True,1.4842845075906392,True,True,150.2626776,2.6712715,1.18
10052,10052,matched,True,True,secure_unique_chandra_irac_link,component-2bf43b9984209bfe,calibration,False,16,52907,52907,52907,True,2.1409238054957624,True,True,150.5098213,1.6810323,1.77
10083,10083,matched,True,True,secure_unique_chandra_irac_link,component-4ecdb4def4e2983b,test,False,13,21475,21475,21475,True,1.2202770120347817,True,True,150.5131059,1.5340492,1.92
10094,10094,matched,True,True,secure_unique_chandra_irac_link,component-dccbb9fd978cb560,test,False,14,112790,112790,112790,True,0.34783771138344577,True,True,150.3451785,1.9578708,1.825
101,101,matched,True,True,secure_unique_chandra_irac_link,component-16dc368a89b428b2,test,False,9,228843,228843,228843,True,0.3439922178160374,True,True,150.1303753,2.4720743,1.42
10112,10112,matched,True,True,secure_unique_chandra_irac_link,component-8a21bc0d16513bf4,calibration,False,13,316843,,,True,4.174733516672245,False,False,150.3539944,2.8613785,4.83
10158,10158,matched,True,True,secure_unique_chandra_irac_link,component-adc8211f3fd6d5f7,calibration,False,11,304904,304904,304904,True,1.7360085467258652,True,True,149.8981982,2.8108923,1.793
10164,10164,matched,True,True,secure_unique_chandra_irac_link,component-00ad7e2e78ec717c,test,False,13,133861,133861,133861,True,1.4673069615352978,True,True,150.0100181,2.0530464,1.74
10168,10168,matched,True,True,secure_unique_chandra_irac_link,component-27804d520f5be7cd,test,False,19,309896,309896,309896,True,1.870612653992144,True,True,150.0941183,2.8323896,2.29
10183,10183,unknown,False,False,secure_chandra_reference_missing_from_irac_catalog,component-1672dd4cc2c449cb,descriptive,False,19,,202006,202006,False,,False,False,150.2553837,2.352898,1.89
10184,10184,matched,False,True,secure_unique_chandra_irac_link,component-f8be6b0d4431c686,excluded,True,19,318498,318498,318498,True,2.566062336179702,True,True,149.4905063,2.868468,2.38
10191,10191,matched,True,True,secure_unique_chandra_irac_link,component-5c38247ec47cf3c2,test,False,9,141886,141886,141886,True,1.2122187122314656,True,True,150.7793607,2.0892033,1.98
102,102,matched,True,True,secure_unique_chandra_irac_link,component-37834f2f25762f23,test,False,12,239249,239249,239249,True,1.4543230731654015,True,True,150.2318806,2.5192984,1.32
10239,10239,matched,True,True,secure_unique_chandra_irac_link,component-c230f6b770dfcbfc,test,False,12,151014,151014,151014,True,0.789107612131512,True,True,150.2878669,2.131646,1.57
10248,10248,matched,True,True,secure_unique_chandra_irac_link,component-74b66466ac3ca88e,test,False,17,177042,177042,177042,True,1.6939316132450992,True,True,149.5339624,2.2450086,2.34
10257,10257,matched,True,True,secure_unique_chandra_irac_link,component-9966121111d035d0,test,False,8,389614,389614,389614,True,0.7607640512290336,True,True,150.6962238,2.2365,2.07
10272,10272,matched,True,True,secure_unique_chandra_irac_link,component-835159c5475ca013,calibration,False,16,58012,58012,58012,True,1.9108920233201008,True,True,150.701875,1.7052702,1.9
103,103,matched,True,True,secure_unique_chandra_irac_link,component-454f63ac30c83229,calibration,False,15,106430,106430,106430,True,1.1508204323969202,True,True,150.1171122,1.9296053,1.35
10332,10332,matched,True,True,secure_unique_chandra_irac_link,component-169a495eb426c77f,test,False,9,56793,56793,56793,True,2.0631305097819967,True,True,150.4918718,1.6995492,1.94
10338,10338,matched,True,True,secure_unique_chandra_irac_link,component-495fa52c7ded9e27,test,False,13,323843,323843,323843,True,1.7294285844632753,True,True,150.12814,2.8947659,2.24
10339,10339,matched,True,True,secure_unique_chandra_irac_link,component-330738f864d9b53f,test,False,17,200128,,200128,True,3.1921758967498675,False,True,150.6666594,2.3458846,2.38
10360,10360,matched,True,True,secure_unique_chandra_irac_link,component-03b1a0d34130db1d,test,False,14,292657,,293013,True,3.2997767078362674,False,False,149.7353377,2.7586268,2.34
10388,10388,matched,True,True,secure_unique_chandra_irac_link,component-55ae4eea1c5c64f5,calibration,False,16,77122,77122,77122,True,1.2122693512328822,True,True,149.5635936,1.7937458,1.48
10389,10389,matched,True,True,secure_unique_chandra_irac_link,component-4f4e4fbef987b9eb,test,False,8,228351,228351,228351,True,1.835928361614604,True,True,149.799692,2.470721,2.312
104,104,matched,True,True,secure_unique_chandra_irac_link,component-5ef6fdf32513aa7c,test,False,21,71004,71004,71004,True,0.8814051208205682,True,True,150.2422502,1.7664396,0.99
10418,10418,matched,True,True,secure_unique_chandra_irac_link,component-310170073689661a,test,False,10,319472,319472,319472,True,1.862215599459168,True,True,150.2263275,2.874958,2.72
10439,10439,unknown,False,False,no_chandra_xmm_mapping,component-ffec701b7ccb8709,excluded,False,18,,,189582,False,,False,False,150.0953428,2.3005827,3.21
10469,10469,matched,True,True,secure_unique_chandra_irac_link,component-1b6439aa5d710da3,calibration,False,15,325056,,325056,True,2.5759763104514746,False,True,150.143243,2.8994883,2.86
10471,10471,matched,True,True,secure_unique_chandra_irac_link,component-23d16ccd3da4b541,calibration,False,13,96147,96147,96147,True,2.01655878143875,True,True,149.7096721,1.8825525,1.91
10480,10480,unknown,False,False,no_chandra_xmm_mapping,component-b4ece415deff514e,descriptive,False,14,,,317370,False,,False,False,150.7641849,2.8643104,2.43
10493,10493,matched,True,True,secure_unique_chandra_irac_link,component-23f79dc3295e5ebe,test,False,14,252004,252004,252004,True,2.7473789404536944,True,True,149.4408434,2.5757604,2.17
10498,10498,matched,True,True,secure_unique_chandra_irac_link,component-9ab87114bfaf7f41,test,False,15,386020,386020,386020,True,1.1187453537070324,True,True,150.4966988,2.0890306,1.98
10499,10499,matched,True,True,secure_unique_chandra_irac_link,component-52293f59a334ad6f,test,False,18,179513,179513,179513,True,1.2829939632109828,True,True,150.2304349,2.2557549,2.26
105,105,matched,True,True,secure_unique_chandra_irac_link,component-1253e9373e781b75,calibration,False,12,153550,153313,153313,True,1.6249058899395439,False,False,150.0553283,2.1427416,1.25
10547,10547,matched,True,True,secure_unique_chandra_irac_link,component-6ba9cb6ef619ad8e,calibration,False,21,48196,48196,48196,True,1.1791212476409443,True,True,150.3166083,1.6579172,1.84
10560,10560,matched,True,True,secure_unique_chandra_irac_link,component-b393b19e6e99a85c,test,False,12,125816,125816,125816,True,2.631955170505784,True,True,149.8645606,2.0156391,2.15
10569,10569,matched,True,True,secure_unique_chandra_irac_link,component-9c225a25baf28478,test,False,14,229133,,229133,True,2.682951940482499,False,True,149.9952714,2.4734321,2.74
10583,10583,matched,True,True,secure_unique_chandra_irac_link,component-8d246e711e70b26c,calibration,False,13,124129,,,True,4.543573528196599,False,False,150.3115717,2.0092727,2.53
10590,10590,matched,True,True,secure_unique_chandra_irac_link,component-0660d412d2b752a2,test,False,21,145919,145882,145882,True,2.849838784173749,False,False,150.4133422,2.1092931,2.05
10597,10597,matched,True,True,secure_unique_chandra_irac_link,component-04aaef1641583bd6,test,False,12,311146,311146,311146,True,1.1539245921873054,True,True,150.6806496,2.8369197,1.83
106,106,matched,True,True,secure_unique_chandra_irac_link,component-482d9673cfee5de3,test,False,9,215644,215644,215644,True,0.586884878638092,True,True,150.1584952,2.4154924,1.32
10615,10615,matched,True,True,secure_unique_chandra_irac_link,component-a036a0ea5107d503,test,False,17,89942,89942,89942,True,1.0779224432391923,True,True,150.1780175,1.8547384,2.01
10637,10637,matched,True,True,secure_unique_chandra_irac_link,component-75b55510efd6763a,calibration,False,14,292386,292386,292386,True,1.930471837671134,True,True,150.0712683,2.7564135,2.05
10662,10662,unknown,False,False,secure_chandra_reference_missing_from_irac_catalog,component-f87279bd803c73dc,descriptive,False,10,,230782,230782,False,,False,False,149.5500075,2.478697,1.59
10674,10674,matched,True,True,secure_unique_chandra_irac_link,component-efe9c23fecf919ab,calibration,False,10,170023,170023,170023,True,0.34746089122348073,True,True,150.2502841,2.2145338,1.93
10675,10675,matched,True,True,secure_unique_chandra_irac_link,component-3f6f25576155bb42,test,False,15,171270,171270,171270,True,2.093705984883068,True,True,150.1921522,2.2201828,2.17
10690,10690,matched,True,True,secure_unique_chandra_irac_link,component-2cec743ca3d3a6fb,test,False,16,220002,220002,220002,True,1.7932988828727163,True,True,150.5969657,2.432707,2.23
107,107,matched,True,True,secure_unique_chandra_irac_link,component-3346f2bbf6c34bd2,calibration,False,12,305505,305505,305505,True,0.7703581672520035,True,True,150.2365104,2.8134159,1.17
10709,10709,matched,True,True,secure_unique_chandra_irac_link,component-447a0df91b6611a2,test,False,12,220074,220074,220074,True,0.20186355068894615,True,True,149.738487,2.433834,1.94
10719,10719,matched,True,True,secure_unique_chandra_irac_link,component-e071170e549fa06f,test,False,14,262373,262373,262373,True,2.227728648792383,True,True,149.4139866,2.6242984,2.25
10732,10732,matched,True,True,secure_unique_chandra_irac_link,component-3420f65548092749,test,False,23,124153,124153,124153,True,1.332497398630173,True,True,149.5613039,2.0087939,2.2
10743,10743,unknown,False,False,no_chandra_xmm_mapping,component-52e0e094893bded1,descriptive,False,4,,403161,403161,False,,False,False,150.1135569,2.6506349,2.54
10747,10747,matched,True,True,secure_unique_chandra_irac_link,component-7a38a88b0b624e21,test,False,16,222774,,222774,True,3.6405968830251507,False,True,149.4226065,2.4456759,2.63
10757,10757,matched,True,True,secure_unique_chandra_irac_link,component-fd33fd23e0e68f05,test,False,13,126603,126603,126603,True,1.1843077740267256,True,True,150.3433483,2.0196764,1.92
10796,10796,matched,True,True,secure_unique_chandra_irac_link,component-713cbbbcf4a7fb37,test,False,5,390772,390772,390772,True,1.3029527902022568,True,True,150.6002516,2.2723903,2.257
108,108,matched,True,True,secure_unique_chandra_irac_link,component-9537f32ec7599e1a,calibration,False,12,102796,102796,102796,True,0.6796744563061662,True,True,150.1221429,1.9130143,1.25
10809,10809,matched,True,True,secure_unique_chandra_irac_link,component-eb0858d456cbaf89,test,False,13,208040,208040,208040,True,1.4960831906206622,True,True,150.2070378,2.3815385,2.05
10812,10812,matched,True,True,secure_unique_chandra_irac_link,component-d2fac2a09acf1c38,calibration,False,14,118936,118936,118936,True,1.0084951390532486,True,True,150.4949341,1.9862449,2.26
10829,10829,matched,True,True,secure_unique_chandra_irac_link,component-8fbfebe1f95548c3,calibration,False,16,131018,131018,131018,True,1.2006951209368715,True,True,149.6283127,2.0403141,1.88
10841,10841,matched,True,True,secure_unique_chandra_irac_link,component-4cb03eebb0525168,calibration,False,18,207162,207162,207162,True,1.2123148758793336,True,True,149.4329862,2.3774053,2.13
10844,10844,matched,True,True,secure_unique_chandra_irac_link,component-6248513ca181bb38,test,False,13,148828,,148828,True,3.0820365967581758,False,True,149.7024696,2.1213297,2.0
10852,10852,matched,True,True,secure_unique_chandra_irac_link,component-c7362eccf362f5c2,test,False,11,321342,321342,321342,True,1.9916777311670206,True,True,149.9606623,2.8832259,2.2
10857,10857,matched,True,True,secure_unique_chandra_irac_link,component-32dd352edda42e5c,calibration,False,13,179983,179983,179983,True,1.3439748138321679,True,True,150.770665,2.2576266,2.39
10875,10875,matched,True,True,secure_unique_chandra_irac_link,component-a972683eb6f45c7b,test,False,16,84738,84738,84738,True,1.2845055545804724,True,True,150.3660198,1.8296402,1.8
10878,10878,matched,True,True,secure_unique_chandra_irac_link,component-e346642f77249b48,test,False,18,292761,292761,292761,True,1.9008528550144408,True,True,150.3820045,2.7578476,2.36
10889,10889,matched,True,True,secure_unique_chandra_irac_link,component-de6ea636a980f5cd,test,False,15,68886,68886,68886,True,1.0322739960208112,True,True,149.5922864,1.7564761,1.11
109,109,matched,True,True,secure_unique_chandra_irac_link,component-0fd42b3f73c448b3,calibration,False,14,267870,267870,267870,True,0.7358820765181492,True,True,150.4567242,2.6479555,1.25
10900,10900,matched,True,True,secure_unique_chandra_irac_link,component-2add69ab22442d67,test,False,6,197016,197016,197016,True,1.3295480724566986,True,True,150.6555728,2.3340099,1.997
10911,10911,matched,True,True,secure_unique_chandra_irac_link,component-c9fc50d76c262e04,calibration,False,15,27071,27071,27071,True,1.769310612871639,True,True,150.6158725,1.560008,2.87
11,11,matched,True,True,secure_unique_chandra_irac_link,component-4fc82b26aecb47d2,calibration,False,21,131587,131587,131587,True,1.424701505448023,True,True,150.1453168,2.0428246,1.04
110,110,matched,True,True,secure_unique_chandra_irac_link,component-9bdb2af6799204a2,calibration,False,20,211929,211929,211929,True,0.30108197600160175,True,True,150.0915306,2.3991068,1.5
111,111,matched,True,True,secure_unique_chandra_irac_link,component-f6e0a1e2ac41945a,calibration,False,16,248588,248588,248588,True,1.2837387780035878,True,True,150.3344258,2.5611005,1.26
112,112,matched,True,True,secure_unique_chandra_irac_link,component-b1556dea32e9d0cd,test,False,11,174609,174609,174609,True,1.3143367668473471,True,True,149.7792552,2.2324008,1.42
113,113,matched,True,True,secure_unique_chandra_irac_link,component-6c658ee83fb7e812,test,False,13,142695,142695,142695,True,1.840645390610575,True,True,149.8983538,2.0937117,1.32
114,114,matched,True,True,secure_unique_chandra_irac_link,component-9f1f9dce319c4700,calibration,False,10,117181,117181,117181,True,0.838703344368876,True,True,150.3116257,1.9780792,1.22
115,115,matched,True,True,secure_unique_chandra_irac_link,component-28dae7c8bde2f3ca,test,False,18,236508,236508,236508,True,0.13736455821810703,True,True,150.5446529,2.5072534,1.05
1151,1151,matched,True,True,secure_unique_chandra_irac_link,component-a3ab7bbaf7390c1f,test,False,15,188096,188096,188096,True,0.6999072969254759,True,True,149.8698074,2.2939118,1.36
116,116,matched,True,True,secure_unique_chandra_irac_link,component-e5b861a6d8a966df,test,False,22,186330,186330,186330,True,0.8850303461918464,True,True,150.2060422,2.2857772,1.2
117,117,matched,True,True,secure_unique_chandra_irac_link,component-7ae71823aa8b34ae,test,False,15,174607,174607,174607,True,0.3231042526208485,True,True,150.0558851,2.2333781,1.44
118,118,matched,True,True,secure_unique_chandra_irac_link,component-85daaf6f7055cd57,calibration,False,19,175944,175944,175944,True,0.37334117188442123,True,True,149.8954677,2.2394662,1.37
119,119,matched,True,True,secure_unique_chandra_irac_link,component-3038bfb575bee6a0,test,False,10,172862,172862,172862,True,0.8086067212427133,True,True,150.3422734,2.2260386,1.05
12,12,matched,True,True,secure_unique_chandra_irac_link,component-6b51d431df5d7f14,test,False,14,140508,140508,140508,True,1.0684616454225555,True,True,150.2077648,2.0831624,1.03
120,120,matched,True,True,secure_unique_chandra_irac_link,component-2abaca4911e68fa9,test,False,20,181457,181457,181457,True,0.07495718697769321,True,True,149.6958674,2.2645196,1.16
121,121,matched,True,True,secure_unique_chandra_irac_link,component-89aa1e580023722d,test,False,13,249079,249079,249079,True,0.6886818549100191,True,True,150.1713145,2.5638675,1.25
122,122,matched,True,True,secure_unique_chandra_irac_link,component-1be00341082e25c4,test,False,12,160798,160798,160798,True,0.5891981381604031,True,True,149.9391067,2.1748162,1.43
123,123,matched,True,True,secure_unique_chandra_irac_link,component-a665a45920422f9d,test,False,15,248156,248156,248156,True,0.23599405378801944,True,True,150.3827499,2.5597314,1.39
124,124,matched,True,True,secure_unique_chandra_irac_link,component-6affdae3b3c1aa6a,test,False,10,196727,196727,196727,True,0.8467070843825417,True,True,150.1615929,2.3325103,1.33
125,125,matched,True,True,secure_unique_chandra_irac_link,component-0f8ef3377b30fc47,test,False,4,381346,381346,381346,True,0.17012853021648594,True,True,150.2394217,1.9302293,0.505
126,126,matched,False,True,secure_unique_chandra_irac_link,component-8a70849d30aeff36,excluded,True,20,216878,216878,216878,True,0.355862585707425,True,True,149.7057737,2.4197346,1.02
127,127,matched,True,True,secure_unique_chandra_irac_link,component-922c7954216ccfe7,test,False,20,209733,209733,209733,True,1.18596306452182,True,True,150.0045167,2.3891473,1.41
128,128,matched,False,True,secure_unique_chandra_irac_link,component-3d602a17fe11e9d1,excluded,True,14,151197,151197,151197,True,0.46778411447183404,True,True,150.1988577,2.1325649,1.41
129,129,matched,True,True,secure_unique_chandra_irac_link,component-6566230e3a3ce377,test,False,9,121337,121337,121337,True,0.8602842064123533,True,True,150.2532533,1.99644,1.3
13,13,matched,True,True,secure_unique_chandra_irac_link,component-3fdba35f04dc8c46,test,False,22,184258,184258,184258,True,0.572393964136385,True,True,150.0093204,2.2753067,1.03
130,130,matched,True,True,secure_unique_chandra_irac_link,component-38d66d9692ac5900,calibration,False,13,155016,155016,155016,True,1.5898813256182736,True,True,149.9372001,2.1493367,1.44
132,132,matched,True,True,secure_unique_chandra_irac_link,component-dbb1ded63bc70732,test,False,15,151056,151056,151056,True,0.6588124330117969,True,True,149.991932,2.1319569,1.35
133,133,matched,True,True,secure_unique_chandra_irac_link,component-d2f483672c0239f6,test,False,17,173856,173856,173856,True,1.2262345906259458,True,True,150.2718517,2.2299079,1.26
134,134,matched,True,True,secure_unique_chandra_irac_link,component-5d389f5e2e34c6b0,test,False,13,194397,194397,194397,True,0.25707968767204115,True,True,150.0487066,2.3221668,1.44
135,135,matched,True,True,secure_unique_chandra_irac_link,component-13671077b66a2987,calibration,False,16,212654,212654,212654,True,0.14243213081638928,True,True,149.7008355,2.4025678,1.01
136,136,matched,True,True,secure_unique_chandra_irac_link,component-36ebe205bcdfc499,test,False,16,186459,186459,186459,True,1.0029771954961344,True,True,149.6670567,2.2864464,1.32
137,137,matched,True,True,secure_unique_chandra_irac_link,component-d80eae6e96d148b3,test,False,15,122720,122720,122720,True,0.9116600073062265,True,True,149.9578819,2.002929,1.35
138,138,matched,True,True,secure_unique_chandra_irac_link,component-d6a4031733610bb0,calibration,False,17,284056,284056,284056,True,0.6344833802838397,True,True,150.3297457,2.7184734,1.43
139,139,matched,True,True,secure_unique_chandra_irac_link,component-8d27ba37c5d81010,test,False,10,263642,263642,263642,True,1.10834643966983,True,True,150.0419867,2.6291696,1.24
1390,1390,matched,True,True,secure_unique_chandra_irac_link,component-bb4d3bd125603e48,test,False,7,149226,149226,149226,True,0.7642310022893037,True,True,149.7807459,2.1242901,2.78
1392,1392,matched,True,True,secure_unique_chandra_irac_link,component-01b23136ea7f9f8b,calibration,False,14,183437,183437,183437,True,1.2786862614894101,True,True,150.4816047,2.2735218,1.59
14,14,matched,True,True,secure_unique_chandra_irac_link,component-8527a891e2241369,test,False,8,226201,226201,226201,True,0.41940553658681157,True,True,150.3272922,2.4608503,1.03
140,140,matched,True,True,secure_unique_chandra_irac_link,component-dbae772db29058a8,test,False,16,395236,395236,395236,True,0.3922844239273276,True,True,150.2301217,2.3955783,0.502
141,141,matched,True,True,secure_unique_chandra_irac_link,component-2c7d5490e6050836,test,False,16,94829,94829,94829,True,1.4572359537131254,True,True,150.1393584,1.8766745,1.45
1412,1412,matched,False,True,secure_unique_chandra_irac_link,component-3d602a17fe11e9d1,excluded,True,14,386522,386522,386522,True,1.6687911637124664,True,True,150.2067328,2.1205868,1.88
142,142,matched,True,True,secure_unique_chandra_irac_link,component-d4ee9f58e5860574,test,False,10,246020,246020,246020,True,1.2142444495896163,True,True,150.1034282,2.5504889,1.39
1429,1429,matched,True,True,secure_unique_chandra_irac_link,component-ca0a39458de3f063,calibration,False,17,211535,211535,211535,True,0.22932705189939706,True,True,149.6619305,2.3968463,1.01
143,143,matched,True,True,secure_unique_chandra_irac_link,component-82bf4bff0bcb4fa3,calibration,False,7,223539,223539,223539,True,0.6477166907895889,True,True,150.0555639,2.4492852,1.38
144,144,matched,True,True,secure_unique_chandra_irac_link,component-8cbbee6744ccafea,test,False,23,192736,192736,192736,True,1.1789908468094996,True,True,149.9817437,2.3152533,1.35
145,145,matched,True,True,secure_unique_chandra_irac_link,component-be47addbcb8f6056,test,False,13,200667,200667,200667,True,0.8524679136974702,True,True,150.0199831,2.3493176,1.35
146,146,matched,True,True,secure_unique_chandra_irac_link,component-0a5b046d07f6f971,test,False,13,139906,139906,139906,True,1.5789081958509146,True,True,149.9099323,2.0804367,1.36
1461,1461,matched,True,True,secure_unique_chandra_irac_link,component-4cd468501fc1a553,test,False,13,393379,393379,393379,True,0.6566112504281132,True,True,149.73883,2.3661953,1.26
1467,1467,matched,True,True,secure_unique_chandra_irac_link,component-0038263cc90dfa55,calibration,False,13,297540,297540,297540,True,1.9137839839469708,True,True,150.3613754,2.7793085,1.81
147,147,matched,True,True,secure_unique_chandra_irac_link,component-67e6e9e795b05213,test,False,17,182964,182964,182964,True,1.673080990463474,True,True,150.2243778,2.2705097,1.37
148,148,matched,True,True,secure_unique_chandra_irac_link,component-67e6e9e795b05213,test,False,24,184637,184637,184637,True,1.0046658913191389,True,True,150.2187909,2.278939,1.495
149,149,matched,True,True,secure_unique_chandra_irac_link,component-9192a6da484a38c1,test,False,13,401276,401276,401276,True,0.6996901892473779,True,True,150.168264,2.6158235,1.3
15,15,matched,True,True,secure_unique_chandra_irac_link,component-e629fa6598d73276,test,False,21,222657,222657,222657,True,0.39038892562295385,True,True,150.4990071,2.4449847,1.01
150,150,matched,True,True,secure_unique_chandra_irac_link,component-9ae2bdd7beedc2e7,test,False,9,208035,208035,208035,True,0.39324740939111086,True,True,150.3142141,2.3816787,1.42
151,151,matched,True,True,secure_unique_chandra_irac_link,component-8e612bd1f5d132a3,test,False,13,200132,200132,200132,True,0.769126458549986,True,True,150.0734894,2.3466594,1.29
152,152,matched,True,True,secure_unique_chandra_irac_link,component-043066daf2109523,test,False,16,177475,177475,177475,True,0.6337600446866832,True,True,150.3497077,2.2460543,1.17
153,153,matched,True,True,secure_unique_chandra_irac_link,component-620c9c332101a5ba,test,False,17,211070,211070,211070,True,0.6625895458782223,True,True,150.2849826,2.3951046,1.23
1533,1533,matched,True,True,secure_unique_chandra_irac_link,component-15310fd04ea64483,test,False,13,190616,190616,190616,True,0.15948162264453425,True,True,150.3356198,2.3048577,1.54
154,154,matched,True,True,secure_unique_chandra_irac_link,component-1d0ebea552eb43d0,test,False,17,215360,215360,215360,True,0.40985088152701993,True,True,150.3110867,2.4138024,1.41
1548,1548,matched,True,True,secure_unique_chandra_irac_link,component-48f31b127dde9f65,calibration,False,13,95000,95000,95000,True,1.6957595827107776,True,True,150.0256634,1.8772677,1.92
155,155,matched,True,True,secure_unique_chandra_irac_link,component-210e3b160c355818,calibration,False,25,290719,290719,290719,True,0.5682057723277134,True,True,150.4467058,2.7495897,1.3
1559,1559,matched,True,True,secure_unique_chandra_irac_link,component-1e797595727addd0,test,False,13,158912,158912,158912,True,0.9689677284747542,True,True,150.1329355,2.1672379,2.74
156,156,matched,True,True,secure_unique_chandra_irac_link,component-b35f9f7c073d0bbd,test,False,16,147088,147088,147088,True,1.0920193713069428,True,True,150.227446,2.1142911,1.2
157,157,matched,True,True,secure_unique_chandra_irac_link,component-c75de23d89df36ba,test,False,5,188436,188436,188436,True,0.821907678113687,True,True,150.1377747,2.2917511,1.22
158,158,matched,True,True,secure_unique_chandra_irac_link,component-7ed8f0f3b707956d,calibration,False,12,397753,397753,397753,True,1.7462012796582091,True,True,150.2741083,2.5117825,1.57
159,159,matched,False,True,secure_unique_chandra_irac_link,component-861fd829b760ce64,excluded,True,15,189924,189924,189924,True,0.5431055354858079,True,True,150.074711,2.3020272,1.54
16,16,matched,True,True,secure_unique_chandra_irac_link,component-b17ef6d19c7a5b1e,test,False,14,214437,214437,214437,True,0.48456408415859176,True,True,150.4719351,2.4103271,1.05
160,160,matched,True,True,secure_unique_chandra_irac_link,component-a512db2741cd2069,calibration,False,13,152693,152693,152693,True,1.1643281655196047,True,True,150.158061,2.1394626,1.51
161,161,matched,True,True,secure_unique_chandra_irac_link,component-bb668ca955632160,test,False,16,125445,125445,125445,True,0.7939569275019468,True,True,150.285406,2.0146263,1.16
162,162,matched,True,True,secure_unique_chandra_irac_link,component-79d6eaa2676189eb,calibration,False,9,300225,300225,300225,True,1.5734223234200593,True,True,150.4015508,2.7903613,1.42
163,163,matched,True,True,secure_unique_chandra_irac_link,component-3d3286f7cd19074f,test,False,13,227602,227602,227602,True,0.24488519215194893,True,True,150.3097665,2.4666456,1.38
164,164,matched,True,True,secure_unique_chandra_irac_link,component-3f9807cb9ae9fb6c,test,False,7,106258,106258,106258,True,0.26687933145503406,True,True,150.3271526,1.9286744,1.13
165,165,matched,True,True,secure_unique_chandra_irac_link,component-bc52dd634277c4a3,calibration,False,12,174010,174010,174010,True,0.4566771633876285,True,True,150.179913,2.2313184,1.31
166,166,matched,True,True,secure_unique_chandra_irac_link,component-e0f05da93a0f5a86,test,False,17,301794,301794,301794,True,0.820986249825726,True,True,150.1673437,2.7978242,1.14
1666,1666,matched,True,True,secure_unique_chandra_irac_link,component-64ef8cbfd4e16b46,test,False,17,81793,81793,81793,True,1.7772253341055564,True,True,150.19284,1.8151748,2.17
167,167,matched,True,True,secure_unique_chandra_irac_link,component-73d3f1ba062585bc,calibration,False,15,147818,147818,147818,True,1.3188244324231528,True,True,149.8874861,2.117195,1.45
168,168,matched,True,True,secure_unique_chandra_irac_link,component-80c3cd40fa35f908,test,False,18,271797,271797,271797,True,1.3619845247729703,True,True,150.1040535,2.6657824,1.14
169,169,matched,True,True,secure_unique_chandra_irac_link,component-d4f5301725ab16bb,test,False,16,128245,128245,128245,True,0.5930445788053822,True,True,149.7359596,2.0277421,1.21
17,17,matched,True,True,secure_unique_chandra_irac_link,component-4523540f1504cd17,test,False,18,121651,121651,121651,True,0.41429514070699425,True,True,149.8520035,1.9983477,0.97
170,170,matched,True,True,secure_unique_chandra_irac_link,component-734d0759cdb4e0d0,test,False,12,179334,179334,179334,True,1.0415847637173108,True,True,149.8220544,2.2543257,1.39
171,171,matched,True,True,secure_unique_chandra_irac_link,component-284de502c9847342,test,False,12,190635,190635,190635,True,0.9969240804425191,True,True,150.3668799,2.3055427,1.39
172,172,matched,True,True,secure_unique_chandra_irac_link,component-68519a9eca55c68c,test,False,15,205454,205454,205454,True,0.38386663793382025,True,True,150.4442851,2.3697538,1.31
173,173,matched,True,True,secure_unique_chandra_irac_link,component-4a8596a7790b5ca9,test,False,15,397943,397943,397943,True,1.8229419371033835,True,True,150.012139,2.5259879,1.42
174,174,matched,True,True,secure_unique_chandra_irac_link,component-41e521adf8ae7a0f,test,False,12,308007,308007,308007,True,0.3119272811838152,True,True,150.4245365,2.8242555,1.48
175,175,matched,True,True,secure_unique_chandra_irac_link,component-dac53c17c250fd4d,test,False,18,392838,392838,392838,True,0.4057043835473006,True,True,149.720774,2.3490901,1.06
176,176,matched,True,True,secure_unique_chandra_irac_link,component-cba28b89eb859497,test,False,12,303817,303817,303817,True,1.1357885474206293,True,True,150.4541162,2.8057214,1.39
177,177,matched,True,True,secure_unique_chandra_irac_link,component-8cd2510271575d84,calibration,False,14,151747,151747,151747,True,0.8910005515976065,True,True,149.6682063,2.1352259,1.21
178,178,matched,True,True,secure_unique_chandra_irac_link,component-01d54579da446ae1,test,False,17,230131,230131,230131,True,1.5518383944242136,True,True,150.0586541,2.4769846,1.45
179,179,matched,True,True,secure_unique_chandra_irac_link,component-3068430da9e4b7a6,test,False,8,187067,187067,187067,True,0.6364954872841331,True,True,150.2361018,2.2890504,1.35
18,18,matched,True,True,secure_unique_chandra_irac_link,component-4ec9599fc203d176,test,False,23,190332,190332,190332,True,0.13357634796933188,True,True,150.1330279,2.3032356,1.04
180,180,matched,True,True,secure_unique_chandra_irac_link,component-7b69759630f869f2,test,False,10,231149,231149,231149,True,0.404373123227787,True,True,150.2088812,2.482019,1.72
181,181,matched,True,True,secure_unique_chandra_irac_link,component-99fc593371e0a9ee,test,False,18,134400,134400,134400,True,0.3810979324557179,True,True,150.2674805,2.0555416,1.14
182,182,matched,True,True,secure_unique_chandra_irac_link,component-bfa7634640c53da7,calibration,False,15,196814,196814,196814,True,0.4571339387185797,True,True,150.3209902,2.3329732,1.52
184,184,matched,True,True,secure_unique_chandra_irac_link,component-c509e7458017edfc,calibration,False,18,246016,246016,246016,True,0.5907818567693508,True,True,150.2240232,2.5509346,1.49
185,185,matched,True,True,secure_unique_chandra_irac_link,component-61a229bae1e90331,test,False,15,123640,123640,123640,True,0.5631613340806645,True,True,149.9953151,2.0065456,1.4
186,186,matched,True,True,secure_unique_chandra_irac_link,component-2811745d7b8d8874,calibration,False,8,132497,132497,132497,True,0.8348405867691776,True,True,149.8952712,2.0471166,1.42
187,187,matched,True,True,secure_unique_chandra_irac_link,component-38b2d03f3256502b,calibration,False,15,270544,270544,270544,True,1.5280169114838784,True,True,150.2408694,2.6587295,1.38
188,188,matched,True,True,secure_unique_chandra_irac_link,component-d6061bbee6cf13bd,calibration,False,18,162362,162362,162362,True,1.553386623490768,True,True,149.6244755,2.180539,1.18
189,189,matched,True,True,secure_unique_chandra_irac_link,component-7045d16ae7f043ec,calibration,False,18,262959,262959,262959,True,0.6568361199078924,True,True,150.1269839,2.6264491,1.15
19,19,matched,True,True,secure_unique_chandra_irac_link,component-f8644d31d2613f5a,test,False,14,180089,180089,180089,True,0.34265466063359534,True,True,149.9936713,2.2585886,1.13
190,190,matched,True,True,secure_unique_chandra_irac_link,component-2397346b45823e07,calibration,False,13,408130,408130,408130,True,0.9747066124855625,True,True,150.5000232,2.8926484,0.644
191,191,matched,True,True,secure_unique_chandra_irac_link,component-70260742c2952154,calibration,False,18,264836,264836,264836,True,0.1766130790610476,True,True,150.4906003,2.6346634,1.31
192,192,matched,True,True,secure_unique_chandra_irac_link,component-eb3be230bbd2844b,test,False,12,288047,288047,288047,True,0.36830275262109174,True,True,150.2512118,2.7372202,1.37
193,193,matched,True,True,secure_unique_chandra_irac_link,component-684fe39f03758de6,test,False,15,184581,184581,184581,True,1.1771225705241672,True,True,149.706544,2.2777117,1.34
194,194,matched,True,True,secure_unique_chandra_irac_link,component-7559ca4a957c8c82,calibration,False,13,211715,211715,211715,True,0.3737867392129639,True,True,149.9777844,2.3977162,1.37
195,195,matched,True,True,secure_unique_chandra_irac_link,component-1dfacb2ea5a03e0a,calibration,False,12,209333,209256,209256,True,2.4043373077510175,False,False,149.9614963,2.3874394,1.77
196,196,matched,True,True,secure_unique_chandra_irac_link,component-b4bbe448fde336bb,calibration,False,13,124189,124189,124189,True,0.807333218614665,True,True,149.8372454,2.0087935,1.31
197,197,matched,True,True,secure_unique_chandra_irac_link,component-8bcbb4c131df56f7,calibration,False,23,256763,256763,256763,True,1.6068195846983389,True,True,150.163612,2.5980975,1.44
198,198,matched,True,True,secure_unique_chandra_irac_link,component-a4e00d7e6aa82111,test,False,10,84192,84192,84192,True,0.669013900479699,True,True,150.1995402,1.8265494,1.06
199,199,matched,True,True,secure_unique_chandra_irac_link,component-d4f5301725ab16bb,test,False,13,128222,128222,128222,True,0.24013314295610458,True,True,149.7445779,2.0274516,1.07
2,2,matched,True,True,secure_unique_chandra_irac_link,component-d4735e3a265e16ee,calibration,False,20,171510,171510,171510,True,1.1421765278580742,True,True,149.7391899,2.2205331,0.93
20,20,matched,True,True,secure_unique_chandra_irac_link,component-f5ca38f748a1d6ea,test,False,11,219669,219669,219669,True,0.19580511580475246,True,True,150.244637,2.4323268,1.09
200,200,unknown,False,False,secure_chandra_reference_missing_from_irac_catalog,component-27badc983df1780b,descriptive,False,13,,171638,171638,False,,False,False,150.1702268,2.2192405,1.469
2003,2003,matched,True,True,secure_unique_chandra_irac_link,component-77459b9b941bcb47,test,False,14,387272,387272,387272,True,0.5421743887848204,True,True,150.4233674,2.1331131,0.109
2007,2007,matched,True,True,secure_unique_chandra_irac_link,component-c3c39431e2d9ecc1,test,False,5,389295,389295,389295,True,0.987054723453399,True,True,150.4676066,2.199428,0.147
201,201,matched,True,True,secure_unique_chandra_irac_link,component-43974ed74066b207,test,False,14,216903,216903,216903,True,0.3980190804583353,True,True,150.0209212,2.4203235,1.4
2013,2013,matched,True,True,secure_unique_chandra_irac_link,component-7931aa2a1bed8554,test,False,11,75627,75627,75627,True,1.271141524941765,True,True,150.5956886,1.7875401,1.02
2016,2016,matched,True,True,secure_unique_chandra_irac_link,component-da6e2f539726fabd,test,False,11,231550,231550,231550,True,1.42494637303063,True,True,149.5825222,2.4846089,0.93
202,202,matched,True,True,secure_unique_chandra_irac_link,component-c17edaae86e4016a,test,False,18,240024,240024,240024,True,0.6179171913956579,True,True,150.1321903,2.5232427,1.48
2020,2020,matched,True,True,secure_unique_chandra_irac_link,component-73a2af8864fc500f,test,False,5,378672,378672,378672,True,0.8329048792250323,True,True,150.6429583,1.8366768,1.04
2021,2021,matched,False,True,secure_unique_chandra_irac_link,component-326697663428273c,excluded,True,9,37721,37721,37721,True,0.057366562135481615,True,True,150.3725627,1.6093965,1.03
2028,2028,matched,True,True,secure_unique_chandra_irac_link,component-6ae9e4d22c4670b9,test,False,13,39639,39639,39639,True,0.5105012374975182,True,True,150.5470301,1.6186942,1.04
203,203,matched,True,True,secure_unique_chandra_irac_link,component-4621c1d55fa4e86c,test,False,15,174769,174769,174769,True,0.9910325906730991,True,True,150.3177466,2.2339068,1.39
2036,2036,matched,True,True,secure_unique_chandra_irac_link,component-97b3e84b5db5f23c,test,False,10,100184,100184,100184,True,0.36735384552878236,True,True,150.739375,1.9016243,1.12
204,204,matched,True,True,secure_unique_chandra_irac_link,component-fc56dbc6d4652b31,test,False,13,273901,273901,273901,True,1.1663054575836136,True,True,150.5057042,2.6746519,1.3
2040,2040,matched,True,True,secure_unique_chandra_irac_link,component-df34d853f2f2f1f1,test,False,14,43556,43556,43556,True,0.5936293672162173,True,True,150.1395382,1.6366991,1.08
2043,2043,matched,True,True,secure_unique_chandra_irac_link,component-0dfcebf485c29dd6,calibration,False,21,73903,73903,73903,True,1.2083045568997222,True,True,150.6542009,1.7801009,1.1
2046,2046,matched,True,True,secure_unique_chandra_irac_link,component-396d4f132e76b12d,test,False,14,93136,93136,93136,True,0.7608793839623973,True,True,150.7621301,1.8692495,1.1
205,205,matched,True,True,secure_unique_chandra_irac_link,component-99fc593371e0a9ee,test,False,16,134226,134226,134226,True,1.9344443750728815,True,True,150.2612497,2.0548674,1.45
2050,2050,matched,True,True,secure_unique_chandra_irac_link,component-7850e83feab6c3cc,test,False,16,20511,20511,20511,True,0.6991280711935622,True,True,150.0641291,1.5294941,1.13
2051,2051,matched,True,True,secure_unique_chandra_irac_link,component-598a8e8a421360fd,calibration,False,19,133021,133021,133021,True,0.2974790730387248,True,True,150.4436052,2.0490513,0.97
2058,2058,matched,True,True,secure_unique_chandra_irac_link,component-e22e9c22f92b8273,test,False,15,124118,124118,124118,True,1.1103835828587671,True,True,150.4626552,2.0090586,1.01
206,206,matched,True,True,secure_unique_chandra_irac_link,component-97b947fde5e120c7,test,False,17,119583,119583,119583,True,1.8414268961801576,True,True,150.274331,1.9884306,1.56
2063,2063,matched,True,True,secure_unique_chandra_irac_link,component-e0ccc43c9b15159c,test,False,13,382403,382403,382403,True,1.028541408815303,True,True,150.5277402,1.9869084,0.3
207,207,matched,True,True,secure_unique_chandra_irac_link,component-968076be2e38cf89,test,False,8,288979,288979,288979,True,0.7698290959329447,True,True,150.6274688,2.7409682,1.05
2071,2071,matched,True,True,secure_unique_chandra_irac_link,component-0e5d294063003f2a,test,False,12,69134,69134,69134,True,2.0877922705510548,True,True,150.6216351,1.7579256,1.09
2072,2072,matched,True,True,secure_unique_chandra_irac_link,component-0e5d294063003f2a,test,False,17,71008,71008,71008,True,1.0821640894614586,True,True,150.6254599,1.7656018,1.14
2074,2074,matched,False,True,secure_unique_chandra_irac_link,component-fdeb52b52ad13ded,excluded,True,8,376719,376719,376719,True,0.9939922965269348,True,True,150.6887857,1.7571476,1.16
2076,2076,matched,True,True,secure_unique_chandra_irac_link,component-dd32f57818ca3be0,test,False,9,257364,257364,257364,True,1.241354151424427,True,True,149.6554262,2.6010451,0.99
2078,2078,matched,True,True,secure_unique_chandra_irac_link,component-d58cabc8303548b6,test,False,16,160833,160833,160833,True,0.4534432346743122,True,True,150.4223227,2.1753014,1.06
2080,2080,matched,True,True,secure_unique_chandra_irac_link,component-4e49800fbc3cefb7,test,False,10,48539,48539,48539,True,1.4099335638294364,True,True,150.6610886,1.6605054,1.21
2081,2081,matched,True,True,secure_unique_chandra_irac_link,component-995e6d18fd6dd12d,calibration,False,14,116905,116905,116905,True,1.512339030003794,True,True,150.6608761,1.975738,1.3
2083,2083,matched,True,True,secure_unique_chandra_irac_link,component-4e7a0668e1de434a,test,False,12,99408,99408,99408,True,1.035472450721611,True,True,150.730241,1.8981932,1.17
209,209,matched,True,True,secure_unique_chandra_irac_link,component-83f814f7a92e365c,calibration,False,14,225024,225024,225024,True,1.3619605944683193,True,True,150.1863203,2.4556435,1.6
2093,2093,matched,False,True,secure_unique_chandra_irac_link,component-2a6c953655edecaa,excluded,True,10,42067,42067,42067,True,1.672704715633099,True,True,150.6590614,1.6300002,1.16
2094,2094,ambiguous,False,False,chandra_identification_ambiguous,component-2a6c953655edecaa,excluded,False,8,,,372519,False,,False,False,150.6541337,1.6360085,1.444
2096,2096,matched,True,True,secure_unique_chandra_irac_link,component-b72653265c6bad29,test,False,7,145257,145257,145257,True,0.5732323588237727,True,True,150.559077,2.1056284,1.1
2099,2099,matched,True,True,secure_unique_chandra_irac_link,component-1aaf97e300d50bac,test,False,14,214725,214725,214725,True,0.4253529650396446,True,True,149.6601902,2.4110251,1.09
21,21,matched,True,True,secure_unique_chandra_irac_link,component-6f4b6612125fb3a0,test,False,10,252376,252376,252376,True,0.18012726246638194,True,True,150.2307713,2.5782289,1.04
210,210,matched,True,True,secure_unique_chandra_irac_link,component-d29d53701d3c859e,test,False,11,284930,284930,284930,True,0.3910150306457595,True,True,150.4055791,2.7233911,1.45
2105,2105,matched,True,True,secure_unique_chandra_irac_link,component-9c93522c01b6a1b5,test,False,19,105878,105878,105878,True,1.134452738297521,True,True,150.5809157,1.9269636,1.06
211,211,matched,True,True,secure_unique_chandra_irac_link,component-9192a6da484a38c1,test,False,17,261972,261972,261972,True,0.5875617388377489,True,True,150.1626633,2.6219294,1.4
2117,2117,matched,True,True,secure_unique_chandra_irac_link,component-23147de999739184,calibration,False,16,202577,202577,202577,True,0.8412241078540186,True,True,149.4628827,2.3566846,1.18
2118,2118,matched,True,True,secure_unique_chandra_irac_link,component-396d4f132e76b12d,test,False,17,92402,92402,92402,True,1.2572517651365482,True,True,150.7712252,1.8660197,1.25
2119,2119,matched,True,True,secure_unique_chandra_irac_link,component-20756d2b18a439fe,test,False,16,21635,21635,21635,True,0.5333905596439611,True,True,149.9781818,1.5350194,1.26
212,212,matched,True,True,secure_unique_chandra_irac_link,component-fa2b7af0a811b9ac,calibration,False,9,206975,206975,206975,True,0.4916270588905131,True,True,149.9934485,2.3770991,1.33
2128,2128,matched,True,True,secure_unique_chandra_irac_link,component-8f96a045c9a91a2d,calibration,False,11,132144,132144,132144,True,0.14027142149138652,True,True,150.7325278,2.0450163,1.2
2138,2138,matched,True,True,secure_unique_chandra_irac_link,component-b3773ecbf7494c6f,calibration,False,8,252478,252478,252478,True,1.1577293406406863,True,True,149.7033385,2.578293,1.04
214,214,matched,True,True,secure_unique_chandra_irac_link,component-802b906a18591ead,test,False,13,97631,97631,97631,True,0.843634478489296,True,True,150.1777108,1.889744,1.49
2147,2147,matched,True,True,secure_unique_chandra_irac_link,component-8ea8eb612f9362da,calibration,False,14,50450,50450,50450,True,0.7589015207559525,True,True,150.1819595,1.6690934,1.21
2148,2148,matched,True,True,secure_unique_chandra_irac_link,component-2c6499976963e983,calibration,False,17,165620,165620,165620,True,0.21390929565637132,True,True,150.378191,2.1963944,1.25
2152,2152,matched,True,True,secure_unique_chandra_irac_link,component-7e8250dfc4ecb839,test,False,8,378670,378670,378670,True,1.1167632203005844,True,True,150.6248422,1.8030414,1.14
2154,2154,matched,True,True,secure_unique_chandra_irac_link,component-9e3b6232cb7bd60e,test,False,20,209876,209876,209876,True,0.966362297568664,True,True,149.646066,2.3880424,1.14
216,216,matched,True,True,secure_unique_chandra_irac_link,component-0f4121d0ef1df4c8,test,False,8,93146,93146,93146,True,1.9689266264571577,True,True,150.24326,1.8686506,1.31
2166,2166,matched,True,True,secure_unique_chandra_irac_link,component-7bccba2d3a3f262c,calibration,False,16,245405,245405,245405,True,1.6496071308666442,True,True,149.4437365,2.5487397,1.17
2169,2169,matched,True,True,secure_unique_chandra_irac_link,component-e2135c76ca7863e5,calibration,False,20,50565,50565,50565,True,0.8494465332469623,True,True,150.6353689,1.6693326,1.32
217,217,matched,True,True,secure_unique_chandra_irac_link,component-4ac1f1038be3e5c5,test,False,10,161320,161320,161320,True,1.4539538893108583,True,True,149.8857561,2.1770548,1.6
2177,2177,matched,True,True,secure_unique_chandra_irac_link,component-457ea0359e0f4f03,calibration,False,15,92924,92924,92924,True,1.41287008938384,True,True,150.489634,1.8683423,1.12
2178,2178,matched,True,True,secure_unique_chandra_irac_link,component-1523b662871b049a,calibration,False,17,157033,157033,157033,True,0.8362725067258546,True,True,150.621673,2.1588237,1.12
2184,2184,matched,True,True,secure_unique_chandra_irac_link,component-8e4e975f902448d8,test,False,17,21735,21735,21735,True,0.34550283529972925,True,True,150.1752502,1.5352044,1.11
2186,2186,matched,True,True,secure_unique_chandra_irac_link,component-ec3f1e361fe23b5e,test,False,17,36056,36056,36056,True,1.0354151215632246,True,True,150.3360199,1.6012201,1.45
2187,2187,matched,True,True,secure_unique_chandra_irac_link,component-2d2c33c52e3df492,calibration,False,16,153892,153892,153892,True,0.7094536029947185,True,True,150.4519994,2.144722,1.22
219,219,matched,True,True,secure_unique_chandra_irac_link,component-43a1f4b59ca8d263,calibration,False,20,122860,122860,122860,True,0.8180690281689196,True,True,149.8657338,2.0029243,1.35
2191,2191,matched,True,True,secure_unique_chandra_irac_link,component-33cc6da30d940c4f,test,False,11,170552,170552,170552,True,0.3623806980922908,True,True,150.421274,2.2165567,1.2
2195,2195,matched,True,True,secure_unique_chandra_irac_link,component-5bc05e241527d767,test,False,13,140954,140954,140954,True,0.08019469947501745,True,True,150.4183315,2.08517,1.13
2199,2199,matched,True,True,secure_unique_chandra_irac_link,component-f36e2794472c13ef,test,False,17,16118,16118,16118,True,0.6151396468890917,True,True,150.0572458,1.5096227,1.54
22,22,matched,True,True,secure_unique_chandra_irac_link,component-785f3ec7eb32f30b,test,False,20,137145,137145,137145,True,0.6247148667457355,True,True,150.1945787,2.0678725,1.05
220,220,matched,True,True,secure_unique_chandra_irac_link,component-36790ecd55c2030d,test,False,13,297046,297046,297046,True,2.1057759885728933,True,True,150.3386475,2.7761389,1.41
2200,2200,matched,True,True,secure_unique_chandra_irac_link,component-2f8375d2a98f83f0,test,False,8,394189,394189,394189,True,0.5734935006576245,True,True,149.602121,2.3928178,1.24
2202,2202,ambiguous,False,False,multiple_chandra_sources,component-4e893a5e600e9e6d,descriptive,False,10,,121408,121408,False,,False,False,150.6530185,1.9967672,1.47
2204,2204,matched,True,True,secure_unique_chandra_irac_link,component-64a59348ff335a7e,test,False,18,200214,200214,200214,True,0.9194406332361759,True,True,149.6528827,2.3471534,1.23
2206,2206,matched,True,True,secure_unique_chandra_irac_link,component-153ebeeacf6b8a97,test,False,19,241047,241047,241047,True,0.8574462553728509,True,True,149.7655212,2.5278857,1.1
2207,2207,matched,True,True,secure_unique_chandra_irac_link,component-c838df5335c1eba2,test,False,15,43134,43134,43134,True,0.18360979336047648,True,True,150.3205988,1.6345334,1.15
2208,2208,matched,True,True,secure_unique_chandra_irac_link,component-6a175db84aeefddb,test,False,21,142715,142715,142715,True,0.5792630888419062,True,True,150.4746579,2.0939209,1.08
2209,2209,matched,True,True,secure_unique_chandra_irac_link,component-9e4067ac93c6febd,test,False,10,53104,53104,53104,True,0.7474512843789048,True,True,150.3201035,1.6816473,1.11
221,221,matched,True,True,secure_unique_chandra_irac_link,component-67e9c3acebb154a2,test,False,8,266241,266241,266241,True,0.6281696695419663,True,True,150.5550116,2.6409676,1.14
2210,2210,matched,True,True,secure_unique_chandra_irac_link,component-4321a844ee760ee6,calibration,False,19,153476,153476,153476,True,0.3612593482140467,True,True,150.4354718,2.1427921,1.35
2211,2211,matched,True,True,secure_unique_chandra_irac_link,component-ac1964eb089654e0,test,False,16,39841,39841,39841,True,0.8234077768162023,True,True,150.159793,1.6188484,1.19
2213,2213,matched,True,True,secure_unique_chandra_irac_link,component-88cf986449b61aeb,test,False,12,79086,79086,79086,True,1.5696119215297641,True,True,150.4847727,1.8032024,1.18
2216,2216,matched,True,True,secure_unique_chandra_irac_link,component-5b12bb4e8bd8bc9e,test,False,17,221780,221780,221780,True,0.710559538632845,True,True,149.6988161,2.4414356,1.22
2217,2217,matched,True,True,secure_unique_chandra_irac_link,component-1dffd68e5364ca23,test,False,13,251879,251879,251879,True,0.813694183208971,True,True,149.5754592,2.5758469,1.16
2218,2218,matched,True,True,secure_unique_chandra_irac_link,component-58763bceaddcad67,calibration,False,8,53108,53108,53108,True,0.7105136163887917,True,True,150.6113949,1.681256,1.29
2219,2219,matched,True,True,secure_unique_chandra_irac_link,component-52018340d5255b7d,calibration,False,14,140436,140436,140436,True,0.7648502516668365,True,True,150.4269629,2.0829679,1.14
222,222,matched,True,True,secure_unique_chandra_irac_link,component-9b871512327c09ce,test,False,21,76335,76335,76335,True,0.3535781905053158,True,True,149.9834094,1.7910316,1.3
2220,2220,matched,True,True,secure_unique_chandra_irac_link,component-230ad27c6e6e2766,calibration,False,8,39277,39277,39277,True,1.0037534620765887,True,True,150.1733393,1.6161831,1.24
2226,2226,matched,True,True,secure_unique_chandra_irac_link,component-cf2661b79280502b,test,False,16,107712,107712,107712,True,1.493430755178152,True,True,150.6066231,1.9352445,1.52
2228,2228,ambiguous,False,False,multiple_chandra_sources,component-3f14a60b7590cb27,descriptive,False,11,,39459,39459,False,,False,False,149.9862526,1.6169581,1.22
223,223,matched,True,True,secure_unique_chandra_irac_link,component-56f4da26ed956730,test,False,11,163471,163471,163471,True,1.7147308773936398,True,True,150.2118511,2.1865278,1.69
2232,2232,matched,True,True,secure_unique_chandra_irac_link,component-48fe0661615dd0a2,calibration,False,9,157671,157671,157671,True,0.5261461507674614,True,True,150.4844541,2.1619161,1.25
2234,2234,matched,True,True,secure_unique_chandra_irac_link,component-9b21b03d9048a5e6,test,False,17,228778,228778,228778,True,0.9846461996879732,True,True,149.6108937,2.4715908,1.21
2235,2235,matched,True,True,secure_unique_chandra_irac_link,component-b60300641c365f1d,calibration,False,8,31908,31908,31908,True,1.3636202168155676,True,True,150.7212062,1.5827543,1.41
2236,2236,matched,True,True,secure_unique_chandra_irac_link,component-740c59b88403e9ba,test,False,13,33129,,33129,True,3.3469572069715943,False,True,150.7113127,1.5884844,1.62
2237,2237,matched,False,True,secure_unique_chandra_irac_link,component-590c8b2c61aed941,excluded,True,14,219384,219384,219384,True,0.8600296777548345,True,True,149.7678506,2.4312781,1.2
2239,2239,matched,False,True,secure_unique_chandra_irac_link,component-135da95b47f9d930,excluded,True,3,379913,379913,379913,True,0.46550383204427553,True,True,150.5396088,1.8735882,0.523
2244,2244,matched,True,True,secure_unique_chandra_irac_link,component-8698df0ec492e502,test,False,14,146602,146602,146602,True,0.22974360230497873,True,True,150.373555,2.1119733,1.2
2246,2246,matched,True,True,secure_unique_chandra_irac_link,component-f6903a126cfb9fc6,test,False,13,146449,146449,146449,True,0.40220895916358146,True,True,150.5957877,2.1110234,1.26
2248,2248,matched,True,True,secure_unique_chandra_irac_link,component-c96d630ec3a16ba4,test,False,17,49617,49617,49617,True,0.3127769632024059,True,True,150.2316002,1.6652006,1.37
2249,2249,matched,True,True,secure_unique_chandra_irac_link,component-82c7725c70dc3411,test,False,13,69301,69301,69301,True,0.49648770094520117,True,True,150.2592176,1.7570955,1.24
225,225,matched,True,True,secure_unique_chandra_irac_link,component-1279b67b564587ff,calibration,False,10,392155,392155,392155,True,1.0774182537615944,True,True,150.2168167,2.3287669,0.796
2258,2258,matched,True,True,secure_unique_chandra_irac_link,component-ea215720034a4c30,calibration,False,15,201785,201785,201785,True,0.3599194573799405,True,True,149.6116364,2.3537292,1.33
2261,2261,matched,True,True,secure_unique_chandra_irac_link,component-2206b111c94d5ad8,test,False,9,140743,140743,140743,True,0.5533339153043234,True,True,150.6828083,2.0839321,1.29
2265,2265,matched,True,True,secure_unique_chandra_irac_link,component-10fc5d072454fbc1,test,False,9,53742,53742,53742,True,0.9136305128002281,True,True,150.0518028,1.6825051,1.32
227,227,matched,True,True,secure_unique_chandra_irac_link,component-dfe62e836a0a6f26,test,False,18,164337,164337,164337,True,1.0909563866285799,True,True,150.0646444,2.1906234,1.588
2276,2276,matched,True,True,secure_unique_chandra_irac_link,component-131127203c89e821,test,False,15,70809,70809,70809,True,1.0732500276714776,True,True,150.5353252,1.7649574,1.35
228,228,matched,True,True,secure_unique_chandra_irac_link,component-9d693eeee1d1899c,test,False,16,232340,232340,232340,True,0.8076937056586374,True,True,150.2524242,2.48627,1.58
2280,2280,matched,True,True,secure_unique_chandra_irac_link,component-27bb55ca7d1e8404,test,False,17,205859,205859,205859,True,0.6323141730832902,True,True,149.6317835,2.3713914,1.4
2282,2282,matched,True,True,secure_unique_chandra_irac_link,component-8b4b1582ca4555a5,test,False,12,116928,116928,116928,True,1.5401340516415722,True,True,150.5744753,1.9766366,1.41
2289,2289,matched,True,True,secure_unique_chandra_irac_link,component-b830921ffa705bdb,test,False,7,72403,72403,72403,True,0.9808100968743528,True,True,150.4915614,1.7728388,1.42
229,229,matched,True,True,secure_unique_chandra_irac_link,component-08490295488a1189,test,False,18,197554,197554,197554,True,0.17933418737193507,True,True,149.691079,2.3355882,1.32
2290,2290,matched,True,True,secure_unique_chandra_irac_link,component-808c9cfebd38d4d9,test,False,12,380867,380867,380867,True,0.5926412568338028,True,True,150.6288429,1.9225317,1.52
2291,2291,matched,True,True,secure_unique_chandra_irac_link,component-5b0c8f908a1227ce,test,False,18,164003,164003,164003,True,0.8099473266085682,True,True,150.5319486,2.1887228,1.2
2299,2299,matched,True,True,secure_unique_chandra_irac_link,component-84b564f96061f242,test,False,13,60749,60749,60749,True,1.7671552866059814,True,True,150.3760326,1.7177511,1.35
23,23,matched,True,True,secure_unique_chandra_irac_link,component-4d6be77ea7745432,test,False,13,194053,194053,194053,True,0.37273428421854593,True,True,149.7898388,2.321191,0.98
230,230,matched,True,True,secure_unique_chandra_irac_link,component-a0eaec5a55dc2f5b,test,False,11,170998,170998,170998,True,1.2571227814708215,True,True,149.9606918,2.2185881,1.66
2309,2309,matched,True,True,secure_unique_chandra_irac_link,component-e0b08ad65f5b6f6b,calibration,False,15,249947,249947,249947,True,1.8042719340933242,True,True,149.7774324,2.5674097,1.3
231,231,matched,True,True,secure_unique_chandra_irac_link,component-2aa83195556beb86,calibration,False,17,276954,276954,276954,True,1.5922596068621415,True,True,150.0453395,2.6881057,1.36
2318,2318,matched,True,True,secure_unique_chandra_irac_link,component-edbf8a7109ded44c,test,False,17,75111,75111,75111,True,1.2819704715648763,True,True,150.7576442,1.7856554,1.48
233,233,matched,True,True,secure_unique_chandra_irac_link,component-c0509a487a18b003,test,False,13,261832,261832,261832,True,0.3980393097932357,True,True,150.1799648,2.621361,1.396
2333,2333,matched,True,True,secure_unique_chandra_irac_link,component-124640bf2792a0cd,test,False,14,62174,62174,62174,True,1.6878985598703702,True,True,149.9916487,1.7238417,1.52
2334,2334,matched,True,True,secure_unique_chandra_irac_link,component-44d39c6e5e7b45bf,test,False,17,118933,118933,118933,True,0.8933972456141182,True,True,150.7426521,1.9860839,1.64
2335,2335,matched,True,True,secure_unique_chandra_irac_link,component-de74413100cf58e0,calibration,False,14,29697,29697,29697,True,0.6147864887898586,True,True,150.3841411,1.5724763,1.32
2336,2336,matched,True,True,secure_unique_chandra_irac_link,component-100e667d1f4c2509,calibration,False,12,71760,71760,71760,True,2.11152064996569,True,True,150.6022876,1.7689283,1.58
234,234,matched,True,True,secure_unique_chandra_irac_link,component-114bd151f8fb0c58,test,False,14,242025,242025,242025,True,0.8575481071184347,True,True,150.5051303,2.5308583,1.59
2340,2340,matched,True,True,secure_unique_chandra_irac_link,component-f15a3a5d34619f23,calibration,False,8,19825,19825,19825,True,0.3660596121649772,True,True,150.4995077,1.5265359,1.65
2342,2342,matched,True,True,secure_unique_chandra_irac_link,component-93a2b2c622983580,test,False,9,25257,25257,25257,True,0.6581820222655447,True,True,150.0338144,1.5516781,1.45
2344,2344,matched,True,True,secure_unique_chandra_irac_link,component-3b5aa0daf8ef42ee,calibration,False,8,41089,41089,41089,True,1.4632353835593284,True,True,150.7325367,1.6253745,1.61
235,235,matched,True,True,secure_unique_chandra_irac_link,component-0a2d643bfd24a028,test,False,15,214214,214214,214214,True,0.19873938776367298,True,True,149.8584383,2.4091801,1.255
2352,2352,matched,True,True,secure_unique_chandra_irac_link,component-e38ce65f50a80a11,test,False,12,228356,228356,228356,True,0.6963051814861437,True,True,149.7507276,2.46983,1.17
2353,2353,matched,True,True,secure_unique_chandra_irac_link,component-a3d501a5be543bd4,test,False,13,214912,214912,214912,True,0.7226416379718024,True,True,149.6885276,2.4119911,1.45
2359,2359,matched,True,True,secure_unique_chandra_irac_link,component-ea2c89be738f88dc,test,False,14,215590,215590,215590,True,0.3616589805932328,True,True,149.5018051,2.414628,1.38
236,236,matched,True,True,secure_unique_chandra_irac_link,component-9a049b03f6fc40bf,test,False,13,240487,240487,240487,True,1.012122050827495,True,True,150.4157138,2.5255544,1.59
2361,2361,matched,True,True,secure_unique_chandra_irac_link,component-f5ea2dd1e63e7252,test,False,15,107718,107718,107718,True,0.7414545790957338,True,True,150.430809,1.9353222,1.29
2365,2365,matched,True,True,secure_unique_chandra_irac_link,component-cfa8624c2d1e3c8c,test,False,15,105717,105717,105717,True,1.535281188017627,True,True,150.5193266,1.9266829,1.56
237,237,matched,True,True,secure_unique_chandra_irac_link,component-f0bc318fb8965cad,test,False,12,177851,177851,177851,True,2.271315036222747,True,True,150.1825281,2.2474814,1.69
2370,2370,matched,True,True,secure_unique_chandra_irac_link,component-d0a8a882c042eea0,calibration,False,13,128621,128621,128621,True,0.86005329831877,True,True,150.6680406,2.0295749,1.42
238,238,matched,True,True,secure_unique_chandra_irac_link,component-8ae4c23b80d1e7c8,test,False,13,294350,294350,294350,True,1.9627628207101715,True,True,150.4424943,2.7639546,1.72
2382,2382,matched,True,True,secure_unique_chandra_irac_link,component-9f4ea8281f1dce48,calibration,False,11,116930,116930,116930,True,1.9720240643536242,True,True,150.459966,1.9769763,1.5
2386,2386,matched,True,True,secure_unique_chandra_irac_link,component-63a7db0259ce35e5,calibration,False,11,398180,398180,398180,True,0.8503555505797711,True,True,149.7331197,2.5113319,0.575
2387,2387,matched,True,True,secure_unique_chandra_irac_link,component-21694999947ce99b,test,False,18,128617,128617,128617,True,1.1075279318306943,True,True,150.5103577,2.0293686,1.42
239,239,matched,True,True,secure_unique_chandra_irac_link,component-79bf08685d3138f9,test,False,10,325440,325440,325440,True,2.1461102238070167,True,True,150.3972083,2.9019412,1.9
2390,2390,matched,True,True,secure_unique_chandra_irac_link,component-22492061879a16b9,test,False,8,397528,397528,397528,True,1.3664160235931506,True,True,149.6475331,2.5104191,1.46
2391,2391,matched,True,True,secure_unique_chandra_irac_link,component-2120ea176dd154dd,test,False,12,50031,50031,50031,True,0.2571432523767931,True,True,150.3076714,1.6668669,1.33
2394,2394,matched,True,True,secure_unique_chandra_irac_link,component-456d12e33d0edb0e,test,False,14,153698,153698,153698,True,0.3023273643860221,True,True,150.3647008,2.143705,1.46
2396,2396,matched,True,True,secure_unique_chandra_irac_link,component-8b49203c3d36d3f6,test,False,11,266448,266448,266448,True,0.40469521347927606,True,True,149.4778436,2.64241,1.88
2397,2397,matched,True,True,secure_unique_chandra_irac_link,component-f48a79669569dd3b,calibration,False,14,134869,134869,134869,True,0.265276194038483,True,True,150.5358018,2.0578147,1.4
24,24,matched,True,True,secure_unique_chandra_irac_link,component-c2356069e9d1e79c,test,False,14,241583,241583,241583,True,0.4840129784869373,True,True,150.1025671,2.530383,1.08
240,240,matched,True,True,secure_unique_chandra_irac_link,component-6a7bb4510c2dff3f,test,False,18,156739,156739,156739,True,2.6033440710346767,True,True,150.0030587,2.1569762,1.97
2407,2407,matched,True,True,secure_unique_chandra_irac_link,component-957b4de48fd8d8a8,test,False,10,212295,212295,212295,True,0.5365870665693018,True,True,149.4812036,2.4002507,1.47
2408,2408,matched,True,True,secure_unique_chandra_irac_link,component-9634da78e7f126b6,test,False,14,123793,123793,123793,True,0.5091011507705765,True,True,150.6369859,2.0077129,1.68
2409,2409,matched,True,True,secure_unique_chandra_irac_link,component-9634da78e7f126b6,test,False,15,122752,122752,122752,True,1.8527839805114692,True,True,150.6309604,2.0025164,1.84
241,241,matched,True,True,secure_unique_chandra_irac_link,component-384459bd7209e2a2,calibration,False,8,207767,207767,207767,True,0.5031440984442228,True,True,150.0579421,2.3805208,1.76
2410,2410,matched,True,True,secure_unique_chandra_irac_link,component-d896af65d5b6b013,test,False,8,226006,226006,226006,True,1.6323843397559343,True,True,149.6284355,2.4596897,1.61
2413,2413,matched,True,True,secure_unique_chandra_irac_link,component-bcf1b6a7a986e20e,test,False,10,32587,32587,32587,True,0.5826999716634113,True,True,150.1175577,1.5856032,1.82
2414,2414,matched,True,True,secure_unique_chandra_irac_link,component-e1fee01ee26d2646,test,False,15,392586,392586,392586,True,0.6081413745181229,True,True,149.5885889,2.3433655,1.44
2416,2416,ambiguous,False,False,multiple_chandra_sources,component-0edcd7f37d75330b,descriptive,False,14,,30323,30323,False,,False,False,150.4992717,1.575934,1.39
242,242,matched,True,True,secure_unique_chandra_irac_link,component-14063697603e22d6,calibration,False,14,151412,151412,151412,True,0.7305123979608396,True,True,150.165787,2.1335521,1.52
2421,2421,matched,True,True,secure_unique_chandra_irac_link,component-729830e85be541a1,calibration,False,8,207726,207726,207726,True,0.4492803470280802,True,True,149.5289731,2.3801774,1.55
2422,2422,matched,True,True,secure_unique_chandra_irac_link,component-457ea0359e0f4f03,calibration,False,13,91400,91400,91400,True,1.401990171473866,True,True,150.4973504,1.8613604,1.35
2425,2425,matched,True,True,secure_unique_chandra_irac_link,component-884787790b634bcd,test,False,12,398697,398697,398697,True,1.855756700497374,True,True,149.6412112,2.4765457,1.58
2429,2429,matched,True,True,secure_unique_chandra_irac_link,component-a5a2b61e6d380d20,calibration,False,12,59985,59985,59985,True,1.256562623882064,True,True,150.4022615,1.7144288,1.75
243,243,matched,True,True,secure_unique_chandra_irac_link,component-72440a20f54075ac,calibration,False,16,258470,258470,258470,True,0.5681892085359362,True,True,150.5428466,2.6058957,1.28
2433,2433,matched,True,True,secure_unique_chandra_irac_link,component-521ea9c60b025d7a,test,False,11,17184,17184,17184,True,2.307038387776314,True,True,150.1729227,1.5142461,1.54
2434,2434,matched,True,True,secure_unique_chandra_irac_link,component-6fd9a41894eeed8d,test,False,14,66382,66382,66382,True,1.2841140423480875,True,True,150.0501111,1.7442051,1.51
2435,2435,matched,True,True,secure_unique_chandra_irac_link,component-1d234b0fe9253354,test,False,15,392176,392176,392176,True,0.251796730481677,True,True,149.5730037,2.3273298,1.53
2436,2436,matched,True,True,secure_unique_chandra_irac_link,component-14326baf59373fee,test,False,16,15443,,15443,True,3.097541241604902,False,True,150.1314017,1.5057084,2.26
2439,2439,matched,True,True,secure_unique_chandra_irac_link,component-d376881f5bd00764,calibration,False,16,45560,45560,45560,True,1.5812898553298311,True,True,150.3872359,1.6466902,1.28
2440,2440,matched,True,True,secure_unique_chandra_irac_link,component-014e9fb03ec3e152,test,False,17,69729,69729,69729,True,2.7167087263484455,True,True,150.6717461,1.7608536,1.69
2447,2447,matched,True,True,secure_unique_chandra_irac_link,component-cb815acba4ed6bc9,test,False,9,267854,267854,267854,True,0.584951048374432,True,True,149.5190915,2.648156,1.31
2448,2448,matched,True,True,secure_unique_chandra_irac_link,component-80d1f44e05395f8b,calibration,False,14,79916,79886,79886,True,2.346318593294442,False,False,150.2221266,1.8069098,1.55
245,245,matched,True,True,secure_unique_chandra_irac_link,component-011af72a910ac4ac,test,False,17,196353,196353,196353,True,0.5356497680382739,True,True,150.2541317,2.3305208,1.69
246,246,matched,True,True,secure_unique_chandra_irac_link,component-37c20f19f3272b5c,test,False,12,233697,233697,233697,True,1.257149160538917,True,True,150.0512828,2.4940343,1.68
2461,2461,matched,True,True,secure_unique_chandra_irac_link,component-db2e1d85b6f119bb,test,False,17,205202,205202,205202,True,0.99044453242371,True,True,150.3488086,2.3686247,1.732
2464,2464,matched,True,True,secure_unique_chandra_irac_link,component-764228040735fc94,test,False,15,159169,159169,159169,True,0.9941536082695192,True,True,150.5401256,2.1676988,1.34
2465,2465,matched,True,True,secure_unique_chandra_irac_link,component-3045ad039274b9fc,calibration,False,12,96924,96924,96924,True,1.7684325955417177,True,True,150.6945874,1.8873349,1.61
247,247,matched,True,True,secure_unique_chandra_irac_link,component-e1c57f7f848edf6c,test,False,8,181557,181557,181557,True,1.4954316393409315,True,True,150.1416533,2.265142,1.68
2472,2472,matched,True,True,secure_unique_chandra_irac_link,component-1ab6078431739cd9,test,False,15,27261,27261,27261,True,0.955620726571286,True,True,150.5197042,1.5609754,1.67
2473,2473,matched,True,True,secure_unique_chandra_irac_link,component-b359f3a61109f58e,test,False,19,116827,116827,116827,True,1.4607766442375325,True,True,150.4177502,1.976985,1.43
2474,2474,matched,True,True,secure_unique_chandra_irac_link,component-263522fa27768a70,test,False,3,371893,371893,371893,True,0.605447085166401,True,True,150.077684,1.5945822,1.047
248,248,matched,False,True,secure_unique_chandra_irac_link,component-3d602a17fe11e9d1,excluded,True,9,148267,148267,148267,True,0.5800479724176548,True,True,150.1960751,2.1191267,1.63
2480,2480,matched,True,True,secure_unique_chandra_irac_link,component-18167da210996cf3,test,False,14,79931,79931,79931,True,1.6613591976018374,True,True,150.7562136,1.8069437,1.69
2483,2483,matched,True,True,secure_unique_chandra_irac_link,component-530f967e2a24e5ab,test,False,16,130690,130690,130690,True,0.793489480086219,True,True,150.5268293,2.0385791,1.54
2484,2484,matched,True,True,secure_unique_chandra_irac_link,component-a2b00e8a452d83bf,test,False,13,16277,16277,16277,True,0.955422730489786,True,True,150.307983,1.5096759,1.91
2487,2487,matched,True,True,secure_unique_chandra_irac_link,component-387c447c4e950316,test,False,13,130258,130258,130258,True,0.31975307487368565,True,True,150.5603701,2.0370108,1.66
2488,2488,matched,True,True,secure_unique_chandra_irac_link,component-15e922d2d8a00b9a,test,False,12,193179,193179,193179,True,1.29089442518468,True,True,149.5507842,2.3167393,1.65
2489,2489,matched,True,True,secure_unique_chandra_irac_link,component-9a1cfcffdce419d6,test,False,14,258558,258558,258558,True,1.3831338119108931,True,True,149.6963612,2.6055575,1.26
249,249,matched,True,True,secure_unique_chandra_irac_link,component-9f484139a27415ae,test,False,17,153985,153985,153985,True,0.5437334970144189,True,True,150.0959727,2.1450345,1.53
25,25,matched,True,True,secure_unique_chandra_irac_link,component-b7a56873cd771f2c,calibration,False,14,145196,145196,145196,True,0.5624310700115872,True,True,150.1020617,2.1053472,1.1
250,250,matched,True,True,secure_unique_chandra_irac_link,component-1e472b39b105d349,calibration,False,15,196026,196026,196026,True,0.5242133874174373,True,True,150.0645343,2.3292159,1.8
2501,2501,matched,True,True,secure_unique_chandra_irac_link,component-dafff407d7450f62,calibration,False,10,103402,103402,103402,True,1.4723643789472638,True,True,150.6912522,1.9166848,1.66
2504,2504,matched,True,True,secure_unique_chandra_irac_link,component-425d61997bf9249a,test,False,8,27864,27864,27864,True,0.3706329571137908,True,True,150.5825394,1.5637687,1.85
2507,2507,unknown,False,False,no_chandra_xmm_mapping,component-ecb80fffef1947a5,descriptive,False,13,,,26126,False,,False,False,150.7172626,1.5551902,1.78
2509,2509,matched,True,True,secure_unique_chandra_irac_link,component-fd98aa9d9cc36596,test,False,20,54565,54565,54565,True,0.35391011049689536,True,True,149.8807734,1.6885521,1.54
2514,2514,matched,True,True,secure_unique_chandra_irac_link,component-2d98306af4dba363,calibration,False,10,61164,61164,61164,True,0.28936080728512853,True,True,150.3602526,1.7199735,1.23
2518,2518,matched,True,True,secure_unique_chandra_irac_link,component-00e2c609b4339c40,test,False,16,66828,66828,66828,True,2.5947300221991862,True,True,150.489739,1.7461448,1.69
2519,2519,matched,True,True,secure_unique_chandra_irac_link,component-0322afb553ec2b3f,test,False,12,31986,31986,31986,True,1.1960765877679969,True,True,150.0700374,1.5825568,1.95
252,252,matched,True,True,secure_unique_chandra_irac_link,component-d6e5a20b30f87216,calibration,False,17,247887,247887,247887,True,1.6880431641594873,True,True,150.4276916,2.558235,1.61
2522,2522,unknown,False,False,no_chandra_xmm_mapping,component-58180bb12beb55a4,descriptive,False,9,,,395562,False,,False,False,149.3679494,2.4274156,2.17
2528,2528,matched,True,True,secure_unique_chandra_irac_link,component-9cfa506f35be6fa0,test,False,13,386096,386096,386096,True,1.0951180170999149,True,True,150.6438452,2.118786,1.49
2529,2529,matched,True,True,secure_unique_chandra_irac_link,component-ed5667b58b1a8134,calibration,False,20,371720,371720,371720,True,0.7555942423068176,True,True,150.6678223,1.6166017,1.75
253,253,matched,True,True,secure_unique_chandra_irac_link,component-e7866fdc6672f827,test,False,8,145762,145762,145762,True,0.9803168948796002,True,True,150.0468777,2.1081241,1.53
2530,2530,matched,True,True,secure_unique_chandra_irac_link,component-0e1a3aec7fd93fa5,test,False,13,400107,,,True,2.2842889923819163,False,False,149.6043372,2.5869465,0.639
2532,2532,matched,True,True,secure_unique_chandra_irac_link,component-6cf5896600cbb072,calibration,False,9,151322,151322,151322,True,0.7312382857009809,True,True,150.3531775,2.1330236,1.5
2538,2538,matched,True,True,secure_unique_chandra_irac_link,component-d41faf2b02624edb,test,False,22,59835,59835,59835,True,0.9470967845161928,True,True,150.158053,1.7134441,1.75
254,254,matched,True,True,secure_unique_chandra_irac_link,component-9512d95d00d61bde,calibration,False,20,202945,202945,202945,True,2.1778345645407162,True,True,150.0307991,2.358371,1.56
2543,2543,matched,True,True,secure_unique_chandra_irac_link,component-887846b0aa6af194,test,False,15,153005,153005,153005,True,0.8283875587045012,True,True,150.3435868,2.1404188,1.54
2544,2544,matched,True,True,secure_unique_chandra_irac_link,component-18177338c3669a13,test,False,12,29402,29402,29402,True,0.3361582054125942,True,True,150.2311396,1.5711722,1.52
2546,2546,matched,True,True,secure_unique_chandra_irac_link,component-1ea65ea38f2f574b,test,False,9,224631,224631,224631,True,0.6657092541969484,True,True,149.7300514,2.4537663,1.43
2547,2547,matched,True,True,secure_unique_chandra_irac_link,component-c2d735ed61274b73,test,False,14,66259,,66259,True,2.8962413137701515,False,True,150.2803802,1.743175,1.88
255,255,matched,True,True,secure_unique_chandra_irac_link,component-9556b82499cc0aaf,calibration,False,17,168909,168909,168909,True,1.2263680358339082,True,True,150.0666633,2.2101032,2.37
2551,2551,matched,True,True,secure_unique_chandra_irac_link,component-8d99af9470d4a657,calibration,False,12,54885,54885,54885,True,1.10518435388731,True,True,150.2205953,1.6901423,1.8
2554,2554,matched,True,True,secure_unique_chandra_irac_link,component-c344fdf40e328b78,test,False,12,257041,257041,257041,True,0.9167048331760408,True,True,149.6350337,2.5989838,1.34
2557,2557,matched,True,True,secure_unique_chandra_irac_link,component-0844b610d6b7b1ee,test,False,9,125367,125367,125367,True,1.4504576240504055,True,True,150.4221714,2.0143212,1.31
256,256,matched,True,True,secure_unique_chandra_irac_link,component-51e8ea280b44e169,test,False,17,77049,77049,77049,True,0.2763003500458149,True,True,150.1950252,1.7937104,1.46
2568,2568,matched,True,True,secure_unique_chandra_irac_link,component-9028dce6614eb1f7,test,False,11,97194,97194,97194,True,1.609466762130914,True,True,150.7227076,1.8880982,1.95
257,257,matched,True,True,secure_unique_chandra_irac_link,component-4c970004b0678d43,test,False,14,197484,197484,197484,True,0.6563909483406759,True,True,149.932296,2.3352953,1.51
2570,2570,matched,True,True,secure_unique_chandra_irac_link,component-72d2a66b314bb6dc,test,False,17,130645,130645,130645,True,0.9962312586168574,True,True,150.6518419,2.0381819,1.62
2576,2576,matched,False,True,secure_unique_chandra_irac_link,component-29a46f1a4dcbd0a2,excluded,True,19,53431,53431,53431,True,2.1366657283672468,True,True,150.4269592,1.6830706,1.41
2578,2578,matched,True,True,secure_unique_chandra_irac_link,component-b1ac3a14adbfd6d9,calibration,False,15,253357,253357,253357,True,2.218032870927646,True,True,149.4772997,2.5830225,1.54
2579,2579,matched,True,True,secure_unique_chandra_irac_link,component-4235d033441def62,test,False,19,68131,68131,68131,True,2.390980018496419,True,True,150.604696,1.753771,1.54
258,258,matched,True,True,secure_unique_chandra_irac_link,component-6dfcf71c283de984,calibration,False,14,243002,243002,243002,True,0.4723820637714953,True,True,150.2271193,2.5375256,1.59
2582,2582,matched,True,True,secure_unique_chandra_irac_link,component-8fc750f6d3872708,test,False,14,227755,227755,227755,True,1.8103473651010762,True,True,149.6203218,2.4674221,1.67
2588,2588,matched,True,True,secure_unique_chandra_irac_link,component-d3911d52eb835203,test,False,14,127590,127590,127590,True,1.9891600483736398,True,True,150.7441538,2.0245388,2.14
259,259,matched,True,True,secure_unique_chandra_irac_link,component-384459bd7209e2a2,calibration,False,12,206332,206332,206332,True,1.8241745074579125,True,True,150.0566762,2.3732709,1.88
2594,2594,matched,True,True,secure_unique_chandra_irac_link,component-8f87edbf7e3fbfba,test,False,14,230128,230128,230128,True,0.8680964757343644,True,True,149.688226,2.4780705,1.73
2595,2595,matched,True,True,secure_unique_chandra_irac_link,component-4a81bf42d193fd4a,test,False,17,122173,122173,122173,True,0.6493279704513558,True,True,150.8019729,2.000711,1.94
2597,2597,matched,True,True,secure_unique_chandra_irac_link,component-d82d37806d0ad0c5,test,False,14,74452,74452,74452,True,1.6626809694061846,True,True,150.2437568,1.7819149,1.51
2598,2598,matched,True,True,secure_unique_chandra_irac_link,component-893cb5b1a02d4dca,test,False,14,60348,60348,60348,True,1.93688652718709,True,True,150.6307943,1.7159876,1.93
26,26,matched,True,True,secure_unique_chandra_irac_link,component-5f9c4ab08cac7457,calibration,False,14,277327,277327,277327,True,0.5011222690272304,True,True,150.3996492,2.6883377,1.13
2602,2602,matched,True,True,secure_unique_chandra_irac_link,component-a24e43b7765e445a,test,False,14,57197,57197,57197,True,1.0216621701316635,True,True,150.2675669,1.700686,1.86
2608,2608,matched,False,True,secure_unique_chandra_irac_link,component-d5eaa6c528033fa8,excluded,True,19,136854,136854,136854,True,0.5302827028752252,True,True,150.4249196,2.0660287,1.53
2609,2609,matched,True,True,secure_unique_chandra_irac_link,component-b171875a25de1c92,calibration,False,10,243745,243745,243745,True,1.7637227373163091,True,True,149.7210037,2.5404014,1.25
261,261,matched,True,True,secure_unique_chandra_irac_link,component-79419411f2e6dad2,test,False,10,393992,393992,393992,True,1.2560996032549014,True,True,150.5323364,2.3761318,0.479
2610,2610,matched,True,True,secure_unique_chandra_irac_link,component-9d45a4710a9abc4e,test,False,15,58835,58835,58835,True,0.6268076890584509,True,True,150.5503309,1.7091379,1.34
2613,2613,matched,True,True,secure_unique_chandra_irac_link,component-c3cef2b615f9980e,test,False,15,134900,134900,134900,True,1.0216292259716933,True,True,150.5061265,2.0584175,1.46
2614,2614,matched,True,True,secure_unique_chandra_irac_link,component-a80043e41f8701eb,test,False,11,40814,40814,40814,True,2.1740646963976276,True,True,150.5693955,1.6238449,1.72
262,262,matched,True,True,secure_unique_chandra_irac_link,component-bf6ef58a28db4a93,test,False,13,236102,236102,236102,True,0.7752874822841637,True,True,149.8823313,2.5052378,1.249
2622,2622,matched,True,True,secure_unique_chandra_irac_link,component-e72b940daec83214,test,False,10,385943,385943,385943,True,1.2956854566053053,True,True,150.3238998,2.1003209,1.125
263,263,matched,True,True,secure_unique_chandra_irac_link,component-4be84111a613654b,test,False,16,391854,391854,391854,True,1.0394803644506014,True,True,150.5189061,2.3207266,1.24
2637,2637,matched,True,True,secure_unique_chandra_irac_link,component-4dc4e583a1ec69c4,test,False,12,120837,120837,120837,True,1.8088427536794258,True,True,150.612179,1.9939283,1.62
2639,2639,matched,True,True,secure_unique_chandra_irac_link,component-b0981fa41b7abd6f,calibration,False,13,215872,215872,215872,True,0.48133275416550203,True,True,149.6424504,2.4160678,2.21
264,264,matched,True,True,secure_unique_chandra_irac_link,component-1279b67b564587ff,calibration,False,13,194567,194567,194567,True,1.4117137281211856,True,True,150.2147423,2.3228952,1.52
2642,2642,matched,True,True,secure_unique_chandra_irac_link,component-25e4150d8ad59bee,test,False,13,143409,143409,143409,True,1.5903560775873185,True,True,150.5892709,2.0966729,1.72
2644,2644,unknown,False,False,no_chandra_xmm_mapping,component-70c766cb85e3b1d3,descriptive,False,15,,14545,14545,False,,False,False,150.6251531,1.5019894,2.18
2645,2645,matched,True,True,secure_unique_chandra_irac_link,component-c63bd0d975c69098,test,False,16,185340,185340,185340,True,0.2761879104301024,True,True,150.3016662,2.2821439,1.632
2646,2646,matched,True,True,secure_unique_chandra_irac_link,component-a0869c71d5d3edb2,test,False,19,34844,34844,34844,True,0.2642084180914718,True,True,150.6205134,1.5957113,1.8
265,265,matched,True,True,secure_unique_chandra_irac_link,component-768b84ef05f655d5,calibration,False,17,69562,69562,69562,True,0.739249844358284,True,True,150.1763488,1.7595371,1.32
2650,2650,matched,True,True,secure_unique_chandra_irac_link,component-00150bc11aeeaa3c,test,False,11,276272,276272,276272,True,1.9089689831464323,True,True,149.5977854,2.6852467,1.12
2651,2651,matched,True,True,secure_unique_chandra_irac_link,component-396019fec61a590d,test,False,15,156511,156511,156511,True,0.8112636250338937,True,True,150.7336996,2.1563019,1.36
2653,2653,matched,True,True,secure_unique_chandra_irac_link,component-862952ddccaf02d8,test,False,17,180975,180975,180975,True,1.2289975907530217,True,True,149.6215689,2.2622126,2.13
2655,2655,matched,True,True,secure_unique_chandra_irac_link,component-9c55b07c46330c66,calibration,False,9,86076,86076,86076,True,0.6512055119934905,True,True,150.5683437,1.8357241,2.05
2656,2656,matched,True,True,secure_unique_chandra_irac_link,component-cf3b763a62724306,calibration,False,9,159566,159566,159566,True,1.0723047683266103,True,True,150.7166507,2.1685095,1.47
266,266,matched,True,True,secure_unique_chandra_irac_link,component-ea5b27556fbb134d,test,False,9,240624,240624,240624,True,0.7900647204755008,True,True,150.2521018,2.5258517,1.59
2661,2661,ambiguous,False,False,chandra_identification_ambiguous,component-5d7ff90d7dbc5fd2,descriptive,False,7,,,369981,False,,False,False,150.3227017,1.5289281,1.373
2668,2668,matched,True,True,secure_unique_chandra_irac_link,component-e6323c6f35f6487e,test,False,12,23335,23335,23335,True,0.6837783728678702,True,True,150.2475256,1.5425366,1.65
2669,2669,ambiguous,False,False,multiple_chandra_sources,component-21b79132f1fc2214,excluded,False,13,,,,False,,False,False,150.7701759,1.7079408,2.745
2673,2673,matched,True,True,secure_unique_chandra_irac_link,component-12ef84e911f067ff,calibration,False,14,377902,377902,377902,True,0.6175468837894984,True,True,150.5258895,1.8291577,1.79
268,268,matched,True,True,secure_unique_chandra_irac_link,component-8b496bf96bbcc9e5,test,False,13,198052,198052,198052,True,0.5357467083953155,True,True,149.7916026,2.338361,1.48
2681,2681,matched,True,True,secure_unique_chandra_irac_link,component-45614290270f9909,calibration,False,9,35871,,35871,True,2.8981325895790513,False,True,150.010031,1.6007601,2.35
2684,2684,matched,True,True,secure_unique_chandra_irac_link,component-85c7fe9319004e48,test,False,15,151691,151691,151691,True,1.317494147592669,True,True,150.5147378,2.1343861,1.81
2686,2686,matched,True,True,secure_unique_chandra_irac_link,component-3581b125128cab6e,test,False,6,50302,50302,50302,True,2.7344325630522803,True,True,150.0996892,1.6677951,2.15
269,269,matched,True,True,secure_unique_chandra_irac_link,component-f747870ae666c39b,test,False,11,90697,90697,90697,True,0.5375684903264621,True,True,149.9928266,1.8577356,1.46
2690,2690,matched,True,True,secure_unique_chandra_irac_link,component-8ba89f83a1974503,calibration,False,13,380081,380081,380081,True,1.6859962655972442,True,True,150.5644236,1.9013121,2.3
2694,2694,matched,True,True,secure_unique_chandra_irac_link,component-9cfa506f35be6fa0,test,False,10,386861,386861,386861,True,1.0878865114461582,True,True,150.6518382,2.1206502,1.6
27,27,matched,True,True,secure_unique_chandra_irac_link,component-670671cd97404156,calibration,False,14,219070,219070,219070,True,0.3360364566768629,True,True,150.3079942,2.4299634,1.09
270,270,matched,True,True,secure_unique_chandra_irac_link,component-d8d1790737d57ac4,test,False,19,125487,125487,125487,True,1.2403596472174419,True,True,150.1058914,2.0145476,1.9
2703,2703,matched,True,True,secure_unique_chandra_irac_link,component-f038ba9c0704d959,calibration,False,13,102523,102523,102523,True,1.1848352522207772,True,True,150.4006759,1.9121439,1.21
2706,2706,matched,True,True,secure_unique_chandra_irac_link,component-f5e9b69ce10f94f8,calibration,False,21,23329,23329,23329,True,1.1048632271682257,True,True,150.50541,1.5427384,2.28
271,271,matched,True,True,secure_unique_chandra_irac_link,component-3635a91e3da857f7,test,False,15,102597,102597,102597,True,0.6803597689580861,True,True,150.3086947,1.9122593,1.37
2711,2711,matched,True,True,secure_unique_chandra_irac_link,component-9ca7b8be590113b8,test,False,8,60669,,60669,True,2.880259000751987,False,True,150.6117371,1.717327,2.09
2714,2714,unknown,False,False,no_chandra_xmm_mapping,component-027ffe049491405f,descriptive,False,11,,,367984,False,,False,False,150.45204,1.4993998,2.46
2715,2715,matched,True,True,secure_unique_chandra_irac_link,component-fda3f9dbfd08f12e,calibration,False,9,95456,95456,95456,True,0.9064665181342079,True,True,150.5209131,1.8804651,1.75
272,272,matched,True,True,secure_unique_chandra_irac_link,component-1c6c0bb2c7ecdc3b,test,False,21,195779,195779,195779,True,1.8156991912754925,True,True,149.9019294,2.3273665,1.72
2725,2725,matched,True,True,secure_unique_chandra_irac_link,component-fa014137b3ea9af6,test,False,20,84829,84829,84829,True,1.5136280755096863,True,True,149.9320762,1.8302815,1.85
273,273,matched,True,True,secure_unique_chandra_irac_link,component-303c8bd55875dda2,test,False,12,285149,285149,285149,True,1.0386870182830705,True,True,150.3829536,2.7233647,1.43
2730,2730,matched,True,True,secure_unique_chandra_irac_link,component-8fe57443675ecebf,calibration,False,11,383984,383984,383984,True,0.6611269944280722,True,True,150.5850477,2.0606324,1.9
2732,2732,matched,True,True,secure_unique_chandra_irac_link,component-b549a5b406eaace4,test,False,13,371820,371820,371820,True,1.7097587683759785,True,True,149.9455906,1.5802211,1.73
2736,2736,matched,True,True,secure_unique_chandra_irac_link,component-01b1ae255c781cfe,test,False,5,380433,380433,380433,True,1.3578964283751553,True,True,150.4254266,1.8890618,0.974
274,274,matched,True,True,secure_unique_chandra_irac_link,component-718127812c05853f,test,False,13,238528,238528,238528,True,1.7150614042543804,True,True,150.0221494,2.5161763,1.67
2749,2749,matched,True,True,secure_unique_chandra_irac_link,component-a3b4f619337e9bf6,test,False,15,241495,,,True,5.935096734993811,False,False,149.3685099,2.5282554,3.43
275,275,matched,True,True,secure_unique_chandra_irac_link,component-20bf401e0f051eef,test,False,12,308169,308169,308169,True,0.8593015986722568,True,True,150.1587381,2.8251859,1.28
2750,2750,matched,True,True,secure_unique_chandra_irac_link,component-de50a7572962ea01,test,False,17,247001,247001,247001,True,0.22429578942074815,True,True,149.7855618,2.5547984,1.31
2753,2753,matched,True,True,secure_unique_chandra_irac_link,component-8e6dbcb8a3461e58,test,False,14,264746,264746,264746,True,0.4007952371844968,True,True,149.6197887,2.6349626,1.28
2754,2754,matched,True,True,secure_unique_chandra_irac_link,component-0660d412d2b752a2,test,False,16,146610,146610,146610,True,0.6797824092517657,True,True,150.4209765,2.1125562,1.77
276,276,matched,True,True,secure_unique_chandra_irac_link,component-c76b405781134be1,calibration,False,12,406151,406151,406151,True,1.1704220577956412,True,True,150.5148364,2.8101435,0.595
2764,2764,matched,False,True,secure_unique_chandra_irac_link,component-e3cebec60650d44e,excluded,True,16,31844,31844,31844,True,1.5593567094141287,True,True,150.3506222,1.5826804,2.428
277,277,matched,True,True,secure_unique_chandra_irac_link,component-27d719c754aacd49,test,False,23,321126,321126,321126,True,2.5659902032251383,True,True,150.3220939,2.882031,1.81
2770,2770,matched,True,True,secure_unique_chandra_irac_link,component-4e016e8932eedbdd,test,False,7,97930,97930,97930,True,1.5324276904506857,True,True,149.969397,1.8912258,1.78
2772,2772,unknown,False,False,no_chandra_xmm_mapping,component-7b2e7211fb4f4d83,descriptive,False,19,,21796,21796,False,,False,False,150.6543577,1.5354332,2.43
278,278,matched,True,True,secure_unique_chandra_irac_link,component-ee62de25ccc2b55d,test,False,12,144205,144205,144205,True,1.9542451858416627,True,True,150.0925038,2.1015301,1.895
279,279,matched,True,True,secure_unique_chandra_irac_link,component-efd96aedf377e20a,test,False,14,137029,137030,137030,True,2.4656665729712715,False,False,150.1522485,2.0683164,1.89
2792,2792,matched,True,True,secure_unique_chandra_irac_link,component-48be9979594810ed,test,False,13,200638,200638,200638,True,0.6222015719890603,True,True,149.6786348,2.3490482,1.61
2799,2799,matched,True,True,secure_unique_chandra_irac_link,component-60d6e8f7ae7a64bf,test,False,14,195198,195198,195198,True,0.8149339913350994,True,True,149.4085887,2.3252967,2.35
28,28,matched,True,True,secure_unique_chandra_irac_link,component-59e19706d51d39f6,test,False,18,400603,400603,400603,True,0.8020916883905314,True,True,150.305619,2.6020492,1.07
280,280,matched,True,True,secure_unique_chandra_irac_link,component-e8b3ff5779985d1c,test,False,21,194983,194983,194983,True,1.0174489804563793,True,True,150.4722099,2.3249136,1.58
281,281,matched,True,True,secure_unique_chandra_irac_link,component-71a1c003a2b855d8,test,False,18,283818,283818,283818,True,0.5917604379684295,True,True,150.1472006,2.7175813,1.3
2810,2810,matched,True,True,secure_unique_chandra_irac_link,component-67be10d98e9ab6d7,test,False,11,138859,138859,138859,True,1.2789030319309143,True,True,150.4060391,2.0756695,1.54
2812,2812,matched,True,True,secure_unique_chandra_irac_link,component-45553cb1d7ff20a1,test,False,16,109912,109912,109912,True,0.5728098649806668,True,True,150.4205628,1.9454513,1.4
2814,2814,matched,True,True,secure_unique_chandra_irac_link,component-35d5aa731b1e6a3a,test,False,14,136783,,,True,4.385663478256822,False,False,150.3838225,2.0667613,1.045
282,282,matched,True,True,secure_unique_chandra_irac_link,component-27e1615212f3c6ea,test,False,15,199182,199182,199182,True,0.37084802050146426,True,True,149.8719787,2.3429309,1.59
2821,2821,matched,True,True,secure_unique_chandra_irac_link,component-417e475bb4d90f19,calibration,False,15,376211,376211,376211,True,0.9687560189793196,True,True,150.0870905,1.7420694,1.9
283,283,matched,True,True,secure_unique_chandra_irac_link,component-e0850a775c17a870,test,False,13,279897,279897,279897,True,0.6523559287118443,True,True,150.4911563,2.7002493,1.32
284,284,matched,True,True,secure_unique_chandra_irac_link,component-1e68ed4e3d58a510,test,False,14,189001,189001,189001,True,0.4367221850684783,True,True,149.9286994,2.2980476,1.38
2845,2845,unknown,False,False,no_chandra_xmm_mapping,component-749fea29244990c5,descriptive,False,11,,,18240,False,,False,False,150.6715817,1.5200028,2.58
285,285,matched,True,True,secure_unique_chandra_irac_link,component-a0d177b4967a6d99,test,False,10,141905,141905,141905,True,1.078807177898594,True,True,149.822902,2.0894689,1.45
2855,2855,matched,True,True,secure_unique_chandra_irac_link,component-f22be6c15a5358af,calibration,False,8,162296,162296,162296,True,0.5485838771696605,True,True,150.5763465,2.1812408,1.56
2856,2856,unknown,False,False,no_chandra_xmm_mapping,component-b1c04228b4390d09,descriptive,False,21,,25405,25405,False,,False,False,150.6990764,1.552864,2.66
2860,2860,matched,True,True,secure_unique_chandra_irac_link,component-ed16d272044ed81f,calibration,False,12,92721,92721,92721,True,1.4097032870362536,True,True,150.4073403,1.8679049,1.63
287,287,matched,True,True,secure_unique_chandra_irac_link,component-d7cdaa5ca0582076,test,False,18,282981,282981,282981,True,0.9079994410487968,True,True,150.3892836,2.7138407,1.78
288,288,matched,True,True,secure_unique_chandra_irac_link,component-23c657f2efda7731,test,False,17,395300,395300,395300,True,0.5459253520801899,True,True,149.7605182,2.419744,1.26
289,289,unknown,False,False,chandra_identification_unidentified,component-af180e4359fc6179,descriptive,False,1,,384895,384895,False,,False,False,149.8848979,2.0089474,0.53
29,29,matched,True,True,secure_unique_chandra_irac_link,component-35135aaa6cc23891,test,False,7,391248,391248,391248,True,0.30048067282695423,True,True,149.9780624,2.2852607,0.271
290,290,matched,False,True,secure_unique_chandra_irac_link,component-c564abf35299582a,excluded,True,15,183070,183070,183070,True,2.1999570208446664,True,True,149.9019484,2.2701621,2.13
2906,2906,matched,True,True,secure_unique_chandra_irac_link,component-d6c45855507eed7d,test,False,16,30887,30887,30887,True,0.5791525944345586,True,True,150.1919267,1.577892,2.28
291,291,matched,True,True,secure_unique_chandra_irac_link,component-33512007840ced1b,calibration,False,7,146678,146678,146678,True,0.5813897471461341,True,True,150.0593471,2.1122085,2.06
292,292,matched,True,True,secure_unique_chandra_irac_link,component-6db6eb4af1e18ab8,test,False,12,215322,215322,215322,True,0.7013191125708466,True,True,150.537694,2.4134623,1.24
2922,2922,matched,True,True,secure_unique_chandra_irac_link,component-5d072f5b8512844d,test,False,11,83908,83908,83908,True,1.322032562302849,True,True,150.4289868,1.8257348,1.79
293,293,matched,True,True,secure_unique_chandra_irac_link,component-7cb676d57114874e,test,False,11,98576,98576,98576,True,0.7986759698432039,True,True,149.8622284,1.8949216,1.12
294,294,matched,True,True,secure_unique_chandra_irac_link,component-0ce0dc4356dd9a75,test,False,16,103632,103632,103632,True,0.7298751976870718,True,True,149.9063062,1.9172077,1.21
2946,2946,unknown,False,False,no_chandra_xmm_mapping,component-53900db626645029,descriptive,False,15,,185680,185680,False,,False,False,150.3443314,2.282993,1.95
295,295,matched,True,True,secure_unique_chandra_irac_link,component-9cfd3c755be26b4e,test,False,15,300266,300266,300266,True,2.019907048202706,True,True,150.447134,2.7909167,1.76
296,296,matched,True,True,secure_unique_chandra_irac_link,component-a0f8b2c4cb1ac82a,test,False,16,215929,215929,215929,True,2.451854057904653,True,True,149.9980234,2.4161626,1.88
297,297,matched,True,True,secure_unique_chandra_irac_link,component-4c15f47afe7f817f,calibration,False,13,270400,270400,270400,True,1.154243394105915,True,True,150.06221,2.6592097,1.39
2974,2974,matched,True,True,secure_unique_chandra_irac_link,component-47a427797f196bee,test,False,15,376470,376470,376470,True,2.368701388775517,True,True,150.4509856,1.7558834,2.27
2979,2979,matched,True,True,secure_unique_chandra_irac_link,component-eedaf2856c6f433b,test,False,17,135877,135877,135877,True,0.8822207431144401,True,True,150.4578635,2.0625933,1.83
298,298,matched,True,True,secure_unique_chandra_irac_link,component-76ebdb6d45c61ca1,test,False,14,174012,174012,174012,True,1.5874640402713693,True,True,150.0688652,2.2310034,1.51
299,299,unknown,False,False,chandra_identification_unidentified,component-308831041ea4863c,descriptive,False,18,,398194,398194,False,,False,False,149.8993105,2.5116063,0.506
3,3,matched,True,True,secure_unique_chandra_irac_link,component-4e07408562bedb8b,test,False,18,193356,193356,193356,True,0.22722385199272147,True,True,149.7615427,2.3184922,0.9
30,30,matched,True,True,secure_unique_chandra_irac_link,component-624b60c58c9d8bfb,test,False,14,128242,128242,128242,True,0.694991657346789,True,True,149.9559829,2.0279611,1.11
300,300,matched,True,True,secure_unique_chandra_irac_link,component-983bd614bb5afece,test,False,9,221109,221109,221109,True,1.1367563557057692,True,True,150.209291,2.4384386,2.03
30012,30012,matched,True,True,secure_unique_chandra_irac_link,component-445f8f3c6482af5b,test,False,14,176922,176922,176922,True,2.326100408141721,True,True,150.4395948,2.2437892,1.96
301,301,matched,True,True,secure_unique_chandra_irac_link,component-54a54b60e1b7ab02,calibration,False,9,147725,147725,147725,True,0.6022959116355525,True,True,149.7561986,2.1174935,1.89
30128,30128,ambiguous,False,False,multiple_chandra_sources,component-b8c70599a95e974b,descriptive,False,18,,,282949,False,,False,False,150.712771,2.7139776,2.32
30182,30182,matched,True,True,secure_unique_chandra_irac_link,component-c6139a5504719a5a,test,False,20,279468,279228,279228,True,2.353239107392617,False,False,150.1256305,2.6982655,1.53
302,302,matched,True,True,secure_unique_chandra_irac_link,component-f32828acecb4282c,test,False,16,167896,167896,167896,True,1.4568278042189267,True,True,150.057095,2.2063099,2.01
30292,30292,matched,True,True,secure_unique_chandra_irac_link,component-c2239f10289b807e,test,False,16,217694,,217694,True,3.8101692326770737,False,True,150.3774529,2.4234545,2.451
303,303,matched,True,True,secure_unique_chandra_irac_link,component-8bd9c0d453533757,calibration,False,18,101033,101033,101033,True,2.416400120303339,True,True,150.0814856,1.9053437,1.75
30342,30342,matched,True,True,secure_unique_chandra_irac_link,component-d9510a77485f3429,calibration,False,13,240844,240844,240844,True,2.389741387854135,True,True,150.550121,2.5258689,2.09
30354,30354,unknown,False,False,no_chandra_xmm_mapping,component-7c6843c372893f96,descriptive,False,13,,265989,265989,False,,False,False,150.4130978,2.6396985,1.96
30361,30361,matched,True,True,secure_unique_chandra_irac_link,component-b4746c6ec07845e7,test,False,10,284563,284563,284563,True,1.0448053863588158,True,True,150.4371453,2.7208718,2.05
30366,30366,matched,True,True,secure_unique_chandra_irac_link,component-6f5d34fcda02ac5a,calibration,False,13,182805,182805,182805,True,2.0623622763447327,True,True,150.404531,2.2703938,1.7
30370,30370,matched,True,True,secure_unique_chandra_irac_link,component-7e73e73bfb95ea3f,test,False,20,181430,181430,181430,True,2.2008295109966025,True,True,150.3572764,2.2635987,2.05
30384,30384,matched,True,True,secure_unique_chandra_irac_link,component-c8d4a069a98b14af,calibration,False,19,251813,251813,251813,True,0.7032407310114893,True,True,150.208873,2.5752312,2.37
30389,30389,ambiguous,False,False,multiple_chandra_sources,component-681ad4dc133790c1,descriptive,False,12,,274276,274276,False,,False,False,150.4801642,2.6764214,2.64
304,304,matched,True,True,secure_unique_chandra_irac_link,component-d874e4e4a5df2117,test,False,23,193304,193641,193641,True,3.138727556553826,False,False,149.8809172,2.3175838,2.02
30587,30587,matched,True,True,secure_unique_chandra_irac_link,component-3ee779fadffeab60,test,False,13,78184,78184,78184,True,1.9932867328797488,True,True,150.3830064,1.7993404,1.8
306,306,matched,True,True,secure_unique_chandra_irac_link,component-38b83caefa1ef269,calibration,False,21,201918,201918,201918,True,0.3627613236364863,True,True,150.5013614,2.3541076,1.49
30676,30676,matched,True,True,secure_unique_chandra_irac_link,component-45ea30ce4c689197,calibration,False,16,123873,123873,123873,True,0.47807410588631977,True,True,150.2651746,2.0077402,1.86
30681,30681,matched,False,True,secure_unique_chandra_irac_link,component-9fced874f85ae125,excluded,True,19,96072,96072,96072,True,1.9620267438659278,True,True,150.4473187,1.8832886,2.31
30687,30687,matched,True,True,secure_unique_chandra_irac_link,component-dc22707f7ecc975d,test,False,10,383003,383003,383003,True,0.8472373579207181,True,True,150.3580161,2.0250509,1.721
30696,30696,matched,True,True,secure_unique_chandra_irac_link,component-77386fc191c6d126,calibration,False,16,150122,150122,150122,True,0.9690345101681791,True,True,150.8209547,2.1276061,1.69
30698,30698,unknown,False,False,no_chandra_xmm_mapping,component-ffd928529185c904,descriptive,False,11,,,371617,False,,False,False,150.3110387,1.5956187,2.63
30699,30699,matched,True,True,secure_unique_chandra_irac_link,component-e393f8e1c52a0978,calibration,False,8,371665,,371665,True,3.136059212898212,False,True,150.5009561,1.6148919,1.86
30707,30707,matched,True,True,secure_unique_chandra_irac_link,component-c35b6f604e2b67b5,calibration,False,11,54064,54064,54064,True,0.7032748272831101,True,True,150.4484914,1.6858143,1.7
30744,30744,unknown,False,False,no_chandra_xmm_mapping,component-286bf40da397ae48,descriptive,False,20,,52921,52921,False,,False,False,149.96396,1.6805983,1.19
30748,30748,unknown,False,False,no_chandra_xmm_mapping,component-427073390b3391d1,descriptive,False,12,,,,False,,False,False,149.8023912,1.839954,1.443
30789,30789,matched,True,True,secure_unique_chandra_irac_link,component-6272ec7e4793cc9e,calibration,False,16,98932,98932,98932,True,1.2679365015692687,True,True,149.466392,1.8962969,1.81
308,308,matched,True,True,secure_unique_chandra_irac_link,component-48a1706eca5ee614,test,False,16,208992,208992,208992,True,0.9699829881989706,True,True,150.4219183,2.3856322,1.42
30825,30825,unknown,False,False,no_chandra_xmm_mapping,component-6fa886c403b32cb0,descriptive,False,17,,103274,103274,False,,False,False,149.7686516,1.9165586,1.69
30826,30826,unknown,False,False,no_chandra_xmm_mapping,component-bdb0abeb34f6a476,descriptive,False,8,,,,False,,False,False,149.7844356,1.9181056,2.18
30874,30874,unknown,False,False,no_chandra_xmm_mapping,component-fea355f6bc73ae31,descriptive,False,13,,,388757,False,,False,False,149.3793564,2.203209,3.03
309,309,matched,True,True,secure_unique_chandra_irac_link,component-6ca65d086b0a520f,test,False,16,156592,156592,156592,True,1.3634494981147884,True,True,150.1088661,2.1566602,1.8
30904,30904,matched,True,True,secure_unique_chandra_irac_link,component-e8369163c8001bc2,test,False,16,135100,,135100,True,2.768472072366133,False,True,149.864293,2.0582091,2.2
30918,30918,matched,True,True,secure_unique_chandra_irac_link,component-91f2bdd17f5ad472,test,False,14,127994,127921,127921,True,2.1521694908926294,False,False,149.9235903,2.0271118,2.03
30920,30920,matched,True,True,secure_unique_chandra_irac_link,component-b4fb6c6ca07f4a98,calibration,False,16,154160,,154160,True,3.2460712775383853,False,True,149.8069243,2.1448027,2.23
30933,30933,matched,True,True,secure_unique_chandra_irac_link,component-31402d140687212f,test,False,11,139421,139421,139421,True,0.821217175490915,True,True,149.9450267,2.0783521,2.07
30934,30934,matched,True,True,secure_unique_chandra_irac_link,component-fe9dcde81be9da71,test,False,18,163084,,163084,True,3.031472877049752,False,True,149.5117778,2.1844178,2.25
30941,30941,unknown,False,False,no_chandra_xmm_mapping,component-bbb959eb08007a41,descriptive,False,11,,82556,82556,False,,False,False,149.7980621,1.819566,2.36
30942,30942,matched,True,True,secure_unique_chandra_irac_link,component-e1572cbfa6acbb69,test,False,19,88901,,88901,True,3.205612874838816,False,True,150.0413799,1.8484781,1.97
31,31,matched,True,True,secure_unique_chandra_irac_link,component-eb1e33e8a81b697b,test,False,13,205211,205211,205211,True,0.44736464569127254,True,True,149.9455966,2.3692209,1.04
310,310,matched,True,True,secure_unique_chandra_irac_link,component-226f76b55acb4970,test,False,16,183198,183198,183198,True,0.45183002632766256,True,True,149.6128973,2.2716394,1.21
31048,31048,matched,False,True,secure_unique_chandra_irac_link,component-8e035e5388351aeb,excluded,True,19,310393,,310393,True,2.9208457158124164,False,True,149.613196,2.8348785,2.58
311,311,unknown,False,False,no_chandra_xmm_mapping,component-20e9c64c05a54d19,descriptive,False,18,,,,False,,False,False,150.3237178,2.4842255,2.07
312,312,matched,True,True,secure_unique_chandra_irac_link,component-c509e7458017edfc,calibration,False,14,247725,247725,247725,True,1.7052667791420433,True,True,150.2299682,2.5584714,1.72
31230,31230,matched,True,True,secure_unique_chandra_irac_link,component-a38afa03fb6ac451,calibration,False,14,405729,405729,405729,True,2.6517838334390254,True,True,149.5503785,2.7811839,2.28
31234,31234,matched,True,True,secure_unique_chandra_irac_link,component-9845d84fa4365361,calibration,False,12,247574,247574,247574,True,0.9282891070458822,True,True,149.8115685,2.5578107,1.75
31278,31278,matched,True,True,secure_unique_chandra_irac_link,component-2e7975331004fa6c,calibration,False,11,236267,236267,236267,True,1.7054599911913189,True,True,149.9379221,2.5057529,2.36
31295,31295,ambiguous,False,False,chandra_identification_ambiguous,component-7943f5a305466bee,descriptive,False,17,,270629,270629,False,,False,False,149.9534708,2.6600676,2.4
313,313,matched,True,True,secure_unique_chandra_irac_link,component-8efbbe9bc19ad2e0,test,False,13,190872,190872,190872,True,0.5879211972839578,True,True,149.8679261,2.3048897,1.7
31310,31310,unknown,False,False,no_chandra_xmm_mapping,component-172e581a4bead0ed,descriptive,False,12,,,254265,False,,False,False,150.0669687,2.587122,2.49
31313,31313,matched,False,True,secure_unique_chandra_irac_link,component-d66c4168dcc09b85,excluded,True,14,406833,406833,406833,True,1.8439705254504621,True,True,149.8884228,2.843766,1.31
31320,31320,matched,True,True,secure_unique_chandra_irac_link,component-4901f3d1f8bb6b20,test,False,17,224999,224999,224999,True,0.928947312183679,True,True,149.8682751,2.4549289,1.96
31321,31321,matched,True,True,secure_unique_chandra_irac_link,component-3b8ffbc7f0dd515c,calibration,False,20,227608,227608,227608,True,0.6788195675460764,True,True,149.8989398,2.4668285,2.11
31323,31323,unknown,False,False,no_chandra_xmm_mapping,component-4b1933c5283228a9,descriptive,False,11,,,,False,,False,False,149.5987988,2.5638204,2.22
31340,31340,matched,True,True,secure_unique_chandra_irac_link,component-b448a663632994ad,calibration,False,16,172772,172772,172772,True,0.6090772012273268,True,True,150.4336615,2.2255135,1.81
31357,31357,matched,True,True,secure_unique_chandra_irac_link,component-0ae1f16981b612fa,test,False,13,264936,264936,264936,True,0.4397518354317295,True,True,150.395854,2.6352743,1.81
31388,31388,matched,True,True,secure_unique_chandra_irac_link,component-ec508b70c91bcfca,calibration,False,9,126511,126511,126511,True,1.000931984189377,True,True,150.1990945,2.01946,2.43
31390,31390,matched,True,True,secure_unique_chandra_irac_link,component-55eaa72f053b1044,test,False,11,113152,113152,113152,True,0.13870591112169248,True,True,150.6341065,1.959963,2.21
314,314,matched,True,True,secure_unique_chandra_irac_link,component-748064be03a08df8,test,False,16,166864,166864,166864,True,1.2353732532680406,True,True,150.0461227,2.2007725,1.76
31419,31419,matched,True,True,secure_unique_chandra_irac_link,component-9437eee19b5c5053,test,False,17,200487,200487,200487,True,0.9300999798071892,True,True,150.2007174,2.3485353,1.71
315,315,matched,True,True,secure_unique_chandra_irac_link,component-377adeb4cd4096ad,test,False,16,100773,100773,100773,True,1.2833888321682925,True,True,150.1125163,1.903975,1.7
317,317,ambiguous,False,False,chandra_identification_ambiguous,component-8d1ede4f889e0ed6,descriptive,False,8,,184609,184609,False,,False,False,150.2533147,2.2779886,1.94
318,318,matched,True,True,secure_unique_chandra_irac_link,component-aae02129362d6117,calibration,False,9,221980,221980,221980,True,0.33559132092486915,True,True,150.2477071,2.4420939,1.56
319,319,matched,True,True,secure_unique_chandra_irac_link,component-156091ee0884f36d,test,False,11,175009,175009,175009,True,1.0610881729578059,True,True,149.9844555,2.2360329,1.96
32,32,matched,True,True,secure_unique_chandra_irac_link,component-e29c9c180c6279b0,test,False,14,180144,180144,180144,True,0.8411493404810294,True,True,149.8592209,2.2581436,1.14
320,320,matched,True,True,secure_unique_chandra_irac_link,component-db2e1d85b6f119bb,test,False,12,204845,204845,204845,True,0.6162586633733507,True,True,150.3409043,2.3672201,1.56
322,322,matched,True,True,secure_unique_chandra_irac_link,component-f10d91a7596bf5a6,test,False,19,204276,204276,204276,True,1.3038663736546834,True,True,150.4069294,2.3656987,1.81
323,323,matched,True,True,secure_unique_chandra_irac_link,component-3949ac1596ec7710,calibration,False,11,191728,191728,191728,True,0.5236480948793313,True,True,150.537966,2.3103562,1.19
325,325,matched,True,True,secure_unique_chandra_irac_link,component-7b0c3609b04c81cb,calibration,False,13,103138,103138,103138,True,1.470815888408123,True,True,150.0245833,1.9146209,1.84
326,326,matched,True,True,secure_unique_chandra_irac_link,component-a4e987d17584557e,test,False,12,401908,,401908,True,3.2346829518256435,False,True,150.2568473,2.6463147,2.17
327,327,matched,True,True,secure_unique_chandra_irac_link,component-ec86bc3a82804492,test,False,14,122180,122180,122180,True,1.7680982296039758,True,True,150.1898071,2.0001255,1.81
328,328,matched,True,True,secure_unique_chandra_irac_link,component-f8644d31d2613f5a,test,False,13,179799,179799,179799,True,0.7415018466606145,True,True,150.0106516,2.2559784,1.79
329,329,matched,True,True,secure_unique_chandra_irac_link,component-43a1f4b59ca8d263,calibration,False,15,120504,120504,120504,True,0.9780111117373715,True,True,149.8687977,1.9930322,1.42
33,33,matched,True,True,secure_unique_chandra_irac_link,component-c6f3ac57944a5314,test,False,18,212127,212127,212127,True,0.04131036944983624,True,True,150.309575,2.3990833,1.06
330,330,matched,True,True,secure_unique_chandra_irac_link,component-5426d2ca50f244fb,test,False,17,176274,176274,176274,True,0.7590906400377166,True,True,149.9632794,2.2413433,1.77
331,331,matched,True,True,secure_unique_chandra_irac_link,component-0bba869d7f392cbc,test,False,17,158779,158779,158779,True,1.5189021151007178,True,True,149.8765184,2.1666032,1.35
332,332,matched,True,True,secure_unique_chandra_irac_link,component-7104741a92e73eb6,test,False,11,191428,191428,191428,True,1.7199224765207723,True,True,150.285499,2.3094721,0.856
333,333,matched,True,True,secure_unique_chandra_irac_link,component-556d7dc3a1153563,test,False,14,235568,235568,235568,True,0.8726307368343679,True,True,150.2053678,2.5026811,1.84
334,334,matched,True,True,secure_unique_chandra_irac_link,component-058d5d43bf485bf7,test,False,13,301307,301307,301307,True,0.6220880294243721,True,True,150.2020994,2.7956861,1.49
337,337,matched,True,True,secure_unique_chandra_irac_link,component-8ede6b26343305e0,test,False,9,141113,141113,141113,True,1.5333434172725198,True,True,149.7921633,2.0858224,1.48
338,338,matched,False,True,secure_unique_chandra_irac_link,component-ffec701b7ccb8709,excluded,True,17,187878,187878,187878,True,1.0302958413321874,True,True,150.0962011,2.2929791,1.79
339,339,matched,True,True,secure_unique_chandra_irac_link,component-fc95ce176603e9e1,test,False,13,266259,266259,266259,True,0.43741773401661066,True,True,150.0341707,2.641145,1.37
34,34,matched,True,True,secure_unique_chandra_irac_link,component-86e5014965866131,test,False,20,189797,189797,189797,True,0.4856288115400617,True,True,149.9937599,2.3014416,1.11
340,340,matched,True,True,secure_unique_chandra_irac_link,component-9644294ac4ffb309,calibration,False,12,394764,394764,394764,True,0.8451997924650431,True,True,150.1537523,2.3990571,1.087
341,341,matched,True,True,secure_unique_chandra_irac_link,component-524b2d27a1e7fbc3,calibration,False,11,125818,125818,125818,True,0.8929442118319875,True,True,149.8143023,2.0161088,1.28
343,343,matched,True,True,secure_unique_chandra_irac_link,component-3c15285c04fff400,calibration,False,12,325114,325114,325114,True,1.511156095553455,True,True,150.4474383,2.8988794,1.75
345,345,matched,True,True,secure_unique_chandra_irac_link,component-da70dfa4d9f95ac9,test,False,10,148656,148656,148656,True,0.4874179165969553,True,True,150.1701342,2.1213683,1.5
346,346,matched,True,True,secure_unique_chandra_irac_link,component-6aac0cf87a32e631,test,False,16,259193,259193,259193,True,0.9651161441286804,True,True,150.4356764,2.6089277,1.778
348,348,matched,True,True,secure_unique_chandra_irac_link,component-fc09e6f4de35657a,test,False,15,194971,194971,194971,True,1.184183203888369,True,True,149.8422877,2.3239684,1.77
349,349,matched,True,True,secure_unique_chandra_irac_link,component-72ba187b05e705de,calibration,False,12,210304,210304,210304,True,0.5602863107166893,True,True,150.2108716,2.3913791,1.66
350,350,matched,True,True,secure_unique_chandra_irac_link,component-842a51aaaaa46fa4,calibration,False,12,301593,301593,301593,True,1.7641414163521008,True,True,150.3085662,2.796158,1.72
351,351,matched,True,True,secure_unique_chandra_irac_link,component-04a8708c3a481ced,test,False,18,147313,147313,147313,True,1.4658176371974834,True,True,149.8769591,2.1156211,1.57
352,352,matched,False,True,secure_unique_chandra_irac_link,component-684510a71f03eb1a,excluded,True,18,101658,101658,101658,True,2.0750338462364577,True,True,149.9889426,1.9080587,1.69
353,353,matched,True,True,secure_unique_chandra_irac_link,component-459535faa370a3b5,calibration,False,17,187634,187634,187634,True,0.7045151346516608,True,True,150.0845522,2.2904642,1.54
355,355,matched,True,True,secure_unique_chandra_irac_link,component-355d8c0ee4e5698e,test,False,19,190761,190761,190761,True,1.0942218089654117,True,True,150.0516453,2.3055476,1.85
356,356,matched,True,True,secure_unique_chandra_irac_link,component-03a3d955b8799a90,test,False,9,144353,144353,144353,True,0.6246050767211996,True,True,150.0699247,2.1014315,2.04
357,357,matched,True,True,secure_unique_chandra_irac_link,component-8678ca7664a4e0b2,calibration,False,13,191674,191674,191674,True,1.5346930683688882,True,True,150.3750109,2.3101166,1.59
359,359,matched,True,True,secure_unique_chandra_irac_link,component-9197e4844abed2fe,calibration,False,8,94456,94456,94456,True,1.0633322216497216,True,True,150.2080924,1.8751195,1.28
36,36,matched,True,True,secure_unique_chandra_irac_link,component-76a50887d8f1c2e9,calibration,False,2,395835,395835,395835,True,0.16551650304478685,True,True,150.040557,2.3970114,0.326
360,360,matched,True,True,secure_unique_chandra_irac_link,component-67e6e9e795b05213,test,False,14,185927,185927,185927,True,2.04499985647101,True,True,150.2243847,2.284156,1.84
361,361,matched,True,True,secure_unique_chandra_irac_link,component-73daa9289ddd08a5,test,False,14,224997,224997,224997,True,0.8691615094345707,True,True,150.1248491,2.4557976,2.22
362,362,matched,True,True,secure_unique_chandra_irac_link,component-3963317a2b410e53,test,False,14,215861,215861,215861,True,0.5360367853675496,True,True,150.2812224,2.4159601,1.689
363,363,matched,True,True,secure_unique_chandra_irac_link,component-6a7bb4510c2dff3f,test,False,19,154816,,154608,True,5.450616261891816,False,False,150.0093367,2.149591,2.449
364,364,matched,True,True,secure_unique_chandra_irac_link,component-5d3a5c10d5094ce1,test,False,8,183490,183490,183490,True,1.224705379350351,True,True,149.8568549,2.2728061,1.88
366,366,matched,True,True,secure_unique_chandra_irac_link,component-600b4cdf20cc06a7,test,False,12,251891,251891,251891,True,1.1321370425020685,True,True,150.5402624,2.5753942,1.77
367,367,matched,True,True,secure_unique_chandra_irac_link,component-56bab8c604180f93,calibration,False,11,210171,210171,210171,True,0.40511039157956374,True,True,150.3325847,2.3908845,1.86
368,368,matched,True,True,secure_unique_chandra_irac_link,component-8e6aee9efac8086e,test,False,13,377324,377324,377324,True,0.7640844266026546,True,True,150.0135367,1.8003688,1.67
369,369,matched,True,True,secure_unique_chandra_irac_link,component-5f193b350c8aba48,test,False,10,184936,184936,184936,True,0.2957490460579748,True,True,149.9700767,2.2789796,1.65
37,37,matched,True,True,secure_unique_chandra_irac_link,component-7a61b53701befdae,calibration,False,19,208760,208760,208760,True,0.4414200234803902,True,True,149.9169803,2.3851178,1.07
370,370,matched,True,True,secure_unique_chandra_irac_link,component-f1607c19a0f910ca,test,False,20,241069,241069,241069,True,0.5814437891672964,True,True,150.4537302,2.5279263,1.57
371,371,matched,True,True,secure_unique_chandra_irac_link,component-9b15fed64ef16980,calibration,False,14,256760,256760,256760,True,0.8360000946451797,True,True,150.1988567,2.5975452,1.74
373,373,matched,True,True,secure_unique_chandra_irac_link,component-e52d08747b9d7a6d,calibration,False,8,92503,92503,92503,True,1.5596948774342494,True,True,150.046541,1.8664072,1.72
374,374,matched,True,True,secure_unique_chandra_irac_link,component-01299ac65733b5a3,test,False,16,157136,157136,157136,True,0.16191358361157018,True,True,150.1896259,2.1597296,1.65
375,375,matched,True,True,secure_unique_chandra_irac_link,component-de5872c6bb4494ce,calibration,False,16,215858,215858,215858,True,0.3216566098615857,True,True,150.4381969,2.4157416,1.44
376,376,unknown,False,False,secure_chandra_reference_missing_from_irac_catalog,component-12e2c8df501501b2,descriptive,False,12,,244655,244655,False,,False,False,150.1922111,2.544123,1.8
377,377,matched,True,True,secure_unique_chandra_irac_link,component-2c4cf65733783512,calibration,False,12,233400,233400,233400,True,0.6168476857842953,True,True,150.4340096,2.4927525,1.64
378,378,matched,True,True,secure_unique_chandra_irac_link,component-06d7c6b5b83cb41e,calibration,False,21,159124,,159124,True,2.909211947259324,False,True,150.1014451,2.1671337,1.73
379,379,matched,True,True,secure_unique_chandra_irac_link,component-64c212df34c66e6f,test,False,16,175083,175083,175083,True,1.362295801029227,True,True,149.8174189,2.2360825,1.82
38,38,matched,True,True,secure_unique_chandra_irac_link,component-aea92132c4cbeb26,test,False,9,99848,99848,99848,True,1.316683021715684,True,True,150.2451256,1.8997525,1.05
381,381,matched,True,True,secure_unique_chandra_irac_link,component-041d92d4c79cca76,test,False,15,254307,254307,254307,True,2.1431452227464796,True,True,150.3838329,2.5864778,1.95
382,382,matched,True,True,secure_unique_chandra_irac_link,component-b35f9f7c073d0bbd,test,False,17,145238,145238,145238,True,1.3848715442449209,True,True,150.224076,2.1058345,1.51
383,383,matched,True,True,secure_unique_chandra_irac_link,component-48b361d46638bfa4,test,False,14,94948,94948,94948,True,1.0418763368723813,True,True,150.1615328,1.8780776,1.58
385,385,matched,True,True,secure_unique_chandra_irac_link,component-131b0c35e2d7edef,calibration,False,15,71216,71216,71216,True,1.6254579194953533,True,True,150.2283019,1.7669118,1.52
387,387,matched,True,True,secure_unique_chandra_irac_link,component-25dac95b8f595046,test,False,19,186426,186426,186426,True,0.9517569807581596,True,True,150.0704266,2.286021,1.94
388,388,matched,True,True,secure_unique_chandra_irac_link,component-6c22ab415e9f56a0,test,False,15,177379,177379,177379,True,1.6378242249991308,True,True,149.9135459,2.2460843,1.805
389,389,matched,True,True,secure_unique_chandra_irac_link,component-b98880883fd8d975,test,False,16,190540,190540,190540,True,0.25180394001110074,True,True,149.9690793,2.3048705,1.53
39,39,matched,True,True,secure_unique_chandra_irac_link,component-0b918943df0962bc,test,False,18,270517,270517,270517,True,0.8099469360250019,True,True,150.4976182,2.6596841,1.1
390,390,matched,True,True,secure_unique_chandra_irac_link,component-48a1a756f2d83f1d,test,False,25,254949,254949,254949,True,0.3243727594341533,True,True,149.9918428,2.5899649,1.45
391,391,matched,True,True,secure_unique_chandra_irac_link,component-a934c244755c66ae,test,False,9,149527,149527,149527,True,0.025050125099305872,True,True,150.3282369,2.1249461,1.3
392,392,matched,True,True,secure_unique_chandra_irac_link,component-6ea2fdb3399f4d2e,test,False,19,149570,149570,149570,True,2.6657772632819396,True,True,149.79369,2.1256437,1.76
393,393,matched,True,True,secure_unique_chandra_irac_link,component-99a0b871c9047c4f,calibration,False,14,139479,139479,139479,True,0.9647306071043048,True,True,150.2434117,2.0774925,1.55
395,395,matched,True,True,secure_unique_chandra_irac_link,component-a3af7b3808c4cf72,test,False,10,264529,264529,264529,True,0.7208447142758443,True,True,150.2991988,2.6332482,1.68
396,396,unknown,False,False,secure_chandra_reference_missing_from_irac_catalog,component-3c1b7053f0edd447,descriptive,False,14,,135246,135246,False,,False,False,150.0822518,2.0580808,1.79
397,397,matched,True,True,secure_unique_chandra_irac_link,component-1d2028ddcd746a7e,test,False,16,282035,282035,282035,True,1.626216388996147,True,True,150.2996236,2.7092934,1.72
398,398,matched,True,True,secure_unique_chandra_irac_link,component-188c1fdca79d927f,test,False,17,248688,248688,248688,True,1.4361809783993293,True,True,150.0263818,2.5620575,1.48
399,399,matched,True,True,secure_unique_chandra_irac_link,component-0f78540965a86402,test,False,17,211884,211884,211884,True,0.315140286385781,True,True,149.8502592,2.3985355,1.37
4,4,matched,True,True,secure_unique_chandra_irac_link,component-4b227777d4dd1fc6,calibration,False,14,178258,178258,178258,True,1.5285169936550544,True,True,149.7441813,2.249476,0.97
40,40,matched,True,True,secure_unique_chandra_irac_link,component-d59eced1ded07f84,test,False,12,129962,129962,129962,True,0.9289334106365813,True,True,150.3116578,2.0357479,1.02
400,400,matched,True,True,secure_unique_chandra_irac_link,component-26d228663f13a885,test,False,12,133761,133761,133761,True,1.1699237903799844,True,True,149.8182715,2.0527178,1.38
402,402,matched,True,True,secure_unique_chandra_irac_link,component-b7c7470e59e2a2df,calibration,False,10,180946,180946,180946,True,0.6926430530521676,True,True,150.2521326,2.2620484,1.62
403,403,matched,True,True,secure_unique_chandra_irac_link,component-d26eae87829adde5,calibration,False,13,192284,192284,192284,True,0.9504579732079221,True,True,149.80826,2.31385,1.558
404,404,matched,True,True,secure_unique_chandra_irac_link,component-6b3c238ebcf1f3c0,test,False,17,199932,199932,199932,True,0.3187788559813333,True,True,149.8130809,2.3453933,1.58
405,405,matched,False,True,secure_unique_chandra_irac_link,component-a8081b6bc4d214b2,excluded,True,11,221677,221677,221677,True,1.9929027322064052,True,True,150.3336522,2.4411079,1.773
406,406,matched,True,True,secure_unique_chandra_irac_link,component-041d92d4c79cca76,test,False,16,255323,255323,255323,True,0.822913555559398,True,True,150.38767,2.5915004,2.03
408,408,matched,True,True,secure_unique_chandra_irac_link,component-7b0c3609b04c81cb,calibration,False,11,105220,105220,105220,True,1.5099346173542156,True,True,150.0269153,1.924299,1.81
409,409,matched,True,True,secure_unique_chandra_irac_link,component-6dfcf71c283de984,calibration,False,10,244482,244482,244482,True,1.3793265172113447,True,True,150.232311,2.5444654,1.92
41,41,matched,True,True,secure_unique_chandra_irac_link,component-3d914f9348c9cc0f,test,False,14,149818,149818,149818,True,0.5151653407640824,True,True,150.1056616,2.1262279,1.17
410,410,matched,True,True,secure_unique_chandra_irac_link,component-612111a352a571cb,test,False,19,137133,137133,137133,True,1.2891577886764727,True,True,149.9108654,2.0680711,1.71
411,411,matched,True,True,secure_unique_chandra_irac_link,component-52f14fc33ef45dd8,test,False,21,155005,155005,155005,True,0.5472100724906377,True,True,149.6382715,2.1494889,1.37
412,412,matched,True,True,secure_unique_chandra_irac_link,component-fabf5b7fedb3e62a,test,False,18,246474,246474,246474,True,0.4375077724630532,True,True,149.9585767,2.5529185,1.5
413,413,matched,True,True,secure_unique_chandra_irac_link,component-d5278809856213eb,calibration,False,17,198143,198143,198143,True,0.4534859812007851,True,True,149.8841742,2.338252,1.43
414,414,matched,True,True,secure_unique_chandra_irac_link,component-8111eb1556229541,test,False,7,385825,385825,385825,True,2.5701773474911347,True,True,150.1392652,2.0947246,1.8
415,415,matched,True,True,secure_unique_chandra_irac_link,component-fc72c98a6c2916c1,calibration,False,8,162761,162761,162761,True,1.713576660895949,True,True,149.970228,2.1833334,1.81
416,416,matched,True,True,secure_unique_chandra_irac_link,component-67e0bdb7b6c549d4,test,False,8,221502,221502,221502,True,0.8638803960030329,True,True,149.935652,2.4407211,1.43
417,417,matched,True,True,secure_unique_chandra_irac_link,component-afcf8bc077e68eb9,test,False,16,138411,138411,138411,True,0.284186481020501,True,True,149.669212,2.0739619,1.08
418,418,matched,True,True,secure_unique_chandra_irac_link,component-4c8d5b6c695d265f,test,False,19,252420,252420,252420,True,1.94721996584815,True,True,150.3332155,2.5789949,1.794
42,42,matched,True,True,secure_unique_chandra_irac_link,component-73475cb40a568e8d,calibration,False,14,214408,214408,214408,True,0.23680432333692888,True,True,150.5115233,2.4095628,1.07
420,420,matched,True,True,secure_unique_chandra_irac_link,component-db55da3fc3098e9c,calibration,False,19,246068,246068,246068,True,0.6718127311530275,True,True,150.4526403,2.5513941,1.974
421,421,matched,True,True,secure_unique_chandra_irac_link,component-5092c37bcbc9f0fb,calibration,False,11,201592,,201592,True,2.82579306118307,False,True,150.1883469,2.3536183,2.16
422,422,matched,True,True,secure_unique_chandra_irac_link,component-5658b88806a236b6,test,False,12,176877,176877,176877,True,2.5097372795803614,True,True,150.1053628,2.2436208,2.25
423,423,matched,True,True,secure_unique_chandra_irac_link,component-814bb6b8dc12188a,test,False,13,278457,278457,278457,True,0.6927977516651428,True,True,150.5777659,2.6940498,1.72
425,425,matched,True,True,secure_unique_chandra_irac_link,component-0dfcddb0440e967f,test,False,19,109854,109854,109854,True,0.967629839062339,True,True,149.9347938,1.9454586,1.67
426,426,matched,True,True,secure_unique_chandra_irac_link,component-9be3da431e0a833d,test,False,10,322154,322154,322154,True,0.9427970769806289,True,True,150.4863738,2.8867143,1.57
427,427,matched,True,True,secure_unique_chandra_irac_link,component-42f25adecf476298,calibration,False,16,171482,171482,171482,True,1.135129486036407,True,True,150.0594145,2.2198361,1.77
428,428,matched,True,True,secure_unique_chandra_irac_link,component-cbf2f7864f1c9883,calibration,False,19,91080,91080,91080,True,1.8616296728882578,True,True,150.2421154,1.8591031,1.55
43,43,matched,True,True,secure_unique_chandra_irac_link,component-44cb730c420480a0,test,False,13,191387,191387,191387,True,1.1435090243106865,True,True,149.8341836,2.3086705,1.15
430,430,matched,True,True,secure_unique_chandra_irac_link,component-fed88b40aba63cac,calibration,False,20,202374,202374,202374,True,1.5048876793061332,True,True,149.959493,2.3560881,1.69
431,431,matched,True,True,secure_unique_chandra_irac_link,component-0a1f1256f9bac68e,test,False,13,155730,155730,155730,True,0.9323265913653694,True,True,149.9185803,2.1538341,1.77
434,434,matched,True,True,secure_unique_chandra_irac_link,component-ea415bf50eb65ade,calibration,False,17,220815,220815,220815,True,0.5000234253521418,True,True,150.5511232,2.4371343,1.51
435,435,matched,True,True,secure_unique_chandra_irac_link,component-2fa599d068b3c8a6,calibration,False,16,258410,258112,258112,True,5.925026132706285,False,False,150.3272377,2.6049265,2.06
436,436,matched,True,True,secure_unique_chandra_irac_link,component-155d1cf609cedded,calibration,False,16,157440,157440,157440,True,0.0838743758456544,True,True,150.3025857,2.1610573,1.23
438,438,matched,True,True,secure_unique_chandra_irac_link,component-18d37c950a3e810d,test,False,18,299892,299892,299892,True,2.6668645792592898,True,True,150.3668673,2.7886972,2.01
44,44,matched,True,True,secure_unique_chandra_irac_link,component-71ee45a3c0db9a98,test,False,13,167628,167628,167628,True,0.4914905048542861,True,True,150.2145294,2.2042322,1.12
440,440,matched,True,True,secure_unique_chandra_irac_link,component-e3f6959781c353c2,test,False,15,295258,295258,295258,True,1.0861488086016342,True,True,150.3090038,2.7686663,1.97
442,442,matched,True,True,secure_unique_chandra_irac_link,component-5627b4a8f9efbd8f,test,False,15,404161,404161,404161,True,1.7242665525013012,True,True,150.3787361,2.7345663,1.93
446,446,matched,True,True,secure_unique_chandra_irac_link,component-75c3e223190bf1a1,calibration,False,10,231228,231414,231414,True,3.4310990236001615,False,False,150.370472,2.4837537,2.24
447,447,matched,True,True,secure_unique_chandra_irac_link,component-c498f3fe97c0df55,test,False,18,207757,207757,207757,True,0.6326701852259881,True,True,150.3288178,2.3802838,1.93
448,448,matched,True,True,secure_unique_chandra_irac_link,component-c921ab4a583649db,test,False,13,128910,128910,128910,True,1.019196372968452,True,True,149.8746788,2.0309394,1.51
449,449,matched,True,True,secure_unique_chandra_irac_link,component-4a30a219a9d7663f,test,False,16,110351,110351,110351,True,1.3546686211359336,True,True,150.2637019,1.9472028,1.81
45,45,matched,False,True,secure_unique_chandra_irac_link,component-a8081b6bc4d214b2,excluded,True,11,220013,220013,220013,True,0.5660118190499167,True,True,150.3359887,2.4335926,1.23
450,450,matched,True,True,secure_unique_chandra_irac_link,component-d18187ee72b050a0,test,False,18,403505,403505,403505,True,1.9552866725929654,True,True,150.4829341,2.7157588,1.9
451,451,unknown,False,False,chandra_identification_unidentified,component-caa1aedb2a6ce96b,descriptive,False,6,,,218005,False,,False,False,150.1160802,2.425123,2.374
452,452,matched,True,True,secure_unique_chandra_irac_link,component-549a2fac47d713cc,test,False,10,131483,131483,131483,True,1.1332652592275934,True,True,150.1948234,2.0424764,1.97
453,453,matched,True,True,secure_unique_chandra_irac_link,component-d83c7ee736be931d,calibration,False,13,304353,304353,304353,True,0.6414844763312515,True,True,150.1588415,2.8083177,1.47
454,454,matched,True,True,secure_unique_chandra_irac_link,component-48f89b630677c2cb,calibration,False,12,146594,146408,146408,True,2.4673967388301774,False,False,149.7935408,2.1112854,1.87
456,456,matched,True,True,secure_unique_chandra_irac_link,component-6ca65d086b0a520f,test,False,11,158424,158424,158424,True,1.0934151084062047,True,True,150.1126519,2.1649014,1.61
458,458,matched,True,True,secure_unique_chandra_irac_link,component-ad21a2b810af49a8,test,False,13,187490,187490,187490,True,0.8317905524551705,True,True,150.2913269,2.2907868,1.76
459,459,unknown,False,False,secure_chandra_reference_missing_from_irac_catalog,component-42f0bec3310ddd8a,descriptive,False,14,,,80157,False,,False,False,150.1650076,1.8060031,1.46
46,46,matched,True,True,secure_unique_chandra_irac_link,component-25fc0e7096fc6537,test,False,3,392883,392883,392883,True,0.5494595956135956,True,True,150.4298518,2.2911733,0.232
460,460,matched,True,True,secure_unique_chandra_irac_link,component-841a05fd378a2c06,test,False,15,173289,173289,173289,True,1.6909302501687034,True,True,149.8238214,2.2278566,1.93
462,462,unknown,False,False,secure_chandra_reference_missing_from_irac_catalog,component-da4d43f295ce9263,descriptive,False,16,,,,False,,False,False,149.7338784,2.0762933,1.78
463,463,matched,True,True,secure_unique_chandra_irac_link,component-06de973bb45531d5,test,False,6,139162,139162,139162,True,0.8401541367814978,True,True,149.9985478,2.0768109,1.86
465,465,matched,True,True,secure_unique_chandra_irac_link,component-b9e4104fdcc9cdcd,test,False,16,217497,217497,217497,True,0.8595007131134645,True,True,149.8488311,2.4231127,1.77
467,467,matched,True,True,secure_unique_chandra_irac_link,component-bf6ef58a28db4a93,test,False,20,237251,237251,237251,True,0.3953769392684464,True,True,149.8854741,2.5104738,1.3
469,469,matched,True,True,secure_unique_chandra_irac_link,component-c6bd343ae0007cdb,test,False,12,126896,,126896,True,2.5404770804366805,False,True,150.0975768,2.0210184,2.6
47,47,matched,True,True,secure_unique_chandra_irac_link,component-2fa599d068b3c8a6,calibration,False,20,258081,258081,258081,True,0.6301897623223655,True,True,150.3178983,2.601891,1.14
470,470,matched,True,True,secure_unique_chandra_irac_link,component-30eec89ddd9c342e,test,False,11,225658,225658,225658,True,2.6094567018259767,True,True,150.0335161,2.4589408,1.794
471,471,matched,True,True,secure_unique_chandra_irac_link,component-064c3e311ef63912,test,False,18,309134,309134,309134,True,1.3783039280298999,True,True,150.191872,2.8287386,1.55
472,472,matched,True,True,secure_unique_chandra_irac_link,component-b6cb293891dd6274,test,False,13,308574,308574,308574,True,1.404815235597851,True,True,150.349886,2.8268949,2.19
473,473,matched,True,True,secure_unique_chandra_irac_link,component-3a8f6d79cd434dc1,calibration,False,12,220168,220168,220168,True,1.122687821700814,True,True,150.0269331,2.4347649,2.075
477,477,matched,True,True,secure_unique_chandra_irac_link,component-6e82b8197ce29396,test,False,21,212326,212326,212326,True,0.7400047918001719,True,True,150.3662622,2.3995094,1.53
48,48,matched,True,True,secure_unique_chandra_irac_link,component-98010bd9270f9b10,test,False,8,180063,180063,180063,True,0.9142899599001608,True,True,149.7715299,2.2581988,1.1
480,480,matched,True,True,secure_unique_chandra_irac_link,component-ddfe0e8d462af661,calibration,False,16,259252,259252,259252,True,1.2096442631636797,True,True,150.4261133,2.6089709,1.64
483,483,matched,True,True,secure_unique_chandra_irac_link,component-48ce32e8ec774159,test,False,15,307341,307341,307341,True,2.2816303750289135,True,True,150.2703911,2.8194485,1.98
484,484,matched,True,True,secure_unique_chandra_irac_link,component-a42e815c58f3977f,test,False,10,106993,106993,106993,True,0.34306214400097534,True,True,149.9886719,1.9323513,1.93
486,486,matched,False,True,secure_unique_chandra_irac_link,component-3a0d2dad2876b325,excluded,True,13,237935,237935,237935,True,0.690331248318936,True,True,149.9200808,2.5143571,1.94
49,49,matched,True,True,secure_unique_chandra_irac_link,component-0e17daca5f3e175f,test,False,12,122906,122906,122906,True,1.4928739353916824,True,True,150.0728533,2.0031487,1.18
491,491,matched,True,True,secure_unique_chandra_irac_link,component-084cc9d9aa70199a,test,False,13,208475,208475,208475,True,1.2330222130932778,True,True,149.8494398,2.3835632,1.84
492,492,matched,True,True,secure_unique_chandra_irac_link,component-56bab8c604180f93,calibration,False,17,210475,210475,210475,True,2.3203614824768724,True,True,150.3425217,2.3926921,2.02
496,496,matched,True,True,secure_unique_chandra_irac_link,component-35bbce4007c5cd57,calibration,False,14,141002,141002,141002,True,0.9268053897102179,True,True,149.6638261,2.0851208,1.26
497,497,matched,True,True,secure_unique_chandra_irac_link,component-dcb5d6e69e4ded78,calibration,False,8,159448,159448,159448,True,2.49573081008094,True,True,149.9079212,2.1690506,1.91
498,498,matched,True,True,secure_unique_chandra_irac_link,component-f138665c5aa66008,test,False,13,177606,177606,177606,True,0.35518321695556826,True,True,150.3164875,2.2466874,1.37
5,5,matched,True,True,secure_unique_chandra_irac_link,component-ef2d127de37b942b,test,False,17,158298,158298,158298,True,1.0711552798714405,True,True,149.8281899,2.1642078,0.93
50,50,matched,True,True,secure_unique_chandra_irac_link,component-1a6562590ef19d10,test,False,21,186167,186167,186167,True,0.22879659774185387,True,True,149.8919733,2.2850416,1.14
5001,5001,matched,True,True,secure_unique_chandra_irac_link,component-adb019dcde61d092,test,False,16,278383,278383,278383,True,0.7862226560602794,True,True,150.0700264,2.6947902,1.837
5002,5002,matched,True,True,secure_unique_chandra_irac_link,component-512cf0f5dcf56d4f,calibration,False,24,272170,272170,272170,True,1.401087908342827,True,True,150.8170289,2.6677489,2.0
5005,5005,matched,True,True,secure_unique_chandra_irac_link,component-79830ce5b6d9c51e,test,False,13,136902,,136902,True,3.5962404140736983,False,True,149.5540676,2.0658426,1.98
5006,5006,matched,True,True,secure_unique_chandra_irac_link,component-b722c9caaa55038b,test,False,11,254029,254029,254029,True,2.2800220763278527,True,True,149.7412679,2.5849184,1.7
5007,5007,unknown,False,False,secure_chandra_reference_missing_from_irac_catalog,component-d5eaa6c528033fa8,excluded,False,15,,,135156,False,,False,False,150.4209531,2.0591625,1.812
5008,5008,matched,True,True,secure_unique_chandra_irac_link,component-8fe5f40fd0363af8,test,False,20,246951,246951,246951,True,0.9059144877505577,True,True,149.9103948,2.5546273,1.47
5009,5009,matched,True,True,secure_unique_chandra_irac_link,component-fb5fa8f93a7d3f42,test,False,15,151646,,151359,True,4.013972506680242,False,False,149.8326074,2.1333117,3.11
5010,5010,matched,True,True,secure_unique_chandra_irac_link,component-491a89805507165f,test,False,16,274931,274931,274931,True,1.7795883481353818,True,True,150.5228108,2.6789496,2.07
5011,5011,matched,True,True,secure_unique_chandra_irac_link,component-03afa3478417ff50,calibration,False,13,213203,213203,213203,True,1.9585806425633698,True,True,150.6205519,2.4041652,1.95
5013,5013,matched,True,True,secure_unique_chandra_irac_link,component-9e3816a4198e3722,test,False,11,108748,108748,108748,True,1.6981694654881956,True,True,149.7764867,1.9397816,1.55
5014,5014,matched,True,True,secure_unique_chandra_irac_link,component-556da99bfbcef832,test,False,13,306358,306358,306358,True,0.5366633390067824,True,True,150.6193473,2.8170627,1.24
5016,5016,matched,True,True,secure_unique_chandra_irac_link,component-e9cf0653c1f1de47,test,False,12,229918,229918,229918,True,2.651910287549399,True,True,149.7591785,2.4764734,2.14
5020,5020,matched,True,True,secure_unique_chandra_irac_link,component-dccbb9fd978cb560,test,False,16,113408,113408,113408,True,1.701863488274696,True,True,150.3526582,1.9610628,1.79
5021,5021,matched,True,True,secure_unique_chandra_irac_link,component-1210e6c2e909ec7c,test,False,10,161004,,161004,True,3.3748872019270975,False,True,150.6818595,2.1754396,2.28
5022,5022,matched,True,True,secure_unique_chandra_irac_link,component-6eef362598bc0d76,calibration,False,19,229971,229971,229971,True,2.1658171541436464,True,True,150.6292289,2.4764657,1.58
5023,5023,matched,True,True,secure_unique_chandra_irac_link,component-a5d78811121695de,test,False,15,92316,92316,92316,True,1.1369578186366012,True,True,149.6501927,1.865664,1.77
5028,5028,matched,True,True,secure_unique_chandra_irac_link,component-95476eb48784279d,test,False,15,215591,215591,215591,True,1.3807937025567532,True,True,150.628773,2.4145677,1.72
5030,5030,unknown,False,False,no_chandra_xmm_mapping,component-cead18006a4de84e,descriptive,False,21,,,336918,False,,False,False,149.556531,2.9510033,2.49
5031,5031,matched,True,True,secure_unique_chandra_irac_link,component-a01939fb3fb61c02,test,False,12,379981,379981,379981,True,1.1626405502491093,True,True,150.5365916,1.8498579,2.04
5033,5033,matched,True,True,secure_unique_chandra_irac_link,component-822fb7b543bfa03e,test,False,13,35157,35157,35157,True,1.4413072431630376,True,True,150.6738267,1.5975576,1.58
5034,5034,matched,True,True,secure_unique_chandra_irac_link,component-8118ace068f81646,test,False,17,258691,258691,258691,True,2.7072528360830876,True,True,149.8102155,2.6073807,2.21
5035,5035,matched,True,True,secure_unique_chandra_irac_link,component-fec006833ca7c4b0,test,False,12,138705,138705,138705,True,0.44857777459249804,True,True,149.506616,2.0746688,1.35
5036,5036,matched,True,True,secure_unique_chandra_irac_link,component-ca306090974ef372,test,False,8,297834,297995,297995,True,1.8776183041246048,False,False,149.7928684,2.7810227,1.63
5037,5037,matched,True,True,secure_unique_chandra_irac_link,component-78c549f9e428652c,test,False,19,276285,276285,276285,True,1.5542758578570839,True,True,150.8186476,2.6855345,1.83
5038,5038,matched,True,True,secure_unique_chandra_irac_link,component-79419411f2e6dad2,test,False,14,208674,208674,208674,True,0.5264519649405704,True,True,150.5266335,2.3845484,1.79
5039,5039,matched,True,True,secure_unique_chandra_irac_link,component-5008a184a9ed025b,test,False,12,126051,,126051,True,3.038232897447728,False,True,150.4871763,2.0157803,1.92
504,504,unknown,False,False,secure_chandra_reference_missing_from_irac_catalog,component-ba689abd93c9c6a7,descriptive,False,15,,172933,172933,False,,False,False,149.8794916,2.2256682,2.03
5041,5041,matched,True,True,secure_unique_chandra_irac_link,component-a1e93f34271e6752,calibration,False,14,117266,117266,117266,True,1.4877897279291705,True,True,149.7385512,1.9790939,1.6
5042,5042,matched,True,True,secure_unique_chandra_irac_link,component-987f08bbb02c62b2,test,False,14,69278,69278,69278,True,2.100159622929518,True,True,149.8041091,1.7577985,1.84
5043,5043,matched,True,True,secure_unique_chandra_irac_link,component-16277a3e794fdf16,calibration,False,14,140619,140619,140619,True,1.1206647187546144,True,True,149.7428018,2.0833789,1.77
5047,5047,matched,True,True,secure_unique_chandra_irac_link,component-b9defee8a4ecc2a4,test,False,12,35625,35625,35625,True,0.9543667846030062,True,True,149.930645,1.5952949,2.21
5048,5048,matched,True,True,secure_unique_chandra_irac_link,component-f5e3bc45f9533789,calibration,False,15,81145,81145,81145,True,2.5730738840423433,True,True,149.9414457,1.8118672,1.99
5049,5049,matched,True,True,secure_unique_chandra_irac_link,component-6e686f3131a0c0d4,test,False,12,197180,197180,197180,True,1.4662386599363422,True,True,149.7636527,2.3338035,1.74
505,505,matched,True,True,secure_unique_chandra_irac_link,component-e13b778ae833ca8c,test,False,3,389701,,,True,2.3476321348672866,False,False,149.5966175,2.2196371,0.618
5050,5050,matched,True,True,secure_unique_chandra_irac_link,component-78e97a60dd2a794f,test,False,10,396730,396730,396730,True,0.5796925487457213,True,True,149.6628066,2.4565214,0.975
5053,5053,matched,True,True,secure_unique_chandra_irac_link,component-d4c1e7b51c1914fd,test,False,15,111724,111724,111724,True,0.3508753524719547,True,True,150.3708983,1.9531653,1.83
5054,5054,matched,True,True,secure_unique_chandra_irac_link,component-64188615b7068099,test,False,11,266312,266312,266312,True,1.2390286739598932,True,True,149.8642065,2.640277,1.5
5056,5056,matched,True,True,secure_unique_chandra_irac_link,component-fcf40aad4b47bd25,test,False,13,109176,109176,109176,True,0.6744072971235138,True,True,149.672222,1.9413358,1.36
5057,5057,matched,True,True,secure_unique_chandra_irac_link,component-f06436fba104193e,test,False,16,294270,294270,294270,True,2.575228620709829,True,True,150.2952213,2.7639751,1.89
5058,5058,matched,True,True,secure_unique_chandra_irac_link,component-4eee1c20e6a1b184,calibration,False,16,273749,274007,274007,True,3.017536782115555,False,False,150.6655269,2.6751836,1.71
5059,5059,matched,True,True,secure_unique_chandra_irac_link,component-72d2a66b314bb6dc,test,False,16,130397,130397,130397,True,2.3195621493808822,True,True,150.6443766,2.0358966,1.74
5061,5061,matched,True,True,secure_unique_chandra_irac_link,component-55477b4e000876b5,test,False,15,97182,97182,97182,True,0.39581128444368796,True,True,149.6742987,1.8883599,1.1
5064,5064,matched,True,True,secure_unique_chandra_irac_link,component-b28bb581f28c6301,calibration,False,7,228552,228552,228552,True,1.45933347927536,True,True,150.0403312,2.4716415,1.94
5066,5066,matched,True,True,secure_unique_chandra_irac_link,component-b6cfb9e281f64066,test,False,14,116390,116390,116390,True,1.0415877070321888,True,True,149.433337,1.9735809,1.78
5068,5068,matched,True,True,secure_unique_chandra_irac_link,component-52fca1c4244d415a,calibration,False,14,263534,263534,263534,True,2.7296361410150167,True,True,149.752048,2.6297078,1.9
5069,5069,matched,True,True,secure_unique_chandra_irac_link,component-66fee1789fd31f86,calibration,False,19,148940,148940,148940,True,0.24155906888956039,True,True,150.4610646,2.1225939,1.56
507,507,matched,True,True,secure_unique_chandra_irac_link,component-a435270b90e9b709,test,False,19,205044,205044,205044,True,2.0074887655064515,True,True,150.3074579,2.3681264,2.17
5070,5070,matched,True,True,secure_unique_chandra_irac_link,component-739ec77b846ad913,test,False,13,250228,250228,250228,True,1.1346254353868583,True,True,149.8762007,2.5687332,1.6
5071,5071,unknown,False,False,secure_chandra_reference_missing_from_irac_catalog,component-d773d1f62650bf6f,excluded,False,16,,248225,248225,False,,False,False,149.7957324,2.5595487,1.56
5073,5073,unknown,False,False,secure_chandra_reference_missing_from_irac_catalog,component-b266158a7a332945,excluded,False,5,,372253,372253,False,,False,False,149.7447891,1.6345636,0.634
5074,5074,matched,False,True,secure_unique_chandra_irac_link,component-b266158a7a332945,excluded,True,4,372751,372751,372751,True,1.1126817362091228,True,True,149.7451345,1.6297359,0.418
5075,5075,matched,True,True,secure_unique_chandra_irac_link,component-2aa83195556beb86,calibration,False,10,278578,,278578,True,2.9383009771549284,False,True,150.0415425,2.6945303,1.99
5076,5076,matched,True,True,secure_unique_chandra_irac_link,component-71181f5d23343d7d,test,False,5,379731,379731,379731,True,0.5149400143655958,True,True,150.0150348,1.8457324,0.891
5077,5077,matched,True,True,secure_unique_chandra_irac_link,component-70e591693e738912,test,False,13,154414,154414,154414,True,0.7768363015362657,True,True,150.7094183,2.1475341,1.63
5078,5078,matched,True,True,secure_unique_chandra_irac_link,component-27c07c5ddfa9e28d,calibration,False,8,67602,67602,67602,True,0.42641776847743784,True,True,149.6446689,1.7507146,1.32
5081,5081,matched,True,True,secure_unique_chandra_irac_link,component-778761ba6fc79bea,calibration,False,18,305106,305106,305106,True,1.6470199069907294,True,True,150.0056265,2.8126031,1.05
5082,5082,matched,True,True,secure_unique_chandra_irac_link,component-cc55b4c2e7e6d5ef,test,False,11,288957,288957,288957,True,1.8997138796152806,True,True,149.6414343,2.7412165,1.02
5083,5083,matched,True,True,secure_unique_chandra_irac_link,component-77ec867e21dc93a5,test,False,10,291404,291404,291404,True,0.9461222162460516,True,True,150.023023,2.7524503,1.16
5084,5084,unknown,False,False,no_chandra_xmm_mapping,component-9a2649d95e2b2a08,descriptive,False,13,,321340,321340,False,,False,False,149.5742439,2.8832552,2.72
5086,5086,unknown,False,False,no_chandra_xmm_mapping,component-b17c43875bbf6fb9,descriptive,False,19,,229611,229611,False,,False,False,149.8672703,2.475735,1.91
5087,5087,matched,True,True,secure_unique_chandra_irac_link,component-c7048910e6a1f72f,calibration,False,11,385506,385506,385506,True,1.2782726918014549,True,True,149.4951485,2.0840189,0.63
5088,5088,matched,True,True,secure_unique_chandra_irac_link,component-a377d689b68fdb41,test,False,18,145368,145368,145368,True,1.2447949473570197,True,True,149.8670278,2.1065805,1.76
5089,5089,matched,True,True,secure_unique_chandra_irac_link,component-07d8a45862d696d1,test,False,11,293728,,293728,True,3.193612099861468,False,True,149.6982903,2.7594821,2.25
5091,5091,matched,True,True,secure_unique_chandra_irac_link,component-5502404569d83b54,calibration,False,12,264416,264416,264416,True,0.5067533623213087,True,True,150.0045121,2.6328416,1.56
5092,5092,matched,True,True,secure_unique_chandra_irac_link,component-fd80a10108073b03,calibration,False,15,263025,263025,263025,True,1.7841807206720481,True,True,150.0088744,2.6262578,2.03
5093,5093,ambiguous,False,False,multiple_chandra_sources,component-aa7232ce3a770417,excluded,False,20,,181424,181424,False,,False,False,150.6725956,2.2639087,1.57
5094,5094,matched,True,True,secure_unique_chandra_irac_link,component-fcba3ea8cc943329,test,False,12,82387,82387,82387,True,0.3688521505889238,True,True,149.6917203,1.8180746,1.72
5095,5095,matched,True,True,secure_unique_chandra_irac_link,component-fcba3ea8cc943329,test,False,13,81180,81180,81180,True,0.760926785479514,True,True,149.6874749,1.8128451,1.4
5096,5096,matched,True,True,secure_unique_chandra_irac_link,component-5f72fd7c6698ae5b,calibration,False,14,333293,,333293,True,3.2744176084236423,False,True,150.5007181,2.9353294,1.98
5098,5098,matched,True,True,secure_unique_chandra_irac_link,component-26bb5daced9d489e,test,False,16,259672,259672,259672,True,1.4808720342452018,True,True,149.7361553,2.6110144,1.57
5099,5099,matched,True,True,secure_unique_chandra_irac_link,component-512cf0f5dcf56d4f,calibration,False,15,402464,402464,402464,True,2.3210542881495098,True,True,150.8223881,2.6719385,2.06
51,51,matched,True,True,secure_unique_chandra_irac_link,component-031b4af5197ec30a,test,False,10,125585,125585,125585,True,0.7841185449219565,True,True,150.0588591,2.014971,1.15
5100,5100,matched,True,True,secure_unique_chandra_irac_link,component-1299c06d517825c0,test,False,12,277686,277686,277686,True,1.2102941726054086,True,True,150.6399364,2.6915991,0.695
5101,5101,matched,True,True,secure_unique_chandra_irac_link,component-36a4f11f8ddfc296,calibration,False,8,137964,137964,137964,True,1.28661581592858,True,True,150.6318507,2.0713262,1.94
5102,5102,matched,True,True,secure_unique_chandra_irac_link,component-725860893c121d3b,calibration,False,10,227228,227228,227228,True,0.8416740203527564,True,True,150.7745775,2.4647925,1.37
5104,5104,matched,True,True,secure_unique_chandra_irac_link,component-99b057c8e3461b97,test,False,11,76244,76244,76244,True,0.5345543549488995,True,True,150.4780831,1.7904321,1.99
5105,5105,matched,True,True,secure_unique_chandra_irac_link,component-93b320220ecff3e6,test,False,8,405368,405368,405368,True,0.25782625988679875,True,True,149.4283256,2.7503698,2.13
5109,5109,ambiguous,False,False,multiple_chandra_sources,component-894a8d014804accb,descriptive,False,3,,,,False,,False,False,149.7189235,2.6281145,1.4
511,511,matched,True,True,secure_unique_chandra_irac_link,component-2c69bc9b34fb0800,calibration,False,14,396019,395625,395625,True,3.1490123845605997,False,False,150.1548939,2.4366979,2.15
5110,5110,matched,True,True,secure_unique_chandra_irac_link,component-bbe65555c3dd4b5c,calibration,False,13,379360,379360,379360,True,0.5415734453310522,True,True,149.5183856,1.8710588,0.529
5111,5111,matched,True,True,secure_unique_chandra_irac_link,component-c7048910e6a1f72f,calibration,False,15,138746,138746,138746,True,0.5505172457860458,True,True,149.4916084,2.0752513,2.09
5112,5112,matched,True,True,secure_unique_chandra_irac_link,component-385c56eff6c42d26,test,False,13,273888,273888,273888,True,1.4420892288766305,True,True,149.8384688,2.6750874,0.96
5113,5113,matched,True,True,secure_unique_chandra_irac_link,component-d7438e0c55c705c3,test,False,15,266480,266480,266480,True,1.384260127601031,True,True,150.0663325,2.642817,2.03
5114,5114,matched,True,True,secure_unique_chandra_irac_link,component-251d298116e31fdd,test,False,18,298460,298460,298460,True,1.4341779597615882,True,True,150.6575542,2.7835078,1.29
5116,5116,matched,False,True,secure_unique_chandra_irac_link,component-235cdd5c393a0d88,excluded,True,10,166457,166457,166457,True,1.2598660280514142,True,True,150.735835,2.1998601,1.74
5118,5118,matched,True,True,secure_unique_chandra_irac_link,component-555850e8f7f153d3,test,False,15,276080,276080,276080,True,0.7661892061282868,True,True,150.1178219,2.6840661,1.64
5119,5119,matched,False,True,secure_unique_chandra_irac_link,component-aa7232ce3a770417,excluded,True,10,183192,183192,183192,True,0.3170831660540816,True,True,150.673909,2.2710331,1.34
512,512,matched,True,True,secure_unique_chandra_irac_link,component-084cc9d9aa70199a,test,False,7,206407,206407,206407,True,0.8698527904402761,True,True,149.8481876,2.3744781,1.78
5120,5120,unknown,False,False,chandra_identification_subthreshold,component-590c8b2c61aed941,excluded,False,13,,,,False,,False,False,149.7619116,2.4348736,1.58
5121,5121,matched,True,True,secure_unique_chandra_irac_link,component-18de9efae3ad4dc7,test,False,12,283133,283133,283133,True,1.4951815382680382,True,True,150.6449944,2.715135,1.14
5122,5122,matched,True,True,secure_unique_chandra_irac_link,component-8bf3ada0969f6256,calibration,False,3,405296,405296,405296,True,0.6834629861036232,True,True,149.3963191,2.7459596,1.49
5123,5123,unknown,False,False,no_chandra_xmm_mapping,component-4f9eb48d371e25b0,descriptive,False,8,,320186,320186,False,,False,False,150.7299961,2.8775929,1.58
5124,5124,ambiguous,False,False,multiple_chandra_sources,component-83a78b3a435a3355,descriptive,False,10,,,,False,,False,False,150.6448633,2.3506722,1.63
5125,5125,matched,True,True,secure_unique_chandra_irac_link,component-d5278809856213eb,calibration,False,16,200045,200045,200045,True,0.7335595291157054,True,True,149.8834733,2.3467939,1.58
5126,5126,matched,True,True,secure_unique_chandra_irac_link,component-f22f0d6e26673a2e,calibration,False,10,255134,255134,255134,True,0.7514721444472342,True,True,149.5523613,2.5910089,1.62
5127,5127,matched,True,True,secure_unique_chandra_irac_link,component-0c75245a12928aea,test,False,15,253107,253107,253107,True,2.518772318265584,True,True,150.6711609,2.5801034,1.53
5128,5128,matched,True,True,secure_unique_chandra_irac_link,component-0ce0dc4356dd9a75,test,False,13,105049,105049,105049,True,0.5332396770021883,True,True,149.911979,1.9233582,1.9
5130,5130,matched,True,True,secure_unique_chandra_irac_link,component-ec34d6f17350fb4b,test,False,15,75365,75365,75365,True,2.6830276368815005,True,True,150.1278713,1.7857349,1.71
5131,5131,matched,True,True,secure_unique_chandra_irac_link,component-cb478c8bf5cb0aef,calibration,False,15,152604,152604,152604,True,1.3866573605544894,True,True,150.7970856,2.1392655,1.64
5132,5132,matched,True,True,secure_unique_chandra_irac_link,component-a77b3237cb73acfb,test,False,14,268962,268962,268962,True,1.6309978299373065,True,True,149.6944169,2.6533562,1.29
5133,5133,matched,True,True,secure_unique_chandra_irac_link,component-0f11954c786d1b2f,calibration,False,15,255835,255835,255835,True,0.33927975494396034,True,True,150.6339514,2.5937461,0.98
5135,5135,matched,True,True,secure_unique_chandra_irac_link,component-69e1ed9ddd80106c,test,False,10,289253,289253,289253,True,1.5991146237474558,True,True,149.815877,2.7428181,1.37
5136,5136,matched,True,True,secure_unique_chandra_irac_link,component-69e1ed9ddd80106c,test,False,12,287520,287520,287520,True,1.440067294638361,True,True,149.8140898,2.7345742,2.07
5138,5138,matched,True,True,secure_unique_chandra_irac_link,component-2ab3fcb8329ca8b9,calibration,False,16,282344,282344,282344,True,1.461420458866257,True,True,149.8322038,2.7106576,1.22
5139,5139,matched,True,True,secure_unique_chandra_irac_link,component-6cb88ea154fedc32,calibration,False,12,80983,80983,80983,True,0.9618083492001324,True,True,149.8207522,1.8118402,1.53
5140,5140,unknown,False,False,no_chandra_xmm_mapping,component-c0d544fbf7432173,descriptive,False,11,,292883,292883,False,,False,False,150.5563561,2.7580874,2.35
5142,5142,matched,True,True,secure_unique_chandra_irac_link,component-7465eeede3419aaa,test,False,13,211102,211102,211102,True,1.1374207848853337,True,True,150.682825,2.3948098,2.04
5145,5145,matched,True,True,secure_unique_chandra_irac_link,component-766af62a6275002e,test,False,13,302565,302606,302606,True,2.183313994052098,False,False,150.5931199,2.8013149,1.4
5147,5147,matched,True,True,secure_unique_chandra_irac_link,component-fc09e6f4de35657a,test,False,11,194778,194778,194778,True,1.3903491593158457,True,True,149.8513583,2.3236578,2.05
5149,5149,matched,True,True,secure_unique_chandra_irac_link,component-97b947fde5e120c7,test,False,11,119147,119147,119147,True,1.950611702888327,True,True,150.2643792,1.9868774,2.4
515,515,matched,True,True,secure_unique_chandra_irac_link,component-d4b9aead1dd10a59,test,False,18,179906,179906,179906,True,2.0032965273388683,True,True,150.0366933,2.2572242,1.925
5150,5150,matched,True,True,secure_unique_chandra_irac_link,component-9ff8476644903ba6,test,False,16,191332,191332,191332,True,0.1605926342201704,True,True,150.8523969,2.3086694,1.08
5151,5151,matched,True,True,secure_unique_chandra_irac_link,component-236e5fcfd21603c3,calibration,False,13,212007,212007,212007,True,1.1350453193344148,True,True,150.8245613,2.3990489,1.35
5153,5153,matched,True,True,secure_unique_chandra_irac_link,component-2c52330077a08ea7,test,False,13,71633,71633,71633,True,0.5785647452107892,True,True,149.5865469,1.7692322,1.34
5154,5154,matched,True,True,secure_unique_chandra_irac_link,component-b359f3a61109f58e,test,False,14,114972,114972,114972,True,1.1056599990668414,True,True,150.415544,1.968022,2.04
5155,5155,matched,True,True,secure_unique_chandra_irac_link,component-5a8571752ba7e7a2,test,False,16,126729,126729,126729,True,0.4068380913894584,True,True,149.833097,2.0209948,1.53
5156,5156,matched,True,True,secure_unique_chandra_irac_link,component-df923eb41ed50d6e,calibration,False,5,105353,105353,105353,True,2.6007066537997807,True,True,150.2702431,1.9257992,2.14
5157,5157,matched,True,True,secure_unique_chandra_irac_link,component-d937ffa207c3d50a,test,False,15,232988,232988,232988,True,1.1173806624573914,True,True,150.633638,2.4905873,1.96
5158,5158,matched,True,True,secure_unique_chandra_irac_link,component-d705884aebb3235a,calibration,False,11,244597,244597,244597,True,0.8204739879719525,True,True,149.8600943,2.5446184,1.52
516,516,unknown,False,False,no_chandra_xmm_mapping,component-4771bef2c04a34b5,descriptive,False,22,,183869,183869,False,,False,False,150.321632,2.2749498,1.8
5161,5161,matched,True,True,secure_unique_chandra_irac_link,component-2bfad1e5a8a01b9d,calibration,False,14,286928,286928,286928,True,2.5190279416097927,True,True,149.7481414,2.7323952,2.23
5162,5162,matched,True,True,secure_unique_chandra_irac_link,component-2bfad1e5a8a01b9d,calibration,False,16,288318,288318,288318,True,1.5277366300805342,True,True,149.7550019,2.7386715,1.73
5163,5163,matched,False,True,secure_unique_chandra_irac_link,component-5cda0f1a4f706448,excluded,True,14,317575,317575,317575,True,1.6570971130771013,True,True,149.7168985,2.8659874,1.07
5164,5164,unknown,False,False,no_chandra_xmm_mapping,component-5cda0f1a4f706448,excluded,False,7,,315488,315488,False,,False,False,149.7178771,2.8570066,2.06
5165,5165,matched,True,True,secure_unique_chandra_irac_link,component-a16db3bbdd9e6aa1,test,False,12,93551,93551,93551,True,0.9189284136129476,True,True,149.8007528,1.8705883,1.51
5166,5166,matched,True,True,secure_unique_chandra_irac_link,component-a16db3bbdd9e6aa1,test,False,12,93858,93858,93858,True,0.958387541429488,True,True,149.7916577,1.8731261,1.4
5168,5168,ambiguous,False,False,multiple_chandra_sources,component-f8be6b0d4431c686,excluded,False,11,,317340,317340,False,,False,False,149.4828461,2.864818,1.72
5170,5170,matched,True,True,secure_unique_chandra_irac_link,component-93b320220ecff3e6,test,False,12,292791,292791,292791,True,0.5224482324128816,True,True,149.4249905,2.7583384,1.96
5171,5171,ambiguous,False,False,chandra_identification_ambiguous,component-8c2fa65f4b955999,descriptive,False,16,,238908,238908,False,,False,False,150.4058983,2.517794,2.0
5172,5172,matched,True,True,secure_unique_chandra_irac_link,component-e1408471f3ddf0f6,test,False,11,131202,131202,131202,True,0.025207164263126247,True,True,149.595864,2.0407283,2.01
5173,5173,matched,True,True,secure_unique_chandra_irac_link,component-9199d9e5b275563c,test,False,12,130409,130409,130409,True,0.6415733134277524,True,True,149.5866124,2.0369329,1.21
5175,5175,matched,True,True,secure_unique_chandra_irac_link,component-fb9b2de925b832f3,test,False,10,273082,273082,273082,True,0.7428873723577645,True,True,150.6201103,2.6715751,1.3
5176,5176,matched,False,True,secure_unique_chandra_irac_link,component-43311faae957cc74,excluded,True,16,308019,,308019,True,3.401798303934338,False,True,149.6689585,2.8253396,1.96
5178,5178,matched,True,True,secure_unique_chandra_irac_link,component-ccb228a3c61a32ca,test,False,11,209045,209045,209045,True,1.6981346095668435,True,True,149.8240028,2.3849568,1.95
5179,5179,matched,True,True,secure_unique_chandra_irac_link,component-ccb228a3c61a32ca,test,False,13,208683,208683,208683,True,2.1254491499209416,True,True,149.8333973,2.3847482,1.76
5180,5180,matched,True,True,secure_unique_chandra_irac_link,component-62f33c2426c25c81,calibration,False,19,86718,86718,86718,True,1.6013361629790381,True,True,149.8218855,1.8382413,1.42
5181,5181,unknown,False,False,no_chandra_xmm_mapping,component-af0d765a96669328,descriptive,False,13,,306717,306717,False,,False,False,149.648219,2.8189481,2.29
5182,5182,matched,True,True,secure_unique_chandra_irac_link,component-9779809223fd0717,test,False,11,239024,239024,239024,True,0.9390155220767796,True,True,150.6005141,2.5190504,1.85
5183,5183,matched,True,True,secure_unique_chandra_irac_link,component-afa4c9648a1a57e0,test,False,11,245520,245520,245520,True,1.0794766403528482,True,True,149.6955473,2.5489736,1.42
5185,5185,unknown,False,False,secure_chandra_reference_missing_from_irac_catalog,component-135da95b47f9d930,excluded,False,2,,,,False,,False,False,150.5474703,1.8709849,1.381
5186,5186,matched,True,True,secure_unique_chandra_irac_link,component-782e82d6a0037600,test,False,8,308047,308047,308047,True,1.1546111996756048,True,True,150.141435,2.8245834,1.3
5187,5187,unknown,False,False,no_chandra_xmm_mapping,component-684510a71f03eb1a,excluded,False,14,,,,False,,False,False,149.9874866,1.8978684,2.1
5188,5188,matched,True,True,secure_unique_chandra_irac_link,component-2dabe4cf6fb1eaf7,test,False,9,314704,314704,314704,True,0.6822737482711851,True,True,150.119133,2.8536032,1.07
5189,5189,matched,True,True,secure_unique_chandra_irac_link,component-9b5e89a3d2e2e518,test,False,16,316657,316657,316657,True,1.6822888657905608,True,True,150.1246577,2.8619806,1.96
5190,5190,matched,True,True,secure_unique_chandra_irac_link,component-ad5393c506d4ea31,test,False,11,66653,66653,66653,True,0.04214458536382414,True,True,149.8583014,1.7456757,1.47
5192,5192,matched,True,True,secure_unique_chandra_irac_link,component-dd330fcf73c7ca87,test,False,7,390034,390034,390034,True,1.3145581964615745,True,True,150.5826878,2.2588278,1.57
5193,5193,matched,True,True,secure_unique_chandra_irac_link,component-a580f210e5e622d2,test,False,17,280187,280187,280187,True,1.0145756948615736,True,True,150.7117579,2.7007849,1.49
5195,5195,matched,True,True,secure_unique_chandra_irac_link,component-4e1cf54286ea7a4c,test,False,9,258644,258644,258644,True,0.7536449518713015,True,True,150.1894186,2.6065732,1.51
5196,5196,matched,True,True,secure_unique_chandra_irac_link,component-a5bb4657a9b5316b,calibration,False,14,224862,224862,224862,True,0.3039278102015697,True,True,150.6302621,2.4545897,1.48
5197,5197,matched,True,True,secure_unique_chandra_irac_link,component-66589a14ca0f7e35,test,False,12,295220,,,True,4.648842913041837,False,False,149.366596,2.7674054,1.98
5199,5199,matched,True,True,secure_unique_chandra_irac_link,component-aced70051e58a884,test,False,4,300768,,,True,3.6422566099017226,False,False,149.4719803,2.7938123,1.94
52,52,matched,True,True,secure_unique_chandra_irac_link,component-41cfc0d1f2d127b0,test,False,12,89453,89453,89453,True,0.6736240046866319,True,True,150.0678305,1.8509799,1.15
5201,5201,matched,True,True,secure_unique_chandra_irac_link,component-f4cd1757ff9e8604,test,False,13,235047,235047,235047,True,2.3044528706013496,True,True,150.6204941,2.5000587,1.81
5202,5202,matched,True,True,secure_unique_chandra_irac_link,component-5a1130e36e3c304b,calibration,False,13,93323,93323,93323,True,1.547832988209657,True,True,150.2774841,1.8695517,1.77
5204,5204,matched,True,True,secure_unique_chandra_irac_link,component-64a59348ff335a7e,test,False,19,200445,200445,200445,True,1.4918404728360672,True,True,149.6436384,2.3483241,1.72
5205,5205,matched,True,True,secure_unique_chandra_irac_link,component-9f09cddacdb2e0c1,test,False,21,76950,76950,76950,True,1.5498482769393649,True,True,150.4911023,1.794078,1.69
5206,5206,matched,True,True,secure_unique_chandra_irac_link,component-4541a289057b2f3e,calibration,False,10,271934,271934,271934,True,1.1035730948637827,True,True,149.8834334,2.6664301,1.39
5207,5207,matched,True,True,secure_unique_chandra_irac_link,component-b99c24b31ac1bfde,test,False,16,94381,94381,94381,True,1.8292207407653083,True,True,150.3919791,1.8761107,2.09
5209,5209,matched,True,True,secure_unique_chandra_irac_link,component-0b3fe555ae8bd943,test,False,16,127908,127962,127962,True,2.8923328621312496,False,False,149.7553762,2.0269472,2.11
5212,5212,matched,True,True,secure_unique_chandra_irac_link,component-421921b162ab5ec0,test,False,11,181019,181019,181019,True,1.0614569609971565,True,True,150.6404169,2.2615557,1.07
5213,5213,matched,True,True,secure_unique_chandra_irac_link,component-e8be8572ee8c2dbf,test,False,22,138929,138929,138929,True,1.5806884097847351,True,True,149.6567364,2.076184,1.57
5214,5214,matched,True,True,secure_unique_chandra_irac_link,component-3ea291dc1be525a6,test,False,17,119450,119450,119450,True,1.744565925768902,True,True,149.5553552,1.9882095,1.74
5215,5215,matched,True,True,secure_unique_chandra_irac_link,component-8041475d9d855ae0,test,False,13,272040,272040,272040,True,1.4862770515246195,True,True,149.7390169,2.6677612,1.67
5216,5216,matched,True,True,secure_unique_chandra_irac_link,component-9f8f6a6903c658a2,test,False,14,402774,402774,402774,True,1.6848735896755742,True,True,149.7500793,2.6641289,0.47
5217,5217,matched,True,True,secure_unique_chandra_irac_link,component-a3de3fd43a0ae76e,test,False,13,116743,116743,116743,True,2.5312688151881444,True,True,149.7109518,1.9758933,2.31
5218,5218,matched,True,True,secure_unique_chandra_irac_link,component-e8b4beb51662ad87,test,False,10,287050,287050,287050,True,0.37501378447688033,True,True,150.7431377,2.7322139,1.81
5219,5219,matched,True,True,secure_unique_chandra_irac_link,component-4fceb2f5a18fbd1c,test,False,13,284862,284862,284862,True,1.326498933686701,True,True,150.7368099,2.7224552,1.99
5222,5222,matched,True,True,secure_unique_chandra_irac_link,component-805c94a358c1d459,calibration,False,11,243727,243727,243727,True,0.8865528861027389,True,True,150.6244822,2.5400926,1.37
5224,5224,matched,True,True,secure_unique_chandra_irac_link,component-c08d12b1da2796e8,calibration,False,13,211507,211507,211507,True,0.10204048178874105,True,True,149.826517,2.3967333,1.49
5225,5225,matched,True,True,secure_unique_chandra_irac_link,component-0d0fa5f5d36a2fc2,calibration,False,14,217576,217576,217576,True,0.8098956217929186,True,True,150.5442118,2.4230918,1.57
5226,5226,matched,True,True,secure_unique_chandra_irac_link,component-e5647eac37c37254,test,False,15,304925,304925,304925,True,1.3349964299172903,True,True,149.4862673,2.8116408,1.43
5227,5227,matched,True,True,secure_unique_chandra_irac_link,component-b40e32d5df10d617,test,False,16,211611,211611,211611,True,0.4108273234110677,True,True,150.6479379,2.3975606,1.74
5229,5229,matched,True,True,secure_unique_chandra_irac_link,component-1a9953ed2d6b8973,test,False,12,76401,76401,76401,True,1.697285511253016,True,True,150.02136,1.790938,1.73
5230,5230,matched,True,True,secure_unique_chandra_irac_link,component-96f1436d75ebeb9b,test,False,11,284140,284140,284140,True,1.9941542715730438,True,True,149.7841315,2.7194822,0.93
5231,5231,matched,True,True,secure_unique_chandra_irac_link,component-2e9352c704043c75,calibration,False,17,283202,283202,283202,True,2.1551629006785546,True,True,150.5382012,2.7156869,1.87
5232,5232,matched,True,True,secure_unique_chandra_irac_link,component-9934db2d90750198,test,False,11,281726,281726,281726,True,1.634113444072181,True,True,150.5279228,2.7086506,1.709
5234,5234,unknown,False,False,no_chandra_xmm_mapping,component-28cc1ea3261287bf,descriptive,False,12,,290976,290976,False,,False,False,150.0516598,2.7495403,1.9
5235,5235,ambiguous,False,False,chandra_identification_ambiguous,component-4fcabc74c3c0f385,descriptive,False,15,,227243,227243,False,,False,False,150.6389234,2.4644143,1.14
5236,5236,ambiguous,False,False,multiple_chandra_sources,component-c9eda60a6272a0f1,descriptive,False,12,,,275604,False,,False,False,149.681266,2.6824199,1.9
5237,5237,matched,True,True,secure_unique_chandra_irac_link,component-23f08458907bbe92,test,False,17,281423,281423,281423,True,2.2551465463765332,True,True,150.1416611,2.7076315,1.75
5238,5238,matched,True,True,secure_unique_chandra_irac_link,component-f34eb9d345d7d40d,test,False,15,181753,181753,181753,True,0.7747558305541508,True,True,150.6602242,2.2653908,1.9
524,524,matched,True,True,secure_unique_chandra_irac_link,component-388c2eafe5afd475,calibration,False,19,249298,249298,249298,True,0.4881366023199993,True,True,150.5559714,2.5643304,1.38
5240,5240,matched,True,True,secure_unique_chandra_irac_link,component-953abe48dfdfa8e2,test,False,12,275283,275283,275283,True,1.8722649856938889,True,True,149.9363871,2.6803193,1.02
5243,5243,matched,True,True,secure_unique_chandra_irac_link,component-e206dd002a594e55,calibration,False,15,194266,194266,194266,True,1.138238627841125,True,True,150.5845866,2.3215038,1.67
5244,5244,unknown,False,False,no_chandra_xmm_mapping,component-fff62c78fb27794c,descriptive,False,5,,,,False,,False,False,149.5887648,2.8555929,2.19
5245,5245,unknown,False,False,no_chandra_xmm_mapping,component-9a7bf93d67da1284,descriptive,False,15,,313979,313979,False,,False,False,149.600956,2.8507896,1.83
5248,5248,unknown,False,False,no_chandra_xmm_mapping,component-1cc4c660d80f3452,descriptive,False,14,,282183,282183,False,,False,False,150.8172229,2.7105093,2.16
525,525,matched,True,True,secure_unique_chandra_irac_link,component-c32ffef1ae0cabc0,test,False,12,117454,117454,117454,True,0.7993598442305114,True,True,149.9227473,1.9791322,1.68
5250,5250,matched,True,True,secure_unique_chandra_irac_link,component-2841dad7e57a80b5,test,False,8,405369,405369,405369,True,0.536224444053874,True,True,149.4211195,2.7487438,1.41
5254,5254,matched,True,True,secure_unique_chandra_irac_link,component-20d1d87c0dd1176a,test,False,14,177340,177340,177340,True,0.6912106566795603,True,True,150.5260528,2.2448458,1.38
5255,5255,matched,True,True,secure_unique_chandra_irac_link,component-a4cc876b9c67d885,test,False,12,398508,398508,398508,True,2.6560653066492232,True,True,150.663796,2.533956,1.86
5257,5257,matched,True,True,secure_unique_chandra_irac_link,component-53677d2d33ed62c2,test,False,21,302869,302869,302869,True,1.5551501954322962,True,True,149.4790987,2.8018592,1.18
5258,5258,matched,True,True,secure_unique_chandra_irac_link,component-0e5cf35a8fa68753,calibration,False,13,316794,316794,316794,True,1.4750319499320041,True,True,150.2131244,2.8626979,1.83
5259,5259,unknown,False,False,chandra_identification_subthreshold,component-c57e45c141c978f1,descriptive,False,14,,,242152,False,,False,False,150.4667608,2.5313254,2.082
5260,5260,matched,True,True,secure_unique_chandra_irac_link,component-d6c45855507eed7d,test,False,16,29799,29799,29799,True,0.6182975478226382,True,True,150.1999091,1.5728193,1.83
5261,5261,matched,True,True,secure_unique_chandra_irac_link,component-b2b7178dc27bc498,test,False,12,251527,251527,251527,True,0.9314598620909933,True,True,150.6828641,2.5746462,0.98
5262,5262,unknown,False,False,no_chandra_xmm_mapping,component-a4758ce256b5521f,descriptive,False,8,,,,False,,False,False,149.3815992,2.704384,3.22
5263,5263,matched,True,True,secure_unique_chandra_irac_link,component-125cc8fa41714df3,calibration,False,16,109054,109054,109054,True,1.6937496388381557,True,True,149.8266392,1.940816,2.09
5266,5266,matched,True,True,secure_unique_chandra_irac_link,component-2720d8d6d1f50aab,calibration,False,15,301185,301185,301185,True,0.6258730248042736,True,True,150.1049451,2.7953171,1.79
5267,5267,matched,True,True,secure_unique_chandra_irac_link,component-1b0da4a7db331fce,test,False,15,255089,,,True,3.904814061030148,False,False,149.9314976,2.5903085,3.041
5269,5269,matched,True,True,secure_unique_chandra_irac_link,component-8cd412b2cd888316,calibration,False,20,123019,123019,123019,True,1.7948166831978272,True,True,150.3236876,2.0044054,2.4
5271,5271,matched,True,True,secure_unique_chandra_irac_link,component-170767f4a52a44b0,test,False,11,399327,399327,399327,True,0.6459636759376408,True,True,149.8150694,2.5401877,1.17
5272,5272,matched,True,True,secure_unique_chandra_irac_link,component-0fe999d3d53fe74d,test,False,10,296196,296196,296196,True,1.1957567292570057,True,True,150.6758364,2.7729871,1.14
5273,5273,matched,True,True,secure_unique_chandra_irac_link,component-c3ce295bd7f90c78,calibration,False,17,299033,299033,299033,True,0.536343267469942,True,True,150.6819142,2.7855524,1.37
5275,5275,matched,True,True,secure_unique_chandra_irac_link,component-99c03a69af854ef5,test,False,17,296561,296561,296561,True,2.190359204068406,True,True,149.5896542,2.7747891,1.01
5276,5276,matched,True,True,secure_unique_chandra_irac_link,component-1d653df7edb962b6,calibration,False,14,296785,296785,296785,True,1.2567235974438404,True,True,150.0119931,2.7764643,1.8
5277,5277,matched,True,True,secure_unique_chandra_irac_link,component-deabeb979acb27ef,test,False,13,117190,117190,117190,True,1.3131592883486616,True,True,149.5647771,1.9775413,1.39
5278,5278,matched,True,True,secure_unique_chandra_irac_link,component-478052290f5e77d8,calibration,False,19,315129,315129,315129,True,0.864314648197558,True,True,150.5385342,2.8552235,1.79
5279,5279,matched,True,True,secure_unique_chandra_irac_link,component-b06cbb3cbf7184f5,test,False,11,312528,312528,312528,True,1.4426157246465068,True,True,150.53018,2.8437911,1.7
5280,5280,matched,True,True,secure_unique_chandra_irac_link,component-c7c63acc2b79f8ae,calibration,False,9,273711,273711,273711,True,1.13659970318316,True,True,149.7738348,2.674223,1.15
5281,5281,unknown,False,False,no_chandra_xmm_mapping,component-8caeb7558c53eb3f,descriptive,False,11,,402036,402036,False,,False,False,150.2774544,2.643816,1.216
5282,5282,matched,True,True,secure_unique_chandra_irac_link,component-f58210f7b0278ba1,test,False,11,295140,295140,295140,True,1.6633766485362884,True,True,149.4931129,2.7691211,1.88
5283,5283,ambiguous,False,False,chandra_identification_ambiguous,component-01ec3d27560e00b6,descriptive,False,14,,267816,267816,False,,False,False,149.7653162,2.6484907,1.7
5284,5284,matched,True,True,secure_unique_chandra_irac_link,component-7e5cbdfe81560262,calibration,False,15,402652,,,True,2.2726580027557564,False,False,149.7725312,2.6364798,0.72
5285,5285,matched,True,True,secure_unique_chandra_irac_link,component-220e82423d163c0c,calibration,False,14,396707,396707,396707,True,1.1752932710516784,True,True,150.5797717,2.4796702,1.65
5286,5286,matched,True,True,secure_unique_chandra_irac_link,component-f8c0a48792e2503c,test,False,16,289605,,,True,4.018179258636548,False,False,150.7505623,2.744878,1.92
5288,5288,matched,True,True,secure_unique_chandra_irac_link,component-61f5643dedd8af70,calibration,False,10,120024,120024,120024,True,0.742943969993166,True,True,149.570534,1.990448,1.4
5289,5289,matched,True,True,secure_unique_chandra_irac_link,component-22d04f665519fd80,test,False,12,175310,175310,175310,True,2.628827006233162,True,True,150.4170779,2.2371724,1.94
5290,5290,matched,True,True,secure_unique_chandra_irac_link,component-32768dc1b008847f,calibration,False,23,277652,277652,277652,True,1.69367208281808,True,True,150.1048859,2.6912679,1.42
5291,5291,matched,True,True,secure_unique_chandra_irac_link,component-d1e915d03c28fd01,test,False,7,177908,177908,177908,True,0.7389233619130537,True,True,150.7203855,2.2479059,1.75
5292,5292,matched,True,True,secure_unique_chandra_irac_link,component-82572b951646e3f4,test,False,21,116894,116894,116894,True,0.6707951450961925,True,True,150.3948222,1.9771598,1.505
5293,5293,matched,True,True,secure_unique_chandra_irac_link,component-1dba9a5bf22d8497,test,False,13,293990,293990,293990,True,2.485536880822548,True,True,149.5751002,2.7635583,1.61
5294,5294,matched,True,True,secure_unique_chandra_irac_link,component-e71d3cc1a4848683,test,False,10,266582,266582,266582,True,1.868117025337094,True,True,149.5059033,2.6422235,1.8
5295,5295,matched,True,True,secure_unique_chandra_irac_link,component-b1627623a71a81f6,calibration,False,17,206854,206854,206854,True,0.6694564499407905,True,True,150.6356287,2.3770967,1.852
5298,5298,matched,True,True,secure_unique_chandra_irac_link,component-d08553fbe31da772,test,False,9,262979,262979,262979,True,2.0993589394438414,True,True,150.6202344,2.6262392,2.06
53,53,matched,True,True,secure_unique_chandra_irac_link,component-842a51aaaaa46fa4,calibration,False,18,303253,303253,303253,True,1.4919771192269498,True,True,150.3137051,2.8031616,1.09
530,530,matched,True,True,secure_unique_chandra_irac_link,component-87e29676d583c04a,test,False,12,300979,300979,300979,True,1.147809485841699,True,True,150.2146631,2.794669,2.28
5300,5300,matched,True,True,secure_unique_chandra_irac_link,component-7f7e4d7eba491f6f,calibration,False,18,403945,403945,403945,True,2.6991896074398487,True,True,149.8258228,2.7176481,1.7
5301,5301,matched,True,True,secure_unique_chandra_irac_link,component-9401e925f19506af,calibration,False,14,82266,82266,82266,True,0.4465975400832618,True,True,149.8346792,1.8175591,1.91
5302,5302,matched,True,True,secure_unique_chandra_irac_link,component-43219ea99d4f6b23,test,False,18,214001,214001,214001,True,0.46240268114821015,True,True,149.8390735,2.4076836,1.93
53037,53037,unknown,False,False,no_chandra_xmm_mapping,component-b056f81ab67c14d6,descriptive,False,10,,,,False,,False,False,150.8558996,2.2968254,5.66
5304,5304,matched,True,True,secure_unique_chandra_irac_link,component-6739d7f3fdec51c4,test,False,13,129827,129827,129827,True,0.8958291620815667,True,True,149.3963573,2.0343899,1.5
5305,5305,matched,True,True,secure_unique_chandra_irac_link,component-afa4c9648a1a57e0,test,False,11,247257,247257,247257,True,0.24189434085371622,True,True,149.7011932,2.5556465,2.16
5306,5306,matched,True,True,secure_unique_chandra_irac_link,component-d4038d81b261ec58,test,False,13,251256,251256,251256,True,0.4955160087132173,True,True,150.7136017,2.5731039,1.64
5307,5307,ambiguous,False,False,multiple_chandra_sources,component-baf64c5bd986d792,descriptive,False,16,,139736,139736,False,,False,False,149.5208677,2.0792657,1.41
5308,5308,matched,True,True,secure_unique_chandra_irac_link,component-344510415bf330aa,calibration,False,15,36859,36859,36859,True,0.737493180940599,True,True,149.8419798,1.6052895,1.59
53085,53085,matched,True,True,secure_unique_chandra_irac_link,component-a4176500fa644213,test,False,17,212848,212848,212848,True,2.803692949793208,True,True,150.40529,2.402688,1.92
53088,53088,matched,True,True,secure_unique_chandra_irac_link,component-e1c57f7f848edf6c,test,False,22,184544,184462,184462,True,2.3570547004049396,False,False,150.1407974,2.2778098,1.918
531,531,matched,True,True,secure_unique_chandra_irac_link,component-891d46993a36d783,calibration,False,12,134354,134354,134354,True,1.142858121293187,True,True,150.3178729,2.055008,1.47
5312,5312,matched,True,True,secure_unique_chandra_irac_link,component-f57b0c6391fb054d,test,False,12,72027,72027,72027,True,1.3461600174175568,True,True,150.5856884,1.7706761,1.38
5313,5313,matched,True,True,secure_unique_chandra_irac_link,component-0d8be8cfcf9aa1b7,test,False,10,226336,226336,226336,True,0.021133103259669075,True,True,149.537438,2.4610647,1.88
5314,5314,ambiguous,False,False,chandra_identification_ambiguous,component-1e0b605fa2f516ae,descriptive,False,16,,93669,93669,False,,False,False,150.4223439,1.8714526,1.95
5315,5315,matched,True,True,secure_unique_chandra_irac_link,component-b8dab8a0987fac0d,test,False,13,246912,246912,246912,True,1.560314620523717,True,True,149.5714701,2.5546323,2.27
5316,5316,matched,True,True,secure_unique_chandra_irac_link,component-2928e19655343ce1,test,False,20,247824,247824,247824,True,1.1279056007729231,True,True,149.5856492,2.5587042,1.67
5317,5317,matched,True,True,secure_unique_chandra_irac_link,component-c7048910e6a1f72f,calibration,False,6,139105,139105,139105,True,1.8908845814142243,True,True,149.49785,2.076183,1.47
5318,5318,matched,True,True,secure_unique_chandra_irac_link,component-96f89b80b1a22181,calibration,False,9,285683,,,True,4.24438090677172,False,False,149.6415406,2.7262207,1.95
5319,5319,matched,True,True,secure_unique_chandra_irac_link,component-4657bf5fc7bfc8f0,test,False,12,158636,158636,158636,True,0.86840622947811,True,True,150.6349145,2.1657659,1.4
5320,5320,matched,True,True,secure_unique_chandra_irac_link,component-a06465366cbea9b3,test,False,13,306250,306250,306250,True,1.9565149703633045,True,True,149.6314199,2.817495,1.04
5321,5321,matched,True,True,secure_unique_chandra_irac_link,component-b7375a47bf38e66f,test,False,19,155212,155212,155212,True,0.6874800714105156,True,True,150.7869826,2.1510475,1.03
5322,5322,matched,True,True,secure_unique_chandra_irac_link,component-44735af7202cd534,test,False,10,111769,111769,111769,True,1.603819341786674,True,True,150.2200635,1.9538682,1.95
53220,53220,unknown,False,False,no_chandra_xmm_mapping,component-f504ff06fb512324,descriptive,False,10,,,,False,,False,False,150.4068176,2.9032287,3.15
5323,5323,matched,True,True,secure_unique_chandra_irac_link,component-2b084c9efd9150fb,test,False,9,83474,83474,83474,True,0.3212468983785855,True,True,149.5645265,1.8229813,0.96
5324,5324,matched,True,True,secure_unique_chandra_irac_link,component-02560826d24f6500,calibration,False,15,289663,289663,289663,True,2.153323371932465,True,True,149.5251398,2.7448496,1.38
53243,53243,matched,True,True,secure_unique_chandra_irac_link,component-e8b3ff5779985d1c,test,False,19,195769,195769,195769,True,0.28656983190462276,True,True,150.4644118,2.3278557,2.16
53249,53249,matched,True,True,secure_unique_chandra_irac_link,component-b687c2aa222e1649,test,False,13,263438,263438,263438,True,1.3038646498494102,True,True,150.3146727,2.6283692,2.07
5325,5325,matched,True,True,secure_unique_chandra_irac_link,component-8379c02e9fad4fd3,test,False,18,294832,294832,294832,True,1.3349272862506423,True,True,150.577435,2.767627,2.17
53255,53255,matched,True,True,secure_unique_chandra_irac_link,component-ee0bee6b34b7cb0e,calibration,False,15,179011,179011,179011,True,2.7506932011064458,True,True,150.4797018,2.2523731,1.82
5326,5326,matched,True,True,secure_unique_chandra_irac_link,component-2e64f1bab2a90810,calibration,False,14,121275,121275,121275,True,0.36728039522287353,True,True,149.6689583,1.9967147,1.48
5328,5328,matched,True,True,secure_unique_chandra_irac_link,component-313cd30d56319151,calibration,False,11,321861,321861,321861,True,0.6031669168722035,True,True,150.4751855,2.8857166,2.26
53283,53283,matched,True,True,secure_unique_chandra_irac_link,component-5b72be524acfa2da,test,False,11,268252,268252,268252,True,1.2274433191059124,True,True,150.6351262,2.6501688,1.92
53286,53286,matched,True,True,secure_unique_chandra_irac_link,component-ae5257386d298ac6,test,False,19,309753,309753,309753,True,0.39071155760202386,True,True,150.2541274,2.8316488,1.93
5329,5329,matched,True,True,secure_unique_chandra_irac_link,component-7385cae611099e13,calibration,False,11,257804,257804,257804,True,0.08231475986501663,True,True,149.3870709,2.6024596,1.8
5330,5330,matched,True,True,secure_unique_chandra_irac_link,component-2b1e7392a9141ae5,test,False,14,277488,277488,277488,True,1.2118805609611154,True,True,149.8756196,2.6904943,1.3
53303,53303,matched,True,True,secure_unique_chandra_irac_link,component-4e8a762d551f38e1,test,False,17,212604,212604,212604,True,1.2921334919343954,True,True,150.2114065,2.4022212,1.84
53305,53305,unknown,False,False,no_chandra_xmm_mapping,component-783abdfad82e31e5,descriptive,False,10,,,,False,,False,False,150.1277779,2.5956588,2.83
53308,53308,matched,True,True,secure_unique_chandra_irac_link,component-5de6f3764a71b052,calibration,False,16,295268,295268,295268,True,1.484946152819806,True,True,150.2599721,2.7690296,1.88
5331,5331,ambiguous,False,False,multiple_irac_sources_within_label_radius,component-3464bd2812affb1c,descriptive,False,14,,405175,405175,False,,False,False,150.6084025,2.7698181,1.44
53317,53317,ambiguous,False,False,multiple_chandra_sources,component-e61911bf2f8a91c6,descriptive,False,13,,,,False,,False,False,150.744633,2.4563791,2.28
5332,5332,unknown,False,False,no_chandra_xmm_mapping,component-43311faae957cc74,excluded,False,12,,306839,306839,False,,False,False,149.6578705,2.8203135,2.01
53324,53324,matched,True,True,secure_unique_chandra_irac_link,component-9dc45e0bdaf2cc62,test,False,8,306260,306260,306260,True,1.7512345073573246,True,True,150.792201,2.8174563,2.24
53329,53329,matched,True,True,secure_unique_chandra_irac_link,component-1a9c805c338b1e4f,test,False,10,398450,,398450,True,3.10837638467745,False,True,150.6735134,2.53299,2.1
53333,53333,matched,True,True,secure_unique_chandra_irac_link,component-482442152ff15d36,test,False,10,301218,301218,301218,True,1.494303944695701,True,True,150.3448887,2.79506,2.04
53339,53339,matched,True,True,secure_unique_chandra_irac_link,component-736a806917f0413b,calibration,False,28,305077,305077,305077,True,1.0582150350024726,True,True,150.67204,2.8112033,2.29
5334,5334,matched,True,True,secure_unique_chandra_irac_link,component-4429da70810dc512,calibration,False,8,406635,406635,406635,True,1.107060018031223,True,True,150.468338,2.8230125,2.3
53340,53340,matched,True,True,secure_unique_chandra_irac_link,component-f41030b1d3861f16,test,False,19,335086,,335086,True,3.1782532484472745,False,True,150.3503576,2.9432273,2.5
53343,53343,unknown,False,False,no_chandra_xmm_mapping,component-4df3323675ee06b8,descriptive,False,12,,,336283,False,,False,False,150.68918,2.9484866,1.95
5335,5335,matched,True,True,secure_unique_chandra_irac_link,component-d09827d99ca75456,test,False,16,211405,211405,211405,True,0.9481605214397778,True,True,149.9059309,2.3967077,1.75
53351,53351,matched,True,True,secure_unique_chandra_irac_link,component-9dc45e0bdaf2cc62,test,False,18,307110,307081,307081,True,4.28942248444187,False,False,150.8001319,2.8212482,1.898
53352,53352,matched,True,True,secure_unique_chandra_irac_link,component-bef28c4f9945a246,test,False,11,304037,304037,304037,True,1.7111449052957448,True,True,150.5717095,2.8050093,1.437
53357,53357,matched,True,True,secure_unique_chandra_irac_link,component-26c5497906478072,calibration,False,20,278344,,278344,True,3.068738057205448,False,True,150.720566,2.6944707,2.37
53359,53359,matched,True,True,secure_unique_chandra_irac_link,component-cfda3e9030538f43,test,False,17,193286,193286,193286,True,2.488435479481918,True,True,150.4115469,2.3169634,2.56
5336,5336,matched,True,True,secure_unique_chandra_irac_link,component-51283fa355970ea4,calibration,False,12,399367,399367,399367,True,0.7126950336154275,True,True,149.6795313,2.5489513,1.59
53364,53364,matched,True,True,secure_unique_chandra_irac_link,component-ce72d9ecc7e25fda,test,False,15,260044,260044,260044,True,1.4014524182535082,True,True,150.6305708,2.6138657,2.23
53369,53369,matched,False,True,secure_unique_chandra_irac_link,component-93ec1135ed4832ee,excluded,True,10,312445,,,True,9.280465161480283,False,False,150.1308384,2.8450817,2.87
53374,53374,unknown,False,False,no_chandra_xmm_mapping,component-f4f4b6da798d0cf5,descriptive,False,12,,284754,284754,False,,False,False,150.8387893,2.7224406,2.53
53377,53377,matched,True,True,secure_unique_chandra_irac_link,component-f702d34e4633ebff,test,False,18,222912,222912,222912,True,1.4088209705017796,True,True,150.6724731,2.4450175,2.21
53379,53379,matched,True,True,secure_unique_chandra_irac_link,component-ed5ea6939428afb8,calibration,False,17,332937,332937,332937,True,0.6588258160116268,True,True,150.1295967,2.9335457,2.44
5338,5338,matched,True,True,secure_unique_chandra_irac_link,component-0a95ca5e3efad73c,test,False,18,101209,101209,101209,True,0.6629904045461038,True,True,149.5341906,1.9064449,1.34
53385,53385,unknown,False,False,no_chandra_xmm_mapping,component-cff0de809434a5fe,descriptive,False,1,,402785,402785,False,,False,False,150.2380115,2.6219835,2.02
5339,5339,matched,True,True,secure_unique_chandra_irac_link,component-c921ab4a583649db,test,False,13,128110,128110,128110,True,2.0597362196175513,True,True,149.8662893,2.0276606,1.9
53395,53395,matched,True,True,secure_unique_chandra_irac_link,component-34619596314126c6,test,False,13,211619,211619,211619,True,1.7455708122112876,True,True,150.4583287,2.3977972,2.46
53400,53400,unknown,False,False,no_chandra_xmm_mapping,component-28719a8e1af1d7e4,descriptive,False,17,,,,False,,False,False,150.1499488,2.5191161,2.6
53402,53402,matched,True,True,secure_unique_chandra_irac_link,component-d926196a9f339d02,test,False,8,258406,258406,258406,True,0.6402383085301175,True,True,150.4950287,2.6055479,2.281
53409,53409,ambiguous,False,False,multiple_chandra_sources,component-e71cd044ddca076e,descriptive,False,2,,,,False,,False,False,150.8412309,2.0567979,0.985
5341,5341,matched,True,True,secure_unique_chandra_irac_link,component-955dfe160f51eb72,test,False,11,287376,287376,287376,True,1.0853131486835943,True,True,149.6774941,2.7340515,1.95
5342,5342,unknown,False,False,no_chandra_xmm_mapping,component-f6e2d4fb073bdf38,descriptive,False,11,,325546,325546,False,,False,False,149.6552569,2.9024929,2.18
5343,5343,unknown,False,False,no_chandra_xmm_mapping,component-8e035e5388351aeb,excluded,False,10,,311742,311742,False,,False,False,149.6217933,2.8408787,1.47
5345,5345,matched,True,True,secure_unique_chandra_irac_link,component-b4a9c08c7e840429,test,False,15,140060,140060,140060,True,1.2079872023469864,True,True,150.5846467,2.0811757,2.09
53453,53453,matched,True,True,secure_unique_chandra_irac_link,component-de9145ef392cdf2d,test,False,15,44756,,44756,True,2.9823196655529083,False,True,150.330971,1.6433127,1.98
5347,5347,matched,True,True,secure_unique_chandra_irac_link,component-38fbb36fa36cedd8,test,False,11,388242,388242,388242,True,1.500382463884234,True,True,149.6693891,2.1677568,1.93
5348,5348,matched,True,True,secure_unique_chandra_irac_link,component-678638339e672593,test,False,15,231224,231224,231224,True,1.224786172108452,True,True,150.6169926,2.4829261,1.69
5349,5349,matched,True,True,secure_unique_chandra_irac_link,component-8c3a4d4bd517e782,calibration,False,7,122738,122738,122738,True,0.761350826581945,True,True,149.6392763,2.0029659,1.49
5350,5350,unknown,False,False,no_chandra_xmm_mapping,component-cc1acd99ace85a8a,descriptive,False,9,,,,False,,False,False,150.7388592,2.3977646,1.81
5352,5352,matched,True,True,secure_unique_chandra_irac_link,component-044c06ac12dc9063,calibration,False,11,405851,405851,405851,True,0.644154155660935,True,True,150.0338188,2.7649876,1.8
53537,53537,matched,True,True,secure_unique_chandra_irac_link,component-555b8f72c351c20f,test,False,19,113572,113572,113572,True,1.8373563626966558,True,True,150.8648619,1.9616285,1.82
5354,5354,matched,True,True,secure_unique_chandra_irac_link,component-2a649680041ffb7e,calibration,False,14,323948,323948,323948,True,1.7887890242189108,True,True,149.4796676,2.8937786,2.38
5357,5357,matched,True,True,secure_unique_chandra_irac_link,component-47570ba712da59ce,calibration,False,11,284629,284629,284629,True,1.6389283214908008,True,True,149.538417,2.721331,2.09
53577,53577,matched,True,True,secure_unique_chandra_irac_link,component-5645d6ad8ebb340f,test,False,20,103768,103768,103768,True,2.776267360469733,True,True,150.849043,1.9181088,1.86
5358,5358,matched,True,True,secure_unique_chandra_irac_link,component-50e65b1455800c98,test,False,15,161159,161159,161159,True,2.6449790367332158,True,True,150.5920147,2.1763173,1.74
53583,53583,matched,True,True,secure_unique_chandra_irac_link,component-e72b940daec83214,test,False,8,142749,142749,142749,True,1.0153080482224448,True,True,150.3265902,2.094215,1.85
53584,53584,matched,True,True,secure_unique_chandra_irac_link,component-e72b940daec83214,test,False,8,141676,141676,141676,True,2.24750897956474,True,True,150.3236146,2.08893,1.77
5359,5359,matched,True,True,secure_unique_chandra_irac_link,component-d18187ee72b050a0,test,False,12,282159,282159,282159,True,1.0386440503236616,True,True,150.476422,2.7102995,1.86
53599,53599,matched,True,True,secure_unique_chandra_irac_link,component-1b2dc0c90b782676,test,False,7,27217,,,True,4.960976918004979,False,False,150.2805538,1.5596497,2.12
5361,5361,matched,True,True,secure_unique_chandra_irac_link,component-b932ad5691935bd9,test,False,14,30412,30412,30412,True,1.3173782039340443,True,True,150.2751737,1.5760549,1.64
53610,53610,matched,True,True,secure_unique_chandra_irac_link,component-65a0bfa9ca834673,test,False,12,75474,75474,75474,True,0.9545953989128451,True,True,150.227924,1.7866558,1.81
53614,53614,matched,True,True,secure_unique_chandra_irac_link,component-a8acd5590eb2356e,calibration,False,13,80578,80578,80578,True,1.0882746448250444,True,True,150.1248393,1.8098075,2.27
53625,53625,matched,True,True,secure_unique_chandra_irac_link,component-a8dc048ae083cdb8,test,False,12,106622,106622,106622,True,1.0009388799865249,True,True,150.1437432,1.930101,1.65
53628,53628,matched,True,True,secure_unique_chandra_irac_link,component-652f83efd08590ca,test,False,13,60673,60673,60673,True,0.3325619864210307,True,True,150.4242888,1.7175321,1.746
5363,5363,matched,True,True,secure_unique_chandra_irac_link,component-c426adaef99b6ea2,calibration,False,8,295125,295125,295125,True,1.0446575443574457,True,True,150.1673099,2.7690349,1.75
53632,53632,matched,True,True,secure_unique_chandra_irac_link,component-9557a8c33b499fee,test,False,16,89198,89198,89198,True,0.32864795562180726,True,True,150.5102002,1.8511356,1.68
5364,5364,matched,True,True,secure_unique_chandra_irac_link,component-b346a1b3ea918897,test,False,10,321252,321252,321252,True,1.549200186482235,True,True,150.0383774,2.882493,1.78
53649,53649,matched,True,True,secure_unique_chandra_irac_link,component-6287ba58fa6de029,calibration,False,10,36558,,36558,True,2.980652365551815,False,True,150.1422627,1.6048224,2.23
53659,53659,matched,True,True,secure_unique_chandra_irac_link,component-dbbc576512e146f0,calibration,False,14,158317,158317,158317,True,2.504313460225895,True,True,150.8330604,2.1649828,2.21
5366,5366,unknown,False,False,no_chandra_xmm_mapping,component-2c5ae0760c6625f5,descriptive,False,5,,379687,379687,False,,False,False,149.4539186,1.8860631,1.75
53675,53675,matched,True,True,secure_unique_chandra_irac_link,component-129e2d1d1302f4c9,test,False,11,48438,48438,48438,True,0.9539486910261493,True,True,150.4768325,1.659689,1.92
53678,53678,matched,True,True,secure_unique_chandra_irac_link,component-cb478c8bf5cb0aef,calibration,False,15,154486,154486,154486,True,1.9172817269223492,True,True,150.8031394,2.1476695,2.25
5368,5368,matched,True,True,secure_unique_chandra_irac_link,component-e1cbed0ecbee7325,test,False,12,252852,252852,252852,True,0.9435604031820177,True,True,149.8917052,2.5786874,1.54
53680,53680,matched,True,True,secure_unique_chandra_irac_link,component-8f0e76acaf292883,test,False,18,77748,,377273,True,3.1642935032297013,False,False,150.6370292,1.7972164,2.33
53683,53683,matched,True,True,secure_unique_chandra_irac_link,component-7760ad18b770c49c,calibration,False,12,74773,74851,74851,True,4.115375860598009,False,False,150.7964229,1.784609,2.26
53686,53686,unknown,False,False,no_chandra_xmm_mapping,component-2cd2650dfebd4e64,descriptive,False,8,,8486,8486,False,,False,False,150.3556506,1.47225,2.61
53687,53687,matched,True,True,secure_unique_chandra_irac_link,component-d300500828b68860,calibration,False,8,59635,59635,59635,True,2.0035957096664987,True,True,150.8343501,1.7124965,2.4
53689,53689,unknown,False,False,no_chandra_xmm_mapping,component-9fced874f85ae125,excluded,False,10,,,,False,,False,False,150.4405182,1.8907285,2.163
5369,5369,matched,True,True,secure_unique_chandra_irac_link,component-fad2f10e4d22685c,calibration,False,14,167558,167558,167558,True,1.5229734178984948,True,True,150.7696294,2.2041972,1.79
53697,53697,ambiguous,False,False,multiple_chandra_sources,component-e3cebec60650d44e,excluded,False,15,,,33869,False,,False,False,150.3553599,1.5909916,1.91
537,537,matched,False,True,secure_unique_chandra_irac_link,component-861fd829b760ce64,excluded,True,15,190548,190548,190548,True,1.9110274395664648,True,True,150.0833614,2.3044761,2.45
5370,5370,matched,True,True,secure_unique_chandra_irac_link,component-48cdb2670770a616,calibration,False,12,164926,164926,164926,True,0.4292497510929008,True,True,150.7827249,2.1931004,1.34
53700,53700,matched,True,True,secure_unique_chandra_irac_link,component-c8dbef2055867d0e,test,False,12,90288,,90288,True,3.003826782114062,False,True,150.4393474,1.8566413,1.89
53702,53702,matched,True,True,secure_unique_chandra_irac_link,component-4d873ef4691f3c58,calibration,False,11,120587,,,True,3.977830984299235,False,False,150.2292429,1.9946764,2.44
53703,53703,unknown,False,False,no_chandra_xmm_mapping,component-a52eb45486bb1ae2,descriptive,False,11,,25957,25957,False,,False,False,150.2983728,1.5542615,2.28
53704,53704,unknown,False,False,no_chandra_xmm_mapping,component-c4f1b7e513de7e1a,descriptive,False,16,,26356,26356,False,,False,False,150.4209644,1.5577382,1.99
53705,53705,unknown,False,False,secure_chandra_reference_missing_from_irac_catalog,component-ab7842a939f40239,descriptive,False,18,,,,False,,False,False,150.6125767,1.7312612,2.36
53706,53706,matched,True,True,secure_unique_chandra_irac_link,component-2f4e00553aacf1fb,test,False,14,49726,49726,49726,True,1.701741725585,True,True,150.433304,1.665518,2.3
53708,53708,matched,True,True,secure_unique_chandra_irac_link,component-a06cd8bc2af082b3,calibration,False,12,86158,,86158,True,3.679855516452357,False,True,150.7925595,1.8366553,2.26
5371,5371,matched,True,True,secure_unique_chandra_irac_link,component-cdad57c57e753011,test,False,7,394841,394841,394841,True,0.22657304185725055,True,True,150.7459559,2.3430307,0.536
53718,53718,matched,True,True,secure_unique_chandra_irac_link,component-d23a66f606dd50f0,test,False,15,33702,33702,33702,True,1.7904384571620997,True,True,150.2046124,1.5912278,2.08
5372,5372,matched,True,True,secure_unique_chandra_irac_link,component-0aa87b8bdb3232d7,test,False,14,288887,288887,288887,True,1.205533981857319,True,True,149.6096999,2.7409829,1.47
53720,53720,matched,True,True,secure_unique_chandra_irac_link,component-161cd36b94dc7843,test,False,14,384553,384553,384553,True,1.9965126007319127,True,True,150.3601786,2.0733053,2.14
53723,53723,matched,True,True,secure_unique_chandra_irac_link,component-32cfb66fad69ebb2,test,False,19,159006,159006,159006,True,1.8224312289480356,True,True,150.4427885,2.1658586,2.37
53724,53724,unknown,False,False,no_chandra_xmm_mapping,component-89745a7c07c1c84a,descriptive,False,19,,,,False,,False,False,150.6727861,1.5537745,2.13
53729,53729,ambiguous,False,False,multiple_chandra_sources,component-522c4b8f432602fb,descriptive,False,14,,90992,90992,False,,False,False,150.6313893,1.859703,2.21
5373,5373,matched,True,True,secure_unique_chandra_irac_link,component-93919581b9314dda,test,False,22,262453,262453,262453,True,0.7673147807190465,True,True,150.0684122,2.6234126,1.82
53730,53730,unknown,False,False,no_chandra_xmm_mapping,component-27392d8aa57151be,descriptive,False,6,,,,False,,False,False,150.3368152,1.5645198,2.61
53731,53731,matched,True,True,secure_unique_chandra_irac_link,component-117c971f5a5675a7,calibration,False,12,79506,79506,79506,True,1.1730590957946798,True,True,150.3215059,1.8052426,1.778
53732,53732,matched,True,True,secure_unique_chandra_irac_link,component-a1b40bf56b6cdf46,test,False,9,127870,,127870,True,2.9468515549319956,False,True,150.3239353,2.026401,2.43
53733,53733,matched,True,True,secure_unique_chandra_irac_link,component-796fc59d98e35468,test,False,9,69855,69855,69855,True,1.0664792623840214,True,True,150.3057095,1.7617227,2.01
53735,53735,unknown,False,False,no_chandra_xmm_mapping,component-e0eb680e3241aed3,descriptive,False,11,,28020,28020,False,,False,False,150.6528755,1.5643313,2.41
53737,53737,matched,True,True,secure_unique_chandra_irac_link,component-73f06349c50d5c64,test,False,13,72750,72750,72750,True,1.4267900934628985,True,True,150.1898933,1.7747259,2.26
53738,53738,matched,True,True,secure_unique_chandra_irac_link,component-2afcf6c6569f19cf,test,False,12,371213,,,True,6.216594709180022,False,False,150.4513422,1.5593234,2.26
53739,53739,matched,True,True,secure_unique_chandra_irac_link,component-1b619304e0b463c6,test,False,15,167311,167311,167311,True,1.2480506578570436,True,True,150.286525,2.2019819,2.12
5374,5374,matched,True,True,secure_unique_chandra_irac_link,component-1b8f39475cb531e8,calibration,False,17,36629,36629,36629,True,1.7175624126951488,True,True,150.1512312,1.6044471,1.89
53742,53742,unknown,False,False,no_chandra_xmm_mapping,component-13f60d8a83b68bed,descriptive,False,8,,,65746,False,,False,False,150.4131439,1.7421208,2.38
53749,53749,matched,True,True,secure_unique_chandra_irac_link,component-7247ba28f0b74d26,test,False,11,81863,81863,81863,True,0.7930827945248059,True,True,150.2696951,1.816317,2.19
5375,5375,matched,True,True,secure_unique_chandra_irac_link,component-ef1956ff4324600b,test,False,3,394285,394285,394285,True,0.7339020306979855,True,True,149.8231407,2.3683384,0.924
53751,53751,matched,True,True,secure_unique_chandra_irac_link,component-1180a6a0617608dd,calibration,False,16,141235,141230,141230,True,7.171552930030013,False,False,150.3932443,2.0872711,2.464
53755,53755,matched,True,True,secure_unique_chandra_irac_link,component-2f125628c06ef4ff,test,False,13,77179,77179,77179,True,1.7712317699353222,True,True,150.2626856,1.7939643,2.24
53757,53757,matched,True,True,secure_unique_chandra_irac_link,component-a2917e639ffcfbc0,test,False,21,118226,,,True,4.82003933541142,False,False,150.1830394,1.9820957,2.21
53758,53758,unknown,False,False,no_chandra_xmm_mapping,component-991694773d69e433,descriptive,False,16,,22165,22165,False,,False,False,150.6786558,1.5367491,2.355
5377,5377,matched,True,True,secure_unique_chandra_irac_link,component-aa4109a073057cef,test,False,11,281770,281770,281770,True,1.7087020306851461,True,True,149.6105687,2.7088484,1.84
5378,5378,matched,True,True,secure_unique_chandra_irac_link,component-966243b9a39f6dde,test,False,14,267187,267187,267187,True,0.636092984633345,True,True,149.807808,2.6456573,1.24
53781,53781,matched,True,True,secure_unique_chandra_irac_link,component-0f4495d4ee249b66,calibration,False,11,275933,275933,275933,True,0.8928878517956462,True,True,149.9252272,2.6840174,1.84
5380,5380,matched,True,True,secure_unique_chandra_irac_link,component-4b9fd282c24e4da0,test,False,14,74790,74790,74790,True,0.7172452439943301,True,True,150.299565,1.7839142,1.56
5382,5382,matched,True,True,secure_unique_chandra_irac_link,component-80dd61da7ce1edcc,test,False,15,280538,280538,280538,True,0.2689519388370024,True,True,150.4400063,2.7035171,2.07
5383,5383,matched,True,True,secure_unique_chandra_irac_link,component-08b25a1fb4a58b22,test,False,15,326523,,326523,True,2.4483059346268767,False,True,150.5877142,2.900845,0.911
53831,53831,matched,True,True,secure_unique_chandra_irac_link,component-8e26562a04e42e51,test,False,8,326575,326575,326575,True,1.574819030167653,True,True,149.7857568,2.9066395,1.2
5384,5384,matched,True,True,secure_unique_chandra_irac_link,component-24975a89cbba02cb,calibration,False,18,288497,288497,288497,True,1.1949238962552378,True,True,150.7671536,2.7392539,1.2
53840,53840,matched,True,True,secure_unique_chandra_irac_link,component-f6383a6c8d84af87,test,False,11,284308,284308,284308,True,1.3340987835087068,True,True,149.8482057,2.7191791,1.31
5385,5385,matched,True,True,secure_unique_chandra_irac_link,component-f53c1ad5dbded0ff,calibration,False,18,161266,161266,161266,True,1.2958441919872876,True,True,150.5593594,2.1770264,1.44
5386,5386,matched,True,True,secure_unique_chandra_irac_link,component-0a1954a487177cc7,test,False,12,142463,142463,142463,True,2.085089585100162,True,True,149.5388309,2.0925026,2.02
5387,5387,matched,True,True,secure_unique_chandra_irac_link,component-429df0dc020155e7,test,False,7,398403,398403,398403,True,1.413916012538049,True,True,150.6684462,2.5169963,1.77
5388,5388,unknown,False,False,no_chandra_xmm_mapping,component-b797d397acb6b79e,descriptive,False,12,,,311278,False,,False,False,149.6389553,2.8387564,1.35
5390,5390,matched,True,True,secure_unique_chandra_irac_link,component-725860893c121d3b,calibration,False,16,225593,225593,225593,True,0.6955221241023475,True,True,150.7778618,2.4581463,2.19
53922,53922,matched,True,True,secure_unique_chandra_irac_link,component-c8cd7ab3c19e38fb,calibration,False,24,280477,280132,280132,True,3.278856572953017,False,False,150.0937569,2.7023305,1.9
5393,5393,unknown,False,False,no_chandra_xmm_mapping,component-ec5ed4cd5e418f59,descriptive,False,15,,329242,329242,False,,False,False,149.5237294,2.9175821,2.06
53937,53937,matched,True,True,secure_unique_chandra_irac_link,component-49eab0e767da62e6,test,False,14,203110,203110,203110,True,2.338517590056245,True,True,149.6445988,2.3587193,1.97
5394,5394,unknown,False,False,no_chandra_xmm_mapping,component-e09a7c96d31f51dc,descriptive,False,13,,284552,284552,False,,False,False,150.8005253,2.7203614,1.86
5395,5395,matched,True,True,secure_unique_chandra_irac_link,component-e3ff67a034be1f24,test,False,19,159821,159821,159821,True,0.8667032389045807,True,True,150.7436693,2.1704124,1.37
5396,5396,matched,True,True,secure_unique_chandra_irac_link,component-88367dd16bfd18ba,test,False,14,17719,17719,17719,True,0.39554093243365374,True,True,149.8975272,1.5166362,1.64
5397,5397,matched,True,True,secure_unique_chandra_irac_link,component-514c9ae59f601e84,calibration,False,11,15099,15099,15099,True,1.9677046301525745,True,True,149.9098557,1.5046603,2.09
53970,53970,matched,True,True,secure_unique_chandra_irac_link,component-64188615b7068099,test,False,11,265468,265468,265468,True,1.4542604400281782,True,True,149.8570621,2.6384018,2.11
53986,53986,matched,True,True,secure_unique_chandra_irac_link,component-adc8211f3fd6d5f7,calibration,False,7,406280,,406280,True,3.1247144861894567,False,True,149.8900145,2.8072607,1.646
54,54,matched,True,True,secure_unique_chandra_irac_link,component-2fca346db6561871,calibration,False,19,233269,233269,233269,True,0.562535642399067,True,True,150.3795884,2.4901135,1.16
540,540,matched,True,True,secure_unique_chandra_irac_link,component-84f01dd97c687fb2,calibration,False,13,275992,275992,275992,True,2.0532230222562013,True,True,150.5369509,2.6846025,1.95
5400,5400,matched,True,True,secure_unique_chandra_irac_link,component-525cfd02ce6f836c,test,False,10,273333,273333,273333,True,0.5811861119517686,True,True,150.6837432,2.6728768,1.2
54009,54009,matched,False,True,secure_unique_chandra_irac_link,component-70db06322c2167d3,excluded,True,27,319638,319638,319638,True,0.6309992011012793,True,True,149.8949025,2.8757708,1.89
5401,5401,matched,True,True,secure_unique_chandra_irac_link,component-77b8f4d1dca2d16d,calibration,False,7,162246,162246,162246,True,0.8622576108975718,True,True,150.7656413,2.1808683,2.13
54010,54010,ambiguous,False,False,chandra_identification_ambiguous,component-70db06322c2167d3,excluded,False,17,,,319713,False,,False,False,149.9052096,2.8761263,2.59
54014,54014,matched,True,True,secure_unique_chandra_irac_link,component-86f2ecf10b3755bb,calibration,False,17,278061,278061,278061,True,1.9035734513618832,True,True,150.0532594,2.6935514,1.912
5402,5402,matched,True,True,secure_unique_chandra_irac_link,component-0ff6f4bbfaf422d4,test,False,12,102146,102146,102146,True,1.3773236192095173,True,True,150.4910701,1.909949,1.91
54020,54020,matched,False,True,secure_unique_chandra_irac_link,component-657fdf666cde5fed,excluded,True,26,216329,216329,216329,True,1.4749695077473466,True,True,150.0643982,2.4175678,1.7
54030,54030,unknown,False,False,no_chandra_xmm_mapping,component-049ca7a69ed1beee,descriptive,False,17,,,,False,,False,False,149.5108328,2.947175,4.8
54036,54036,matched,True,True,secure_unique_chandra_irac_link,component-54912d476b4b4dd6,test,False,13,268350,268350,268350,True,2.085460300003571,True,True,149.8365734,2.6509711,1.66
54039,54039,unknown,False,False,no_chandra_xmm_mapping,component-2a30ea0cee9cac15,excluded,False,22,,169807,169807,False,,False,False,150.0368811,2.2145393,2.39
5404,5404,matched,True,True,secure_unique_chandra_irac_link,component-64eda62b35a3b686,test,False,16,118274,118274,118274,True,0.9569316253386431,True,True,149.675338,1.9828372,1.16
54044,54044,matched,True,True,secure_unique_chandra_irac_link,component-d1d86617d1d98a5c,test,False,15,297602,297602,297602,True,0.6278320831306213,True,True,149.8570022,2.7795879,1.93
5405,5405,matched,True,True,secure_unique_chandra_irac_link,component-193dfde4a2d3ab02,test,False,8,297469,297469,297469,True,1.18016348312237,True,True,149.9982679,2.7797907,2.71
54055,54055,matched,True,True,secure_unique_chandra_irac_link,component-61d358107f4c5d27,test,False,19,278927,278927,278927,True,1.9023291095024668,True,True,149.8992188,2.6941535,1.65
5406,5406,matched,True,True,secure_unique_chandra_irac_link,component-dab6e4672321db0b,test,False,12,150226,,150226,True,3.058991111758283,False,True,150.5917878,2.1282763,2.26
54069,54069,matched,True,True,secure_unique_chandra_irac_link,component-5f83614bd07b15e8,test,False,13,389448,389448,389448,True,0.6319284630204546,True,True,149.5040661,2.2140333,1.408
54070,54070,matched,True,True,secure_unique_chandra_irac_link,component-64e94628986bcd0e,test,False,16,204433,204433,204433,True,0.7721877230590294,True,True,149.7114314,2.3651456,1.89
5408,5408,matched,True,True,secure_unique_chandra_irac_link,component-9f9191609d843e2c,test,False,15,111486,111486,111486,True,1.24568593119591,True,True,150.5341251,1.9525828,1.89
5409,5409,matched,True,True,secure_unique_chandra_irac_link,component-8f0e76acaf292883,test,False,5,378701,378701,378701,True,2.0700217253048514,True,True,150.636763,1.8049002,2.05
54093,54093,unknown,False,False,no_chandra_xmm_mapping,component-8cc693f2d9f6a99a,descriptive,False,9,,223910,223910,False,,False,False,149.5669609,2.4510512,2.24
54094,54094,matched,True,True,secure_unique_chandra_irac_link,component-622e24f5b8fc88ee,test,False,11,287570,287570,287570,True,2.57955847951058,True,True,149.794742,2.7341729,2.03
541,541,unknown,False,False,secure_chandra_reference_missing_from_irac_catalog,component-5de664ef205f95d4,descriptive,False,4,,,,False,,False,False,150.1182745,2.4639699,1.289
5410,5410,matched,True,True,secure_unique_chandra_irac_link,component-9d95bba7023609ee,calibration,False,12,269539,,,True,4.200297558194854,False,False,149.4886891,2.6563767,2.22
54102,54102,matched,True,True,secure_unique_chandra_irac_link,component-2d527eeafd3d9f0d,calibration,False,15,312117,312117,312117,True,1.1025868915510375,True,True,149.8122333,2.8422088,2.18
54107,54107,matched,True,True,secure_unique_chandra_irac_link,component-489695dd56ac2b74,test,False,13,253127,253127,253127,True,0.6248150285618603,True,True,149.9427797,2.581459,1.91
5411,5411,matched,True,True,secure_unique_chandra_irac_link,component-40cc2e94403ba4a5,test,False,16,182711,182711,182711,True,0.9320258316462579,True,True,149.6624262,2.2693584,1.65
54110,54110,unknown,False,False,no_chandra_xmm_mapping,component-861fd829b760ce64,excluded,False,13,,191941,191941,False,,False,False,150.0796632,2.3121791,2.53
54112,54112,unknown,False,False,secure_chandra_reference_missing_from_irac_catalog,component-4ea42f7784df86de,descriptive,False,15,,226194,226194,False,,False,False,149.7784777,2.4600125,2.03
54113,54113,matched,True,True,secure_unique_chandra_irac_link,component-1d6e5336dae374bf,test,False,3,406298,406298,406298,True,1.9487568826653985,True,True,149.9673862,2.7799774,2.31
54116,54116,ambiguous,False,False,chandra_identification_ambiguous,component-ea7e2f289cca857b,descriptive,False,10,,278541,278541,False,,False,False,149.9498151,2.6950536,2.201
54117,54117,unknown,False,False,no_chandra_xmm_mapping,component-50537c07a767426a,descriptive,False,13,,300280,300280,False,,False,False,150.0223381,2.7912073,2.13
5412,5412,matched,True,True,secure_unique_chandra_irac_link,component-8bba5b9b846fd63c,test,False,19,115396,115396,115396,True,1.365080189735694,True,True,150.5403743,1.9695623,1.98
54129,54129,matched,True,True,secure_unique_chandra_irac_link,component-6e39539a3f63d7f7,test,False,11,275523,275523,275523,True,1.148980822919384,True,True,149.9921893,2.6826779,2.46
5413,5413,matched,True,True,secure_unique_chandra_irac_link,component-7ddcb477f73010cf,test,False,18,329192,,,True,8.019976513311681,False,False,149.4745112,2.9191727,1.44
54132,54132,unknown,False,False,secure_chandra_reference_missing_from_irac_catalog,component-901943e70f4d4aca,descriptive,False,13,,282967,282967,False,,False,False,150.0382112,2.7126069,2.15
54134,54134,unknown,False,False,no_chandra_xmm_mapping,component-4520de00995c00fe,descriptive,False,14,,294630,294630,False,,False,False,150.0890088,2.7664297,2.25
54135,54135,unknown,False,False,no_chandra_xmm_mapping,component-8a70849d30aeff36,excluded,False,14,,215876,215876,False,,False,False,149.7155156,2.4160454,2.32
54137,54137,matched,True,True,secure_unique_chandra_irac_link,component-d71535da4f74da3d,calibration,False,10,312546,,312546,True,2.7596861029555755,False,True,149.9335413,2.8431421,2.52
5414,5414,matched,True,True,secure_unique_chandra_irac_link,component-2c7faf8d14fde249,test,False,12,197689,197689,197689,True,0.7256072203827343,True,True,150.596005,2.3358836,1.5
54140,54140,matched,True,True,secure_unique_chandra_irac_link,component-8e3f6b373e08d06a,calibration,False,12,335573,,,True,6.526529097153951,False,False,150.0744381,2.9456476,3.35
54144,54144,matched,True,True,secure_unique_chandra_irac_link,component-17562f7859171cf7,calibration,False,10,405579,,405579,True,3.367054740525368,False,True,149.8107682,2.764648,2.68
54149,54149,matched,True,True,secure_unique_chandra_irac_link,component-e45971f46c5c6506,test,False,17,208195,208195,208195,True,2.504784439488434,True,True,150.0203762,2.3820399,2.16
5415,5415,matched,True,True,secure_unique_chandra_irac_link,component-24075b270335ddb2,test,False,14,135729,135729,135729,True,1.965378170336448,True,True,150.3338415,2.0616533,1.56
54150,54150,matched,True,True,secure_unique_chandra_irac_link,component-0c170b7be03c9435,calibration,False,12,289459,,289459,True,3.2614216302032903,False,True,149.8699377,2.7430616,2.16
54151,54151,matched,True,True,secure_unique_chandra_irac_link,component-5d3a5c10d5094ce1,test,False,14,184133,184133,184133,True,2.248858967827024,True,True,149.8509943,2.276086,2.28
54154,54154,unknown,False,False,no_chandra_xmm_mapping,component-d66c4168dcc09b85,excluded,False,12,,,,False,,False,False,149.8862692,2.8399762,2.51
54155,54155,matched,True,True,secure_unique_chandra_irac_link,component-4969f0d31a866fd8,test,False,13,299309,299309,299309,True,0.9048372232852883,True,True,150.0897411,2.7875046,2.48
5416,5416,matched,True,True,secure_unique_chandra_irac_link,component-9a49fcedeb2501ba,test,False,18,290967,290967,290967,True,1.341618879731062,True,True,149.358159,2.7503203,1.58
54160,54160,matched,True,True,secure_unique_chandra_irac_link,component-727d82f31deb092c,test,False,9,284098,284098,284098,True,1.6003285925945012,True,True,149.9532458,2.7188158,2.39
54161,54161,unknown,False,False,no_chandra_xmm_mapping,component-fb98de38705095c2,descriptive,False,12,,,,False,,False,False,149.7070959,2.5259775,2.05
54168,54168,matched,False,True,secure_unique_chandra_irac_link,component-6693315e84e77817,excluded,True,10,377775,377775,377775,True,0.6456004542843599,True,True,149.5666892,1.812202,1.87
5417,5417,matched,True,True,secure_unique_chandra_irac_link,component-2fead305174250d4,test,False,7,404372,404372,404372,True,1.7387244749295,True,True,150.7573178,2.7199571,1.94
54184,54184,matched,False,True,secure_unique_chandra_irac_link,component-b266158a7a332945,excluded,True,15,372098,372098,372098,True,0.7367268653966091,True,True,149.7367616,1.6293394,1.69
54191,54191,matched,True,True,secure_unique_chandra_irac_link,component-13f5e38650e7398e,calibration,False,12,49122,49122,49122,True,0.5884211127806688,True,True,149.4296573,1.6631709,1.2
5420,5420,matched,True,True,secure_unique_chandra_irac_link,component-74a86f62d0acd138,test,False,7,191722,191722,191722,True,1.7344986954933752,True,True,149.664422,2.3100128,1.84
54202,54202,matched,True,True,secure_unique_chandra_irac_link,component-27fda1008313e27b,test,False,11,50314,50314,50314,True,1.4809591051742816,True,True,149.5456938,1.6678754,1.23
54204,54204,matched,True,True,secure_unique_chandra_irac_link,component-9853f0679f69a297,calibration,False,21,133395,133395,133395,True,1.6374037699078217,True,True,149.5851365,2.0506805,1.88
5421,5421,matched,True,True,secure_unique_chandra_irac_link,component-479de61e68a1f232,calibration,False,13,45015,45015,45015,True,0.6319261156788797,True,True,149.974224,1.643361,2.15
54233,54233,matched,True,True,secure_unique_chandra_irac_link,component-f15ed935df872c94,calibration,False,12,52574,52574,52574,True,1.1291590849553583,True,True,149.4911892,1.6785054,1.41
5424,5424,matched,True,True,secure_unique_chandra_irac_link,component-67d9df3bfae39fd2,test,False,12,56061,55962,55962,True,1.9572623645212064,False,False,149.7774888,1.6949852,1.73
54241,54241,matched,True,True,secure_unique_chandra_irac_link,component-8927a277a0e43459,test,False,12,101565,101565,101565,True,0.8776973466002395,True,True,149.5182989,1.907305,1.94
54242,54242,matched,True,True,secure_unique_chandra_irac_link,component-b1fe9668700c3f31,test,False,11,54159,54159,54159,True,0.9513380216599605,True,True,149.5710838,1.6838712,1.47
5425,5425,matched,True,True,secure_unique_chandra_irac_link,component-44246e7c147681e3,calibration,False,11,317639,317639,317639,True,1.725887859424247,True,True,150.6527024,2.8660509,2.01
5426,5426,matched,True,True,secure_unique_chandra_irac_link,component-1020a49b41b8d518,calibration,False,13,271130,271130,271130,True,1.5146910061916579,True,True,149.780453,2.6626182,1.55
54263,54263,matched,True,True,secure_unique_chandra_irac_link,component-ce768e2c94c51ebb,test,False,10,10061,10061,10061,True,0.7665399443880948,True,True,149.8932482,1.4805734,1.9
54268,54268,matched,True,True,secure_unique_chandra_irac_link,component-599a08fa59d41d4b,test,False,15,122558,122558,122558,True,1.4255948220211745,True,True,149.579002,2.0015511,2.26
5427,5427,matched,True,True,secure_unique_chandra_irac_link,component-bede649d3b3ecaf5,test,False,16,271760,271760,271760,True,0.6594770627798151,True,True,150.0155468,2.6656993,1.58
54279,54279,unknown,False,False,no_chandra_xmm_mapping,component-abb1aa94b78b5bb5,descriptive,False,11,,34643,34643,False,,False,False,149.4643204,1.5952553,1.62
5428,5428,matched,True,True,secure_unique_chandra_irac_link,component-3223a2668ffe26ec,calibration,False,13,205289,205289,205289,True,0.2916536161920758,True,True,150.5556416,2.3691739,2.15
54280,54280,unknown,False,False,no_chandra_xmm_mapping,component-94db4114565a9d3b,descriptive,False,15,,31200,31200,False,,False,False,149.4655387,1.5791638,2.37
5429,5429,matched,True,True,secure_unique_chandra_irac_link,component-4681639741f445ef,test,False,17,296786,296786,296786,True,2.2437228432862866,True,True,149.6902517,2.7763326,1.2
54294,54294,matched,True,True,secure_unique_chandra_irac_link,component-5127d3c5cdd06623,test,False,12,22839,22839,22839,True,1.5959928977252948,True,True,149.6228724,1.5402353,1.72
54295,54295,unknown,False,False,no_chandra_xmm_mapping,component-0cce2b8365fd7baa,descriptive,False,15,,,20278,False,,False,False,149.6151822,1.5275336,2.55
5430,5430,matched,True,True,secure_unique_chandra_irac_link,component-ecb187c766fbbac4,test,False,16,302893,302893,302893,True,1.7102385749115028,True,True,150.0978401,2.8021366,1.76
54307,54307,matched,True,True,secure_unique_chandra_irac_link,component-9278ef7e8ac2b6a7,calibration,False,17,77218,77218,77218,True,0.13333919392805987,True,True,149.4709598,1.7944368,1.53
54308,54308,matched,True,True,secure_unique_chandra_irac_link,component-0743461f63d33185,test,False,12,57260,57260,57260,True,1.3316766943816376,True,True,149.5292786,1.7004236,1.62
54309,54309,matched,True,True,secure_unique_chandra_irac_link,component-88bae7d74367f6d2,test,False,11,57847,57847,57847,True,1.630958246079138,True,True,149.5190135,1.7034271,1.91
5431,5431,matched,True,True,secure_unique_chandra_irac_link,component-3d8dbd98077ee963,test,False,8,389137,389137,389137,True,0.47934418865879097,True,True,150.5812032,2.2209368,1.55
54316,54316,matched,True,True,secure_unique_chandra_irac_link,component-dbb93d17612987ff,test,False,16,127425,127425,127425,True,1.5642933479536278,True,True,149.679307,2.0238263,2.01
54318,54318,matched,True,True,secure_unique_chandra_irac_link,component-b65a2d67c20d505b,test,False,14,96502,96502,96502,True,0.675006624019163,True,True,149.6239347,1.8852143,1.602
54319,54319,matched,True,True,secure_unique_chandra_irac_link,component-122454507ca2e571,calibration,False,14,54730,54730,54730,True,0.674128247656964,True,True,149.5066142,1.6889156,1.91
5432,5432,matched,True,True,secure_unique_chandra_irac_link,component-4aeb7ad6d5d37a04,calibration,False,12,167365,167365,167365,True,0.764263350448802,True,True,150.5730749,2.2032993,2.13
54320,54320,matched,True,True,secure_unique_chandra_irac_link,component-88bae7d74367f6d2,test,False,17,56454,56220,56220,True,4.187321277638588,False,False,149.5174486,1.6964291,2.16
54322,54322,matched,True,True,secure_unique_chandra_irac_link,component-16277a3e794fdf16,calibration,False,14,141875,141875,141875,True,1.4660798995452458,True,True,149.7370762,2.0894393,1.83
5433,5433,matched,True,True,secure_unique_chandra_irac_link,component-5f60288fa383ac8c,test,False,8,320106,320106,320106,True,1.6121617161886652,True,True,150.6676701,2.8775355,1.51
54330,54330,matched,True,True,secure_unique_chandra_irac_link,component-54a54b60e1b7ab02,calibration,False,11,149641,149641,149641,True,0.8962416242260471,True,True,149.7536357,2.1254058,1.94
54333,54333,matched,True,True,secure_unique_chandra_irac_link,component-6cb6aadcd5cffe35,test,False,9,54459,54459,54459,True,2.3276783110631616,True,True,149.4715861,1.6869574,1.89
5434,5434,matched,True,True,secure_unique_chandra_irac_link,component-75a92952cd1d1c57,test,False,22,80318,80318,80318,True,0.45587480845972755,True,True,149.5060056,1.8092621,1.41
54345,54345,matched,True,True,secure_unique_chandra_irac_link,component-5dfe9e4f86299f31,test,False,12,46815,46815,46815,True,1.159449330894196,True,True,149.5958552,1.6511716,1.78
5435,5435,unknown,False,False,no_chandra_xmm_mapping,component-b92f859368bbc325,descriptive,False,10,,320357,320357,False,,False,False,149.7022837,2.8789907,1.2
54355,54355,unknown,False,False,no_chandra_xmm_mapping,component-388def603348434e,descriptive,False,13,,,28156,False,,False,False,149.4588309,1.5643044,2.07
54358,54358,matched,True,True,secure_unique_chandra_irac_link,component-1b276d7a994d1bac,test,False,11,87794,87794,87794,True,1.427020110343293,True,True,149.9246659,1.8436695,2.34
54359,54359,matched,True,True,secure_unique_chandra_irac_link,component-a905544a1cb5579a,calibration,False,13,19110,19110,19110,True,0.3746288430730632,True,True,149.651007,1.5229399,2.01
54368,54368,matched,True,True,secure_unique_chandra_irac_link,component-06d7c6b5b83cb41e,calibration,False,20,160160,160160,160160,True,2.5137675299235167,True,True,150.0925576,2.1714502,2.16
5437,5437,matched,True,True,secure_unique_chandra_irac_link,component-dae89e11241685c6,calibration,False,19,261151,261151,261151,True,1.4886629772095041,True,True,150.5968843,2.6179411,1.65
54370,54370,matched,True,True,secure_unique_chandra_irac_link,component-fb6c3f0d7bd44842,test,False,11,37198,37198,37198,True,0.9893379715342241,True,True,149.6697186,1.6067467,2.07
54371,54371,matched,True,True,secure_unique_chandra_irac_link,component-fb6c3f0d7bd44842,test,False,15,35605,35605,35605,True,1.391101835429851,True,True,149.6638695,1.599132,2.22
54374,54374,unknown,False,False,no_chandra_xmm_mapping,component-6693315e84e77817,excluded,False,16,,81085,81085,False,,False,False,149.5738436,1.8123376,2.173
54375,54375,matched,True,True,secure_unique_chandra_irac_link,component-d331f01d86477da8,test,False,13,63378,63378,63378,True,0.8649014603792109,True,True,149.5102787,1.7297457,1.88
54376,54376,matched,True,True,secure_unique_chandra_irac_link,component-9c90e878c45dc34f,calibration,False,14,25155,25155,25155,True,2.466259928420587,True,True,149.6543163,1.5510471,2.22
54377,54377,matched,True,True,secure_unique_chandra_irac_link,component-db96b637cbde7bf6,test,False,14,41206,41206,41206,True,1.7202462482419414,True,True,149.4868592,1.6253679,2.02
54379,54379,matched,True,True,secure_unique_chandra_irac_link,component-ff9d75f1a7227028,test,False,15,29678,29678,29678,True,0.391433952646162,True,True,149.7028328,1.5728495,2.01
5438,5438,ambiguous,False,False,multiple_chandra_sources,component-235cdd5c393a0d88,excluded,False,15,,166791,166791,False,,False,False,150.7437507,2.2011513,1.36
54381,54381,matched,True,True,secure_unique_chandra_irac_link,component-c0f3c79bcf1e7357,calibration,False,18,59557,59374,59374,True,2.1957243404290403,False,False,149.7871628,1.7118891,2.36
54387,54387,matched,True,True,secure_unique_chandra_irac_link,component-c0409667c47de4c3,test,False,15,123927,123927,123927,True,1.9527099295607566,True,True,150.0984543,2.0080437,2.31
54388,54388,ambiguous,False,False,multiple_chandra_sources,component-e7744189e1b4f244,descriptive,False,9,,60930,60930,False,,False,False,149.7275542,1.7190805,1.94
54392,54392,unknown,False,False,no_chandra_xmm_mapping,component-570b0df38d0516b4,descriptive,False,11,,,21432,False,,False,False,149.5616014,1.5336487,2.81
54394,54394,matched,True,True,secure_unique_chandra_irac_link,component-32b05fcc09b40008,test,False,14,42328,42328,42328,True,1.9200604909524082,True,True,149.5595528,1.6305162,2.23
54398,54398,matched,True,True,secure_unique_chandra_irac_link,component-551994ed6e70954f,test,False,11,115002,115002,115002,True,2.005024626644591,True,True,149.4963826,1.9682054,2.28
5440,5440,matched,True,True,secure_unique_chandra_irac_link,component-90f285f8fb15c8bc,test,False,13,136546,136546,136546,True,1.0299336077409103,True,True,149.7373392,2.0651338,1.5
54405,54405,matched,True,True,secure_unique_chandra_irac_link,component-032a3f90cfd1824a,test,False,11,112013,112013,112013,True,0.5230897529886867,True,True,149.5723806,1.9549529,2.36
54406,54406,matched,True,True,secure_unique_chandra_irac_link,component-e2dec58bd0f1a80f,test,False,12,30826,30826,30826,True,1.122529045584332,True,True,149.6746586,1.577951,2.167
54408,54408,matched,True,True,secure_unique_chandra_irac_link,component-95e79609f47ec91d,test,False,15,26286,26286,26286,True,2.234782033300049,True,True,149.5896687,1.555988,2.48
54409,54409,matched,True,True,secure_unique_chandra_irac_link,component-b4fb6c6ca07f4a98,calibration,False,15,154825,,154825,True,2.828643885325181,False,True,149.7974946,2.1486327,2.67
5441,5441,matched,True,True,secure_unique_chandra_irac_link,component-808a3872edc78095,calibration,False,12,76634,76634,76634,True,0.8370598502266591,True,True,150.3690292,1.7922443,1.71
54411,54411,unknown,False,False,no_chandra_xmm_mapping,component-b79860990d3b0cee,excluded,False,9,,,67860,False,,False,False,149.6122712,1.7510209,2.49
54418,54418,matched,True,True,secure_unique_chandra_irac_link,component-2fca6d2ea469d6c4,calibration,False,11,138805,138805,138805,True,0.6295064398503541,True,True,149.451129,2.075037,1.93
54420,54420,matched,True,True,secure_unique_chandra_irac_link,component-f5bf9fb698773497,calibration,False,15,60394,60394,60394,True,1.324703333453118,True,True,149.7578802,1.7163243,2.37
54424,54424,matched,True,True,secure_unique_chandra_irac_link,component-58761bb14c25e5a0,test,False,9,149556,149556,149556,True,0.46439196600736904,True,True,149.550199,2.1254851,2.22
5443,5443,matched,True,True,secure_unique_chandra_irac_link,component-82a6dd5bf8dfb66a,calibration,False,12,45971,45971,45971,True,1.1549605470825897,True,True,149.9478263,1.6475537,1.82
54430,54430,matched,True,True,secure_unique_chandra_irac_link,component-9ec93c26dc0a6a74,test,False,16,118630,118630,118630,True,1.609757617280233,True,True,150.023265,1.9848165,2.31
54431,54431,matched,True,True,secure_unique_chandra_irac_link,component-528ad1372c2cce1c,calibration,False,10,82662,82662,82662,True,2.165594055473391,True,True,149.7442511,1.818908,1.94
54434,54434,matched,True,True,secure_unique_chandra_irac_link,component-8aa4380f7078c037,test,False,7,377067,377067,377067,True,1.6978699820201957,True,True,149.6410636,1.7700738,1.307
54437,54437,matched,True,True,secure_unique_chandra_irac_link,component-02cc81b5745cae7a,test,False,12,99880,99880,99880,True,1.4088724358924523,True,True,149.8908269,1.9008525,1.87
54439,54439,matched,True,True,secure_unique_chandra_irac_link,component-2560368aeb2eb056,calibration,False,11,161904,161904,161904,True,1.0600122554855587,True,True,149.7363987,2.1797724,2.13
54440,54440,matched,True,True,secure_unique_chandra_irac_link,component-9f6b35025307c719,test,False,14,109809,109809,109809,True,2.2763905369135267,True,True,150.0626453,1.9442303,2.253
54441,54441,matched,True,True,secure_unique_chandra_irac_link,component-b6ce96a8e569fa05,calibration,False,15,67275,67275,67275,True,1.3815465784610508,True,True,149.6629911,1.7486503,2.22
54443,54443,matched,True,True,secure_unique_chandra_irac_link,component-52d53d34fd0c8052,calibration,False,12,65470,65433,65433,True,3.32349500953869,False,False,149.7968751,1.7404872,2.25
54444,54444,matched,True,True,secure_unique_chandra_irac_link,component-a377d689b68fdb41,test,False,14,146575,146575,146575,True,1.9751461939791206,True,True,149.8551974,2.1122817,2.36
54448,54448,matched,True,True,secure_unique_chandra_irac_link,component-0f2f1504b8f800c1,test,False,15,224111,224111,224111,True,0.6560709801715213,True,True,150.3173754,2.4516142,2.05
5445,5445,matched,True,True,secure_unique_chandra_irac_link,component-3eac69e760d9ec57,test,False,14,244046,244046,244046,True,0.8509187885516754,True,True,150.5393563,2.542263,1.56
54451,54451,matched,True,True,secure_unique_chandra_irac_link,component-cdad57c57e753011,test,False,11,199656,199656,199656,True,2.3565166509849225,True,True,150.7531955,2.345154,1.423
54452,54452,matched,True,True,secure_unique_chandra_irac_link,component-0db0c9758028d69a,test,False,13,298108,298108,298108,True,2.3854538449350158,True,True,150.5978633,2.7812825,1.89
54459,54459,matched,True,True,secure_unique_chandra_irac_link,component-6cbacd9ae98d4be2,test,False,15,293105,292602,292602,True,4.5262646789405245,False,False,150.2658501,2.7581657,2.19
54461,54461,matched,True,True,secure_unique_chandra_irac_link,component-a58b02570ca8a9f7,test,False,14,227522,227522,227522,True,1.452810391473782,True,True,150.7642207,2.4658377,2.05
54464,54464,matched,True,True,secure_unique_chandra_irac_link,component-e2df1fd53e99c3be,test,False,18,213977,213977,213977,True,2.3616088745279504,True,True,150.7234012,2.408766,2.35
54466,54466,matched,True,True,secure_unique_chandra_irac_link,component-2cec743ca3d3a6fb,test,False,13,221170,221170,221170,True,2.6660142020543054,True,True,150.6059254,2.4366181,2.23
54469,54469,matched,True,True,secure_unique_chandra_irac_link,component-fa164ad01ff0be7d,test,False,14,272179,272179,272179,True,1.2160208631703713,True,True,150.4016459,2.6670378,2.46
5447,5447,matched,True,True,secure_unique_chandra_irac_link,component-a17c19d4f322a201,calibration,False,13,275611,275611,275611,True,1.442124765831262,True,True,149.8901609,2.6824889,1.43
54472,54472,ambiguous,False,False,multiple_chandra_sources,component-326697663428273c,excluded,False,14,,36894,36894,False,,False,False,150.3655536,1.6049858,2.16
54473,54473,matched,True,True,secure_unique_chandra_irac_link,component-607bb88a1bc3ab68,test,False,11,27962,27962,27962,True,1.548871751723142,True,True,150.3772,1.5640286,2.15
54476,54476,matched,True,True,secure_unique_chandra_irac_link,component-48106689f83e6cc4,test,False,17,123392,123392,123392,True,1.545239653442481,True,True,150.419252,2.0056904,2.01
5448,5448,matched,True,True,secure_unique_chandra_irac_link,component-d12a4891fbf81cfb,test,False,24,239929,239929,239929,True,1.4910006473543014,True,True,150.7790073,2.5228282,1.43
54480,54480,matched,True,True,secure_unique_chandra_irac_link,component-4b95e56271a378b3,test,False,13,52797,52797,52797,True,1.5662835212689663,True,True,150.2070346,1.6798477,2.03
54484,54484,unknown,False,False,no_chandra_xmm_mapping,component-fbb7fb82f5ad2121,descriptive,False,11,,93794,93794,False,,False,False,150.6665351,1.8729161,2.06
54486,54486,matched,True,True,secure_unique_chandra_irac_link,component-9bdb6344792a63b9,test,False,14,141872,141872,141872,True,1.0809913001444575,True,True,150.1567529,2.0893113,2.07
54490,54490,matched,True,True,secure_unique_chandra_irac_link,component-2f125628c06ef4ff,test,False,11,78460,78460,78460,True,1.1525167698678376,True,True,150.2583097,1.8003854,1.89
54491,54491,matched,True,True,secure_unique_chandra_irac_link,component-2f125628c06ef4ff,test,False,21,75821,75821,75821,True,1.1594748906335066,True,True,150.2680592,1.7891913,1.86
5450,5450,unknown,False,False,no_chandra_xmm_mapping,component-c54bea44135df61e,descriptive,False,10,,,320961,False,,False,False,149.6582112,2.8824242,2.25
54502,54502,matched,True,True,secure_unique_chandra_irac_link,component-26bb5daced9d489e,test,False,16,258353,258353,258353,True,0.038290460097042164,True,True,149.7404926,2.6053116,1.87
5451,5451,matched,True,True,secure_unique_chandra_irac_link,component-43a70ba6b21894cd,test,False,16,389570,389570,389570,True,1.3478788076429298,True,True,150.8554592,2.2239463,1.472
54510,54510,matched,True,True,secure_unique_chandra_irac_link,component-b49ffc64f0c07a87,calibration,False,17,302842,302842,302842,True,1.3681636710448974,True,True,149.8124304,2.8020607,2.1
54513,54513,matched,True,True,secure_unique_chandra_irac_link,component-d7438e0c55c705c3,test,False,17,267814,267814,267814,True,0.7732851802695154,True,True,150.0606791,2.6481969,1.94
54514,54514,matched,True,True,secure_unique_chandra_irac_link,component-62e08d72c15b0caf,test,False,15,181375,181375,181375,True,0.6935595838173237,True,True,149.5723597,2.2625476,1.82
54517,54517,matched,True,True,secure_unique_chandra_irac_link,component-489695dd56ac2b74,test,False,17,252221,252221,252221,True,0.48163897580791293,True,True,149.9384155,2.5776153,2.07
5452,5452,matched,True,True,secure_unique_chandra_irac_link,component-d540bb71097dd07c,test,False,14,301849,301849,301849,True,0.8212480674695632,True,True,149.5099998,2.7982662,1.99
54520,54520,matched,True,True,secure_unique_chandra_irac_link,component-723693d902daddba,test,False,15,279391,279691,279691,True,4.841411192550945,False,False,149.930361,2.6990273,2.27
54524,54524,matched,True,True,secure_unique_chandra_irac_link,component-27b0648965c8b221,test,False,12,274756,274717,274717,True,2.6915097663408627,False,False,149.9740465,2.6791346,2.12
54525,54525,matched,True,True,secure_unique_chandra_irac_link,component-0f2a08300898ec2f,test,False,17,267326,267326,267326,True,0.9114183245977227,True,True,149.7853016,2.6460946,2.04
5453,5453,matched,True,True,secure_unique_chandra_irac_link,component-20bf401e0f051eef,test,False,15,309404,309404,309404,True,0.6887146443547555,True,True,150.1552187,2.8307683,1.45
54530,54530,matched,True,True,secure_unique_chandra_irac_link,component-584d261b0c6c257e,test,False,10,375884,,375745,True,3.089120113996336,False,False,149.6374024,1.7364283,1.333
54534,54534,matched,True,True,secure_unique_chandra_irac_link,component-06205125e68ad5db,test,False,21,154562,154562,154562,True,1.5550122400521227,True,True,150.019036,2.1474295,2.04
54535,54535,matched,True,True,secure_unique_chandra_irac_link,component-196a0d4ed4fd499e,calibration,False,14,109976,109976,109976,True,1.1524450450247865,True,True,149.5449875,1.9454045,2.33
5454,5454,unknown,False,False,no_chandra_xmm_mapping,component-5ad0e75a5119ff6d,descriptive,False,17,,262447,262447,False,,False,False,149.5069756,2.6243305,2.15
54540,54540,unknown,False,False,no_chandra_xmm_mapping,component-854e3c9b90e0466c,descriptive,False,16,,90391,90391,False,,False,False,149.4211432,1.8562607,2.14
54541,54541,matched,True,True,secure_unique_chandra_irac_link,component-a2a6713c06042957,test,False,14,36301,36301,36301,True,1.47156787576547,True,True,149.647282,1.60282,2.47
54542,54542,matched,True,True,secure_unique_chandra_irac_link,component-1bae44118bac8169,test,False,11,85507,85507,85507,True,2.253151410904787,True,True,149.7025525,1.8336006,2.22
54545,54545,matched,True,True,secure_unique_chandra_irac_link,component-6bef9b6380abc884,test,False,9,83401,83401,83401,True,1.2240085019391833,True,True,149.4603794,1.8225218,2.29
5456,5456,unknown,False,False,secure_chandra_reference_missing_from_irac_catalog,component-36b0207bd8d835af,descriptive,False,19,,277174,277174,False,,False,False,149.7135547,2.6890236,2.04
5457,5457,matched,True,True,secure_unique_chandra_irac_link,component-56a5ec9c037f2945,test,False,15,258497,258497,258497,True,0.7033113378817225,True,True,150.1430407,2.6061888,2.09
546,546,matched,True,True,secure_unique_chandra_irac_link,component-6fc8f95bc6465849,test,False,25,215048,215048,215048,True,2.485108355091339,True,True,150.3781876,2.4117948,2.37
5460,5460,matched,True,True,secure_unique_chandra_irac_link,component-7fed43c640957555,calibration,False,14,277714,277714,277714,True,1.3184068122629973,True,True,149.7338137,2.6913314,1.76
5461,5461,matched,True,True,secure_unique_chandra_irac_link,component-604bdba4ae56af68,test,False,14,73951,73951,73951,True,2.158399744756916,True,True,149.8283041,1.7808042,1.903
5462,5462,matched,True,True,secure_unique_chandra_irac_link,component-971787b181dd876b,calibration,False,13,189363,189363,189363,True,0.1838809627626302,True,True,149.7153191,2.2993926,2.14
5463,5463,matched,True,True,secure_unique_chandra_irac_link,component-f035af22c045803b,test,False,12,284886,,284742,True,3.919103637247147,False,False,149.5853114,2.7230525,2.37
5464,5464,matched,True,True,secure_unique_chandra_irac_link,component-c4f9fcfbf89fa5e1,test,False,12,140857,140857,140857,True,1.204352576200624,True,True,149.5745726,2.0847391,1.89
5465,5465,matched,True,True,secure_unique_chandra_irac_link,component-b3e9ff4f6097909e,calibration,False,13,263783,263783,263783,True,2.1020155731889436,True,True,149.5635398,2.6296401,1.56
5467,5467,matched,True,True,secure_unique_chandra_irac_link,component-6339497c1ac50c3a,calibration,False,14,241762,241762,241762,True,1.178620454458971,True,True,150.6430892,2.5293023,1.77
5468,5468,unknown,False,False,no_chandra_xmm_mapping,component-e1638e7a3cb9bd9c,descriptive,False,7,,326804,326804,False,,False,False,150.7199691,2.9076487,1.57
5469,5469,matched,True,True,secure_unique_chandra_irac_link,component-95d41ec85b213287,test,False,19,391777,391777,391777,True,0.6211784647554988,True,True,150.4496595,2.3193975,1.76
5470,5470,matched,True,True,secure_unique_chandra_irac_link,component-07492b1515609125,calibration,False,13,324919,324919,324919,True,2.1654734541192986,True,True,149.4349813,2.899303,2.12
5471,5471,matched,True,True,secure_unique_chandra_irac_link,component-d308ddc557e77418,test,False,6,405022,,405022,True,3.0599666944558708,False,True,150.1012334,2.7390355,2.54
5472,5472,ambiguous,False,False,multiple_chandra_sources,component-c0d544fbf7432173,descriptive,False,13,,,294307,False,,False,False,150.5512341,2.7658579,1.66
5474,5474,matched,True,True,secure_unique_chandra_irac_link,component-50182d9d05051a6c,test,False,9,287909,287909,287909,True,0.6873587371408937,True,True,150.194123,2.7367993,1.92
5476,5476,matched,True,True,secure_unique_chandra_irac_link,component-e5ac171853c6de5e,calibration,False,20,142701,142701,142701,True,0.5997285842635188,True,True,149.555707,2.0934292,1.3
5477,5477,unknown,False,False,secure_chandra_reference_missing_from_irac_catalog,component-fde14d5b0b8f8c94,descriptive,False,15,,265874,265874,False,,False,False,150.5984927,2.639391,1.84
5478,5478,matched,True,True,secure_unique_chandra_irac_link,component-536326188b56c7f1,test,False,10,64506,64506,64506,True,1.7279929522632713,True,True,150.3962603,1.7358383,1.95
5479,5479,matched,True,True,secure_unique_chandra_irac_link,component-87a08ac712e68318,test,False,10,243122,243122,243122,True,2.2022267615220197,True,True,149.8391654,2.5373403,1.7
5481,5481,matched,True,True,secure_unique_chandra_irac_link,component-03b07ca887edb311,calibration,False,14,322886,322886,322886,True,1.309667154215375,True,True,150.1852122,2.8904313,1.99
5482,5482,matched,True,True,secure_unique_chandra_irac_link,component-02c0b7bcc4d2aa75,test,False,15,230955,230955,230955,True,1.2528613527214452,True,True,149.8460464,2.4815814,1.6
5483,5483,matched,True,True,secure_unique_chandra_irac_link,component-aebed4b116c4822b,test,False,10,211850,211850,211850,True,1.1573164188297047,True,True,150.5993997,2.3983685,1.85
5484,5484,matched,True,True,secure_unique_chandra_irac_link,component-6320064497fdca4c,test,False,11,192531,192531,192531,True,0.6844455839989585,True,True,150.7142439,2.3136422,1.27
5485,5485,matched,True,True,secure_unique_chandra_irac_link,component-7e7d333c0af0cac7,calibration,False,16,187754,187754,187754,True,0.7639147614448074,True,True,150.7078279,2.2924235,1.06
5487,5487,ambiguous,False,False,chandra_identification_ambiguous,component-612eeab9024bfb73,descriptive,False,14,,303153,303153,False,,False,False,149.5977808,2.8030775,1.65
5488,5488,matched,True,True,secure_unique_chandra_irac_link,component-3267ef2a83a74905,test,False,15,102588,102588,102588,True,0.11034588881495984,True,True,149.6750173,1.9118403,1.43
5489,5489,matched,True,True,secure_unique_chandra_irac_link,component-c363831cbfee684f,test,False,9,398683,,398683,True,3.7751047947121834,False,True,149.6285582,2.4978366,2.35
5490,5490,matched,True,True,secure_unique_chandra_irac_link,component-ac4584b90286aec1,calibration,False,11,120218,120218,120218,True,2.2167752109688843,True,True,149.5849228,1.9914004,1.46
5492,5492,ambiguous,False,False,multiple_chandra_sources,component-7cabc7e02461a788,descriptive,False,18,,,,False,,False,False,149.4978949,2.7822275,1.26
5493,5493,matched,True,True,secure_unique_chandra_irac_link,component-e734ce8f057a2863,test,False,18,126753,126753,126753,True,1.005427619264755,True,True,149.5260432,2.0202239,1.43
5494,5494,matched,True,True,secure_unique_chandra_irac_link,component-647011fb41f77ae3,calibration,False,15,380438,380438,380438,True,1.5824099603772108,True,True,149.4727034,1.9187087,0.435
5496,5496,ambiguous,False,False,multiple_chandra_sources,component-a1acb291bb339d07,descriptive,False,11,,46084,46084,False,,False,False,150.7043532,1.6487944,1.85
5497,5497,matched,True,True,secure_unique_chandra_irac_link,component-a96956b07821015f,calibration,False,13,288023,288023,288023,True,2.478517535449406,True,True,149.8381504,2.7367542,1.54
55,55,unknown,False,False,secure_chandra_reference_missing_from_irac_catalog,component-02d20bbd7e394ad5,descriptive,False,13,,155947,155947,False,,False,False,150.0850192,2.1536439,1.24
550,550,matched,True,True,secure_unique_chandra_irac_link,component-f89f8d0e735a91c5,test,False,11,222658,222658,222658,True,2.1557601638589956,True,True,150.4013277,2.4449543,2.72
5500,5500,matched,True,True,secure_unique_chandra_irac_link,component-8f496feec94eb1ce,test,False,11,22547,22547,22547,True,1.0776458192731446,True,True,149.704442,1.5390644,0.89
5501,5501,unknown,False,False,no_chandra_xmm_mapping,component-3565801e1ec38673,descriptive,False,15,,218676,218676,False,,False,False,150.829352,2.4280619,1.47
5502,5502,matched,True,True,secure_unique_chandra_irac_link,component-536b9ac36d9adc0b,test,False,12,83633,83633,83633,True,1.078233397434474,True,True,149.8124786,1.8238187,1.69
5503,5503,matched,True,True,secure_unique_chandra_irac_link,component-80ccd59a719f2767,calibration,False,14,194644,194644,194644,True,0.41400518245672746,True,True,150.6097344,2.3229899,1.06
5504,5504,matched,True,True,secure_unique_chandra_irac_link,component-346d9762550ed756,calibration,False,14,195209,195209,195209,True,0.8057805538574415,True,True,150.7551994,2.3260342,1.868
5505,5505,matched,True,True,secure_unique_chandra_irac_link,component-065aab207e6fe875,test,False,18,133664,133664,133664,True,1.1169915080537196,True,True,149.6566237,2.0510911,1.47
5506,5506,matched,True,True,secure_unique_chandra_irac_link,component-5fe46e04994d1141,test,False,15,142901,142901,142901,True,1.0469929925269468,True,True,150.4483439,2.0929664,1.99
5507,5507,matched,True,True,secure_unique_chandra_irac_link,component-a33b9df1b504c55a,test,False,15,111927,111927,111927,True,0.4961808523101636,True,True,149.4425389,1.9535425,1.74
5510,5510,matched,True,True,secure_unique_chandra_irac_link,component-4b177cf57484bae0,test,False,26,130044,130044,130044,True,0.3860079830711771,True,True,149.4200382,2.0355056,1.41
5511,5511,ambiguous,False,False,multiple_chandra_sources,component-8798b848ede7e47c,descriptive,False,13,,260365,260365,False,,False,False,149.620745,2.6145431,1.74
5512,5512,matched,True,True,secure_unique_chandra_irac_link,component-75868569c7f5ef9f,calibration,False,16,200028,200028,200028,True,1.7683803276491041,True,True,149.4607899,2.3466673,1.81
5513,5513,matched,True,True,secure_unique_chandra_irac_link,component-7bbecb0907b148d0,test,False,15,153205,153205,153205,True,1.3893957437628957,True,True,149.7542536,2.1415162,1.92
5514,5514,matched,True,True,secure_unique_chandra_irac_link,component-9b8bc70a7157cb4a,test,False,10,298463,298463,298463,True,1.7215916662938933,True,True,150.5381245,2.7832648,2.04
5515,5515,matched,True,True,secure_unique_chandra_irac_link,component-eacc30a21d89f388,calibration,False,9,285404,285404,285404,True,0.7799199749142801,True,True,150.5043559,2.7251533,2.14
5516,5516,matched,True,True,secure_unique_chandra_irac_link,component-714802f31c8f1c00,test,False,15,152056,152056,152056,True,0.9591239891611272,True,True,150.2479967,2.1360092,1.8
5517,5517,matched,True,True,secure_unique_chandra_irac_link,component-5078bca8d0b0f7f9,calibration,False,14,263650,263650,263650,True,0.7055948826173197,True,True,150.7053519,2.6297019,1.46
5518,5518,matched,True,True,secure_unique_chandra_irac_link,component-9329880431754f35,calibration,False,9,125772,125772,125772,True,1.0882745594106198,True,True,149.7152676,2.0165082,1.7
5519,5519,matched,True,True,secure_unique_chandra_irac_link,component-b359f3a61109f58e,test,False,14,115329,115329,115329,True,0.5313220941679487,True,True,150.4247226,1.9693011,1.62
5520,5520,matched,True,True,secure_unique_chandra_irac_link,component-6253047d839a5168,test,False,15,263821,263821,263821,True,2.19494204432505,True,True,150.1033343,2.6298734,2.05
5521,5521,matched,True,True,secure_unique_chandra_irac_link,component-9fa4354c24b3c7a2,test,False,16,320072,320072,320072,True,1.56963121747405,True,True,150.5923288,2.8773447,1.19
5522,5522,matched,True,True,secure_unique_chandra_irac_link,component-34ff3bb3732ca543,calibration,False,16,180679,180679,180679,True,0.9416924322040291,True,True,150.5579931,2.2603724,1.52
5523,5523,matched,True,True,secure_unique_chandra_irac_link,component-13b1475cbe243903,test,False,14,183515,183515,183515,True,1.5500443269976243,True,True,150.5363409,2.2728875,1.37
5524,5524,matched,True,True,secure_unique_chandra_irac_link,component-833d6983cdb9e4c6,test,False,14,264553,264553,264553,True,1.1030945907332452,True,True,150.8170456,2.6332424,1.68
5525,5525,matched,True,True,secure_unique_chandra_irac_link,component-c89fe5b7a007332d,test,False,7,401587,401587,401587,True,1.4182072823783944,True,True,149.7261119,2.6315073,1.32
5528,5528,matched,True,True,secure_unique_chandra_irac_link,component-8fe5aff59d1fb619,test,False,14,288498,288498,288498,True,0.7514684898875196,True,True,150.2977175,2.7386779,1.92
5529,5529,unknown,False,False,no_chandra_xmm_mapping,component-1d83fef6f951f399,descriptive,False,12,,,,False,,False,False,149.5240658,2.941243,2.3
5530,5530,matched,True,True,secure_unique_chandra_irac_link,component-bbe65555c3dd4b5c,calibration,False,9,91810,91810,91810,True,1.0768877816027482,True,True,149.5173383,1.8636898,1.48
5531,5531,matched,True,True,secure_unique_chandra_irac_link,component-bcd7dddaf951959e,test,False,13,114701,114701,114701,True,1.7698343143928918,True,True,150.386498,1.9670783,1.48
5532,5532,matched,True,True,secure_unique_chandra_irac_link,component-6220b303a7d895e4,test,False,14,186653,186653,186653,True,1.2654746707605902,True,True,149.8044952,2.2879445,2.12
5533,5533,matched,True,True,secure_unique_chandra_irac_link,component-29b72132c16974cc,calibration,False,15,260543,260543,260543,True,2.015157696678141,True,True,149.5940248,2.6145721,1.33
5534,5534,matched,True,True,secure_unique_chandra_irac_link,component-4121d897f5b04182,calibration,False,18,297538,,297538,True,2.8390902284414494,False,True,150.2311998,2.7778148,2.22
5535,5535,matched,True,True,secure_unique_chandra_irac_link,component-d64020634ef61665,test,False,12,164409,164409,164409,True,1.3443899059409297,True,True,150.6291213,2.1906633,1.993
5536,5536,matched,True,True,secure_unique_chandra_irac_link,component-29ed487a5ab40189,test,False,11,180971,180971,180971,True,2.331016355253447,True,True,150.7425952,2.2611937,1.98
5537,5537,matched,True,True,secure_unique_chandra_irac_link,component-31c90b860ef80dd9,test,False,10,260340,260340,260340,True,1.6544915914797984,True,True,149.6758419,2.6144944,1.32
5539,5539,matched,True,True,secure_unique_chandra_irac_link,component-e20229ca23ea5115,test,False,14,180843,180843,180843,True,1.502032209343085,True,True,149.5091336,2.2612759,1.99
5540,5540,matched,True,True,secure_unique_chandra_irac_link,component-d77ce11496e0fc93,test,False,15,314040,314040,314040,True,0.6939168587753889,True,True,150.5113399,2.850849,1.75
5541,5541,matched,True,True,secure_unique_chandra_irac_link,component-e81b0232009842c5,test,False,15,171862,171862,171862,True,1.8267386351726678,True,True,149.5304578,2.2218071,2.12
5542,5542,matched,True,True,secure_unique_chandra_irac_link,component-d93823ebdbde2e10,test,False,7,173635,173635,173635,True,0.7351036417373784,True,True,150.7780379,2.2293945,1.52
5543,5543,matched,True,True,secure_unique_chandra_irac_link,component-9302a967cce44378,test,False,10,297736,297736,297736,True,0.16495130059836538,True,True,150.0649432,2.779954,1.84
5544,5544,matched,True,True,secure_unique_chandra_irac_link,component-6334610e2b0395f3,test,False,10,288394,288394,288394,True,1.7718140611186468,True,True,149.6214111,2.7384716,1.26
5545,5545,matched,True,True,secure_unique_chandra_irac_link,component-2f7f15d0bb83b97a,test,False,17,306173,,306173,True,3.1382851763420296,False,True,149.7152076,2.8169836,2.052
5546,5546,matched,True,True,secure_unique_chandra_irac_link,component-81792906f17d7bc4,test,False,16,66848,66848,66848,True,0.7017852997136227,True,True,149.7709017,1.7467778,1.52
5547,5547,matched,True,True,secure_unique_chandra_irac_link,component-f2ac0b4ca7b0e481,calibration,False,14,111269,111269,111269,True,1.2558171952419894,True,True,149.7433429,1.9517938,1.71
5548,5548,matched,True,True,secure_unique_chandra_irac_link,component-869ab3d281360254,test,False,11,276063,276063,276063,True,1.9196662273452778,True,True,149.6425034,2.6845387,1.62
5549,5549,matched,True,True,secure_unique_chandra_irac_link,component-b996521be9c996db,test,False,16,107227,107227,107227,True,0.5192747957014445,True,True,149.6839912,1.9328868,1.24
5552,5552,matched,True,True,secure_unique_chandra_irac_link,component-b6be463f6999751d,calibration,False,13,285302,285302,285302,True,1.8381146172542333,True,True,149.5053356,2.7248969,1.21
5553,5553,unknown,False,False,secure_chandra_reference_missing_from_irac_catalog,component-068cdb9d2f72bda1,descriptive,False,7,,45628,45628,False,,False,False,150.2563159,1.6460693,1.921
5554,5554,matched,True,True,secure_unique_chandra_irac_link,component-ee1de4914cc26e8f,calibration,False,23,301224,301224,301224,True,0.6380786926474689,True,True,150.0413596,2.7949147,1.75
5555,5555,matched,True,True,secure_unique_chandra_irac_link,component-c1f330d0aff31c1c,test,False,15,142797,142797,142797,True,1.7171246489034926,True,True,150.5241482,2.0942759,1.8
5558,5558,matched,True,True,secure_unique_chandra_irac_link,component-8bf3ada0969f6256,calibration,False,12,404680,404680,404680,True,0.7135736638198911,True,True,149.3916043,2.739735,2.1
5559,5559,matched,True,True,secure_unique_chandra_irac_link,component-30c6570a99d5554c,test,False,15,104318,104318,104318,True,1.1402483718477368,True,True,149.8478811,1.9203918,1.67
556,556,unknown,False,False,chandra_identification_unidentified,component-9d6aa3d89c0171b9,descriptive,False,5,,382456,382456,False,,False,False,149.9993748,1.9890389,1.74
5560,5560,matched,True,True,secure_unique_chandra_irac_link,component-62f33c2426c25c81,calibration,False,14,88378,88378,88378,True,1.9753486937989495,True,True,149.8172953,1.8464186,1.58
5561,5561,matched,True,True,secure_unique_chandra_irac_link,component-f3058bcbb026a692,test,False,18,304802,304802,304802,True,0.4555692088622861,True,True,150.7842881,2.810582,2.29
5562,5562,matched,True,True,secure_unique_chandra_irac_link,component-b903eceaae4690fa,test,False,12,297675,297829,297829,True,3.2808333721670806,False,False,149.6217526,2.7806984,1.68
5563,5563,matched,True,True,secure_unique_chandra_irac_link,component-874ed62968b0bdda,test,False,12,172298,172298,172298,True,1.7548817652543782,True,True,150.5469205,2.2238652,1.402
5564,5564,unknown,False,False,no_chandra_xmm_mapping,component-6c4c237fa6808f1c,descriptive,False,17,,301362,301362,False,,False,False,150.6609271,2.7956643,2.44
5566,5566,ambiguous,False,False,multiple_chandra_sources,component-be41b7f1fa56ba2b,descriptive,False,16,,162578,162578,False,,False,False,149.5412723,2.1823266,1.42
5567,5567,matched,True,True,secure_unique_chandra_irac_link,component-0da728f5d368de45,test,False,18,110443,110443,110443,True,1.565122752927665,True,True,149.8939992,1.9471456,1.9
5569,5569,matched,True,True,secure_unique_chandra_irac_link,component-5214de409e4f511b,test,False,12,246062,246062,246062,True,1.3129744299341413,True,True,150.7904589,2.5504768,1.8
5570,5570,matched,True,True,secure_unique_chandra_irac_link,component-be3d629f02589a09,test,False,17,132474,132474,132474,True,1.6302632715095309,True,True,149.6866157,2.0467056,1.97
5572,5572,matched,True,True,secure_unique_chandra_irac_link,component-0409acd934fb893f,calibration,False,10,280886,280886,280886,True,1.3466350939338338,True,True,150.0080825,2.7044175,1.48
5573,5573,matched,True,True,secure_unique_chandra_irac_link,component-e9e556620469f46a,test,False,16,75305,75305,75305,True,0.4684811490704546,True,True,149.5298775,1.7856366,1.29
5574,5574,ambiguous,False,False,chandra_identification_ambiguous,component-05a17f01442128f0,descriptive,False,5,,404880,404880,False,,False,False,149.7124576,2.7442813,1.73
5575,5575,matched,True,True,secure_unique_chandra_irac_link,component-69c53542ac9ee1fc,calibration,False,12,37815,37815,37815,True,1.1050777181669158,True,True,149.8108113,1.6095225,1.8
5577,5577,matched,True,True,secure_unique_chandra_irac_link,component-65ab749279c8fbe6,test,False,13,148333,148333,148333,True,0.422791529278947,True,True,149.444655,2.1200475,1.71
5579,5579,matched,True,True,secure_unique_chandra_irac_link,component-934c47f36c16a58d,calibration,False,19,226337,,226132,True,6.259557985919664,False,False,149.5211919,2.4598902,2.7
558,558,matched,True,True,secure_unique_chandra_irac_link,component-dd8e8c8c9dae8978,test,False,17,313246,313246,313246,True,0.7126808532532756,True,True,150.5807651,2.8470137,1.385
5581,5581,matched,True,True,secure_unique_chandra_irac_link,component-fd65ddd3504ba0be,test,False,10,138193,138193,138193,True,1.9162024202972474,True,True,149.7940391,2.0727199,1.89
5582,5582,matched,True,True,secure_unique_chandra_irac_link,component-c1698979b983b265,test,False,13,70053,70053,70053,True,1.5652905879271817,True,True,149.8200874,1.7611752,1.54
5583,5583,matched,True,True,secure_unique_chandra_irac_link,component-8c6dfac15afa6dca,test,False,13,130688,130688,130688,True,0.9923099918499768,True,True,150.0041191,2.0390378,1.92
5584,5584,matched,True,True,secure_unique_chandra_irac_link,component-196a0d4ed4fd499e,calibration,False,18,111745,111745,111745,True,0.6215877438148961,True,True,149.5438829,1.953537,1.77
5585,5585,matched,True,True,secure_unique_chandra_irac_link,component-6e28f139664a7dbd,test,False,21,283692,283692,283692,True,1.216625881576028,True,True,149.3832645,2.7174641,1.13
5586,5586,matched,True,True,secure_unique_chandra_irac_link,component-d27af9fe44358f3b,test,False,11,400887,400887,400887,True,1.9336153402941172,True,True,150.7995915,2.6069284,1.527
5587,5587,matched,True,True,secure_unique_chandra_irac_link,component-0f11954c786d1b2f,calibration,False,8,254081,254081,254081,True,0.45733168649890477,True,True,150.6329487,2.5852832,1.48
5588,5588,unknown,False,False,secure_chandra_reference_missing_from_irac_catalog,component-70425373a1836d6d,descriptive,False,20,,224140,224140,False,,False,False,149.8388045,2.4515562,1.9
5589,5589,unknown,False,False,no_chandra_xmm_mapping,component-2261b761b06d13e4,descriptive,False,10,,312292,312292,False,,False,False,149.6567538,2.8430769,1.13
5592,5592,matched,True,True,secure_unique_chandra_irac_link,component-b48105958f010762,test,False,11,205419,205419,205419,True,1.6079717861050689,True,True,150.7039412,2.3696065,1.99
5594,5594,unknown,False,False,no_chandra_xmm_mapping,component-12b2308cae07f789,descriptive,False,16,,90170,90170,False,,False,False,149.4674118,1.8551754,2.08
5595,5595,matched,True,True,secure_unique_chandra_irac_link,component-2b20a53b75b0eb73,test,False,17,295279,295279,295279,True,1.1017677512603838,True,True,149.9985823,2.7693798,1.66
5596,5596,matched,True,True,secure_unique_chandra_irac_link,component-342d03d9b2ddd3d8,test,False,12,58929,58929,58929,True,1.82819580877597,True,True,150.0777876,1.708776,2.07
5597,5597,matched,True,True,secure_unique_chandra_irac_link,component-70bf62046119ba05,calibration,False,14,289987,289987,289987,True,1.07768091727288,True,True,149.9741388,2.7460592,2.01
5598,5598,matched,True,True,secure_unique_chandra_irac_link,component-c22549e687919a8e,test,False,9,185204,185204,185204,True,1.6273234328127955,True,True,149.5374807,2.2804096,2.22
5599,5599,matched,True,True,secure_unique_chandra_irac_link,component-a3f0fbc167fd1096,test,False,13,276119,,276119,True,2.721633510690454,False,True,150.1684258,2.6857685,2.35
56,56,matched,True,True,secure_unique_chandra_irac_link,component-7688b6ef52555962,test,False,18,175426,175426,175426,True,0.2802237417917515,True,True,150.0043512,2.2371277,1.17
5600,5600,matched,True,True,secure_unique_chandra_irac_link,component-e3be6803d0ccd399,test,False,10,199558,199558,199558,True,0.7617785862813482,True,True,150.7882919,2.3441558,1.51
5601,5601,matched,True,True,secure_unique_chandra_irac_link,component-8d049a1326c454ad,test,False,13,276815,,276815,True,3.3791525433360516,False,True,149.4723627,2.688186,1.75
5602,5602,matched,True,True,secure_unique_chandra_irac_link,component-5a63e07c4fd1ae20,calibration,False,8,92837,92837,92837,True,1.61308765544873,True,True,149.9040939,1.8672995,1.83
5603,5603,matched,True,True,secure_unique_chandra_irac_link,component-a0d641ce6e7d9599,test,False,9,207816,207816,207816,True,1.7936047382815579,True,True,149.6118242,2.380993,1.573
5604,5604,matched,True,True,secure_unique_chandra_irac_link,component-06cb3ffc2b9e385d,test,False,11,402068,402068,402068,True,0.9934456758572526,True,True,150.7497825,2.6332834,1.97
5605,5605,matched,True,True,secure_unique_chandra_irac_link,component-cd52c325c5f219df,test,False,14,99893,99893,99893,True,1.7157467113706826,True,True,149.7334218,1.8998025,1.8
5606,5606,matched,True,True,secure_unique_chandra_irac_link,component-9627db2e2affb3e8,test,False,19,222650,222650,222650,True,1.3823481497774286,True,True,149.7767902,2.4440554,1.86
5607,5607,matched,True,True,secure_unique_chandra_irac_link,component-8b013b1be61b0047,calibration,False,15,303963,303963,303963,True,1.2464061581460284,True,True,149.4303474,2.806885,2.33
5608,5608,unknown,False,False,no_chandra_xmm_mapping,component-e071dca1d98ba9d6,excluded,False,10,,,,False,,False,False,149.9339007,1.5466493,1.86
5609,5609,matched,True,True,secure_unique_chandra_irac_link,component-47080160e9f8708d,test,False,9,390978,390978,390978,True,0.49163879464575894,True,True,150.5819317,2.2878169,1.29
5611,5611,matched,True,True,secure_unique_chandra_irac_link,component-e9b585a0010bb1e9,test,False,14,323462,323462,323462,True,1.1004647708227073,True,True,149.7453228,2.8918796,2.03
5612,5612,matched,True,True,secure_unique_chandra_irac_link,component-90fe2c25cc8b9530,test,False,18,161993,161993,161993,True,0.9152762723395496,True,True,149.7625675,2.179885,2.04
5614,5614,matched,True,True,secure_unique_chandra_irac_link,component-d03fb55d3457b6b7,calibration,False,17,408340,,,True,6.495505251108904,False,False,150.078876,2.889036,2.39
5615,5615,matched,True,True,secure_unique_chandra_irac_link,component-c80a0a8c1e9588eb,test,False,17,231795,231795,231795,True,0.13623565577155583,True,True,150.7150609,2.4848216,1.45
5616,5616,ambiguous,False,False,chandra_identification_ambiguous,component-9540fce630bc2e27,descriptive,False,8,,311649,311649,False,,False,False,149.7568928,2.8401128,2.45
5617,5617,matched,True,True,secure_unique_chandra_irac_link,component-fca1bf3940c07542,calibration,False,12,331852,331852,331852,True,2.171309812532378,True,True,150.0650728,2.9291756,1.14
5619,5619,matched,True,True,secure_unique_chandra_irac_link,component-a3fec0213a0de5df,test,False,14,332586,332586,332586,True,0.6424531085662057,True,True,150.5433923,2.9323689,1.93
5620,5620,matched,True,True,secure_unique_chandra_irac_link,component-1eaf311a9044b532,test,False,18,301195,301195,301195,True,0.778347343152328,True,True,149.9415595,2.7953625,1.04
5622,5622,matched,True,True,secure_unique_chandra_irac_link,component-a61b2b1a2ff6e5dd,test,False,17,97888,97888,97888,True,0.8408511666532762,True,True,150.3089616,1.8914801,1.749
5623,5623,matched,True,True,secure_unique_chandra_irac_link,component-9f8414c1ede70e3b,calibration,False,10,37703,37703,37703,True,0.5278138642707005,True,True,149.7032814,1.6088067,1.49
5624,5624,matched,True,True,secure_unique_chandra_irac_link,component-297ffbe239f4c696,test,False,18,258689,258689,258689,True,0.3649620570417152,True,True,149.8545966,2.6068938,1.36
5625,5625,matched,True,True,secure_unique_chandra_irac_link,component-50a0cc058fe24ad2,test,False,12,293683,,,True,3.5311850534639793,False,False,149.5458479,2.7626119,1.44
5626,5626,unknown,False,False,no_chandra_xmm_mapping,component-e6955a2c59dc9083,descriptive,False,12,,333089,333089,False,,False,False,149.6148047,2.9352945,1.8
5627,5627,matched,True,True,secure_unique_chandra_irac_link,component-1ba3c39b667caa93,calibration,False,12,60973,60973,60973,True,0.18490950194552136,True,True,149.6872551,1.7192302,1.3
563,563,matched,True,True,secure_unique_chandra_irac_link,component-fa4ddf29f41b5753,calibration,False,14,94327,94291,94291,True,2.485166155394546,False,False,150.2315893,1.8743072,2.4
564,564,matched,True,True,secure_unique_chandra_irac_link,component-621cb5d0bdea9584,test,False,17,332250,,332250,True,2.8107642304735903,False,True,150.4064436,2.9298098,2.27
567,567,matched,True,True,secure_unique_chandra_irac_link,component-97a6d21df7c51e82,calibration,False,17,274775,274775,274775,True,1.0228648073949937,True,True,150.0303977,2.6788931,1.46
569,569,matched,True,True,secure_unique_chandra_irac_link,component-c7ce483fd1cc5fd4,calibration,False,11,216175,216175,216175,True,1.0544009571006514,True,True,149.8709385,2.4171622,1.71
57,57,matched,True,True,secure_unique_chandra_irac_link,component-c837649cce43f272,test,False,15,296648,296648,296648,True,0.1729318147720553,True,True,150.4907356,2.7754231,1.09
58,58,matched,True,True,secure_unique_chandra_irac_link,component-6208ef0f7750c111,test,False,11,399596,399596,399596,True,0.7175549981807647,True,True,150.429857,2.5478322,0.233
59,59,matched,True,True,secure_unique_chandra_irac_link,component-ec86bc3a82804492,test,False,8,123160,123160,123160,True,0.9762251416430678,True,True,150.1953108,2.0044657,1.18
6,6,matched,True,True,secure_unique_chandra_irac_link,component-e7f6c011776e8db7,calibration,False,17,146218,146218,146218,True,0.6689186976822253,True,True,150.179776,2.1101542,0.96
60,60,matched,True,True,secure_unique_chandra_irac_link,component-39fa9ec190eee7b6,test,False,4,119473,119473,119473,True,0.758946564201388,True,True,150.2162013,1.9886006,1.22
60001,60001,matched,True,True,secure_unique_chandra_irac_link,component-bc64c816373baf3e,test,False,8,213566,213566,213566,True,1.2081767536966674,True,True,150.8199579,2.4063408,2.67
60002,60002,matched,True,True,secure_unique_chandra_irac_link,component-d22f06e7707d7099,test,False,13,228055,228055,228055,True,1.1060675511234148,True,True,150.7181298,2.4682546,2.36
60003,60003,matched,True,True,secure_unique_chandra_irac_link,component-20bf401e0f051eef,test,False,12,308045,308045,308045,True,1.3458035177921208,True,True,150.1512396,2.8245609,2.08
60004,60004,unknown,False,False,no_chandra_xmm_mapping,component-f3252147afd513fc,descriptive,False,15,,322071,322071,False,,False,False,150.7409433,2.8865986,2.35
60007,60007,matched,True,True,secure_unique_chandra_irac_link,component-498f812b79efedda,test,False,18,210286,,,True,4.063241003036778,False,False,150.6374113,2.391954,2.24
60008,60008,matched,True,True,secure_unique_chandra_irac_link,component-f2c914a09eb07351,calibration,False,14,265439,265439,265439,True,1.0659159914853649,True,True,150.6306385,2.6379716,2.05
60011,60011,matched,True,True,secure_unique_chandra_irac_link,component-24a7fcaa3e6fa151,test,False,15,184760,184760,184760,True,0.6825466767202027,True,True,150.2848019,2.2787519,2.33
60012,60012,matched,True,True,secure_unique_chandra_irac_link,component-60a62b7a2b788476,test,False,11,302409,,,True,4.195857991969962,False,False,150.4959155,2.799723,2.24
60013,60013,matched,True,True,secure_unique_chandra_irac_link,component-b9618a8d28a78339,test,False,11,301901,,301901,True,3.2261608532522636,False,True,150.4786644,2.7978862,2.6
60014,60014,unknown,False,False,no_chandra_xmm_mapping,component-32b2ede75d455494,descriptive,False,7,,,280101,False,,False,False,150.8090199,2.7010627,3.69
60015,60015,matched,True,True,secure_unique_chandra_irac_link,component-8678ca7664a4e0b2,calibration,False,13,193381,193287,193287,True,3.408337838101018,False,False,150.3771534,2.3179939,2.2
60016,60016,matched,True,True,secure_unique_chandra_irac_link,component-ab33d0e597b11a92,test,False,13,296480,,296402,True,3.9545468396513965,False,False,150.5873541,2.7738239,2.43
60017,60017,matched,True,True,secure_unique_chandra_irac_link,component-ceee42f354713841,test,False,10,313194,313194,313194,True,1.3857924131146397,True,True,150.1122954,2.8459331,2.67
60018,60018,unknown,False,False,no_chandra_xmm_mapping,component-93ec1135ed4832ee,excluded,False,11,,312601,312601,False,,False,False,150.1211987,2.8441151,2.78
60019,60019,matched,True,True,secure_unique_chandra_irac_link,component-9b53cf4c9b578abb,test,False,13,276618,276618,276618,True,2.280055100034005,True,True,150.6030002,2.6864607,2.63
60020,60020,matched,True,True,secure_unique_chandra_irac_link,component-63c102001e8e1a46,test,False,15,402924,,402924,True,3.0510568886352463,False,True,150.7170604,2.6797826,2.185
60023,60023,matched,False,True,secure_unique_chandra_irac_link,component-5153d8e600bc9708,excluded,True,13,309165,309165,309165,True,2.5330281686888054,True,True,150.4831504,2.8287263,2.42
60024,60024,matched,True,True,secure_unique_chandra_irac_link,component-5698c70050e1bccd,calibration,False,13,169889,,169889,True,2.9498304155900428,False,True,150.2983545,2.2133297,2.35
60025,60025,unknown,False,False,no_chandra_xmm_mapping,component-ea1fd56ae2fe309e,descriptive,False,13,,219784,219784,False,,False,False,150.3818902,2.4326587,2.41
60026,60026,matched,True,True,secure_unique_chandra_irac_link,component-58f379ba18824034,calibration,False,18,236200,,236200,True,3.094648255661788,False,True,150.3805407,2.5060903,2.14
60027,60027,unknown,False,False,no_chandra_xmm_mapping,component-89921ae641f195d7,descriptive,False,18,,195632,195632,False,,False,False,150.6390306,2.32724,2.26
60028,60028,ambiguous,False,False,multiple_chandra_sources,component-7cb7ba3b1efbdcc4,descriptive,False,18,,,,False,,False,False,150.7825306,2.2546337,4.17
60030,60030,unknown,False,False,no_chandra_xmm_mapping,component-6361153b646efd2f,descriptive,False,8,,287101,287101,False,,False,False,150.8446658,2.7318739,2.65
60031,60031,matched,True,True,secure_unique_chandra_irac_link,component-5f42340c5dd5a111,test,False,19,308758,308758,308758,True,1.26198487667521,True,True,150.7255228,2.8271887,2.8
60032,60032,unknown,False,False,no_chandra_xmm_mapping,component-1bb2d282487a7ecd,descriptive,False,22,,309396,309396,False,,False,False,150.7379777,2.830551,3.01
60036,60036,matched,True,True,secure_unique_chandra_irac_link,component-5d308cc2e895d32e,calibration,False,16,176695,176695,176695,True,1.7237051085790431,True,True,150.4633153,2.2423863,2.28
60038,60038,matched,True,True,secure_unique_chandra_irac_link,component-967b0bdbef906321,test,False,10,202895,202895,202895,True,1.3539385104323722,True,True,150.604681,2.3590744,2.626
60042,60042,matched,True,True,secure_unique_chandra_irac_link,component-e9c19aebddc2f36f,test,False,18,199398,,,True,5.194270586962778,False,False,150.3694691,2.3452189,2.634
60043,60043,matched,True,True,secure_unique_chandra_irac_link,component-66cf86e8b09fbb14,test,False,11,401698,,401698,True,3.6586024268521946,False,True,150.2567402,2.5960479,2.27
60044,60044,matched,True,True,secure_unique_chandra_irac_link,component-62c3eb61a6be7531,calibration,False,14,188158,188158,188158,True,0.3464769695734709,True,True,150.6455567,2.29407,2.4
60045,60045,matched,True,True,secure_unique_chandra_irac_link,component-82fda34af990f9a1,test,False,16,313107,,313107,True,1.8347419957051159,False,True,150.2781108,2.845436,3.35
60047,60047,matched,True,True,secure_unique_chandra_irac_link,component-4c74d1d78e4d080d,calibration,False,9,172730,,172730,True,2.400940861737096,False,True,150.1363391,2.2246515,3.02
60049,60049,unknown,False,False,no_chandra_xmm_mapping,component-b7b56bf90f4ffd33,descriptive,False,12,,229910,229910,False,,False,False,150.2756408,2.4769144,2.14
60051,60051,matched,True,True,secure_unique_chandra_irac_link,component-2c62064087960d78,test,False,16,177487,177487,177487,True,0.4580576946716254,True,True,150.2033042,2.2466473,2.244
60052,60052,matched,True,True,secure_unique_chandra_irac_link,component-55d5968e918de249,test,False,17,290304,290304,290304,True,1.2666605509687088,True,True,150.5466093,2.7473621,2.105
60053,60053,matched,True,True,secure_unique_chandra_irac_link,component-e52a3edd96942baf,test,False,21,208303,208303,208303,True,0.858392212947657,True,True,150.2884531,2.3819573,2.57
60058,60058,matched,True,True,secure_unique_chandra_irac_link,component-25658f69c6b9cca6,test,False,14,234768,234768,234768,True,0.6395202210960779,True,True,150.4023049,2.4983277,2.15
60059,60059,matched,True,True,secure_unique_chandra_irac_link,component-1b6439aa5d710da3,calibration,False,14,326509,326509,326509,True,1.7950302211071365,True,True,150.1428108,2.905406,2.59
60060,60060,matched,True,True,secure_unique_chandra_irac_link,component-8479b722ab8cddf4,test,False,13,329602,,,True,7.006227846165054,False,False,150.1745108,2.9170297,5.39
60065,60065,unknown,False,False,no_chandra_xmm_mapping,component-835aea314f799f47,descriptive,False,12,,,265581,False,,False,False,150.6830116,2.6374242,2.142
60066,60066,unknown,False,False,no_chandra_xmm_mapping,component-0cfec8b7d69f5ba8,descriptive,False,13,,,302051,False,,False,False,150.7782445,2.798559,3.21
60069,60069,matched,True,True,secure_unique_chandra_irac_link,component-0bfa6182c4a9c70f,test,False,15,206489,,206489,True,2.5208015457611803,False,True,150.8400373,2.3751329,3.02
60070,60070,matched,True,True,secure_unique_chandra_irac_link,component-888783bed34decbb,test,False,11,174358,174358,174358,True,2.1618987419679883,True,True,150.2274996,2.2320145,2.61
60072,60072,matched,True,True,secure_unique_chandra_irac_link,component-d3b399c5d16f892f,calibration,False,10,216345,216345,216345,True,0.9284728659789749,True,True,150.6473178,2.4184698,2.161
60075,60075,matched,True,True,secure_unique_chandra_irac_link,component-9268908f733a9b58,test,False,16,292891,292891,292891,True,0.19337615706731712,True,True,150.3321349,2.7584337,2.78
60079,60079,matched,True,True,secure_unique_chandra_irac_link,component-e8b3ff5779985d1c,test,False,15,193277,193277,193277,True,0.42919561507196585,True,True,150.4736407,2.3164191,2.09
60082,60082,matched,True,True,secure_unique_chandra_irac_link,component-884fcc60b5cdb01b,test,False,7,396233,396233,396233,True,0.7554555968375513,True,True,150.5907401,2.4561521,1.471
60084,60084,matched,True,True,secure_unique_chandra_irac_link,component-2e83cb546d80beb9,test,False,14,214731,214731,214731,True,1.0742948806789951,True,True,150.7708507,2.4094437,2.34
60085,60085,unknown,False,False,no_chandra_xmm_mapping,component-da47906cb8905c5f,descriptive,False,17,,,210856,False,,False,False,150.7734645,2.3940523,2.93
60086,60086,unknown,False,False,no_chandra_xmm_mapping,component-272152baeb234753,descriptive,False,14,,260236,260236,False,,False,False,150.2795712,2.6141453,2.298
60088,60088,matched,True,True,secure_unique_chandra_irac_link,component-f7413f383f7ac711,test,False,13,253352,,,True,9.64670742002579,False,False,150.1130444,2.5835708,2.601
60091,60091,unknown,False,False,no_chandra_xmm_mapping,component-d9dc56132a4ec3b6,descriptive,False,10,,,,False,,False,False,150.3024362,2.9209165,7.301
60092,60092,matched,True,True,secure_unique_chandra_irac_link,component-2a8783301eaf1a06,calibration,False,12,331341,,,True,5.40111832472903,False,False,150.2887236,2.9271836,3.65
60095,60095,matched,True,True,secure_unique_chandra_irac_link,component-83bf8f1a3e09bc1f,test,False,11,316953,,,True,6.638551747400862,False,False,150.5015215,2.8604962,2.58
60098,60098,matched,True,True,secure_unique_chandra_irac_link,component-60c8dfea1c68b999,test,False,11,186258,185912,185912,True,4.415093943208272,False,False,150.7833602,2.2842148,2.49
60099,60099,unknown,False,False,no_chandra_xmm_mapping,component-56be9b8b500b9211,descriptive,False,12,,184638,184638,False,,False,False,150.160604,2.2788397,2.11
60102,60102,matched,True,True,secure_unique_chandra_irac_link,component-1a28319963a7eb82,test,False,12,262308,262308,262308,True,0.8564790549205751,True,True,150.1943909,2.6233378,2.34
60104,60104,matched,True,True,secure_unique_chandra_irac_link,component-ec966ad6d22ea1bd,test,False,17,241325,240911,240911,True,3.8837091456490964,False,False,150.3559726,2.5281135,2.75
60105,60105,matched,True,True,secure_unique_chandra_irac_link,component-f1f66fe704cf5fe7,calibration,False,13,199861,199861,199861,True,1.8148999700048336,True,True,150.8334597,2.3457516,2.78
60107,60107,matched,True,True,secure_unique_chandra_irac_link,component-0e79f2dde1be10ec,test,False,11,331884,,331884,True,1.9135015592795053,False,True,150.1480204,2.9296745,3.62
60109,60109,matched,True,True,secure_unique_chandra_irac_link,component-acc63a2999bb2e6b,test,False,11,217523,217523,217523,True,2.198818323348186,True,True,150.1815175,2.424024,2.29
60114,60114,unknown,False,False,no_chandra_xmm_mapping,component-9df75cf0e06bf8a1,descriptive,False,12,,,,False,,False,False,150.8507353,2.422125,2.9
60116,60116,matched,True,True,secure_unique_chandra_irac_link,component-be31ceb804bf9ef3,calibration,False,13,273544,273544,273544,True,1.9407950607835172,True,True,150.2979773,2.6730026,2.37
60119,60119,matched,True,True,secure_unique_chandra_irac_link,component-cd61744df2a1fb0d,calibration,False,20,244018,244018,244018,True,2.121073018603176,True,True,150.6564215,2.5418705,2.73
60121,60121,matched,True,True,secure_unique_chandra_irac_link,component-6543ce3b814ec0a5,test,False,10,222616,,222616,True,1.2167200574978443,False,True,150.6985286,2.4453735,3.257
60131,60131,matched,True,True,secure_unique_chandra_irac_link,component-bad659b2e7ce8a51,calibration,False,11,154790,154790,154790,True,2.3712996655839147,True,True,150.2976382,2.1482996,1.99
60132,60132,matched,False,True,secure_unique_chandra_irac_link,component-21b79132f1fc2214,excluded,True,10,59416,59416,59416,True,0.13061061534030022,True,True,150.7630463,1.7118059,2.37
60134,60134,matched,True,True,secure_unique_chandra_irac_link,component-50d35570f020dbba,test,False,12,55493,55493,55493,True,0.8416788524211457,True,True,150.2546813,1.6925563,2.17
60135,60135,unknown,False,False,no_chandra_xmm_mapping,component-fbf6c1b4bbdb0224,descriptive,False,7,,36559,36559,False,,False,False,150.6234757,1.6039662,2.87
60136,60136,matched,True,True,secure_unique_chandra_irac_link,component-8850811b980c9004,test,False,12,119818,119818,119818,True,0.8508340593779307,True,True,150.8034377,1.9898752,2.26
60138,60138,matched,True,True,secure_unique_chandra_irac_link,component-6793c5bca00816cc,test,False,13,10554,,10425,True,3.747331371608215,False,False,150.6052534,1.482332,3.62
60142,60142,matched,True,True,secure_unique_chandra_irac_link,component-940e030c273821f2,test,False,22,129780,129780,129780,True,1.6970834773520325,True,True,150.2944436,2.0347949,2.02
60144,60144,ambiguous,False,False,multiple_chandra_sources,component-c89f88d79d66d856,descriptive,False,11,,,,False,,False,False,150.6605614,1.8340781,2.32
60145,60145,matched,True,True,secure_unique_chandra_irac_link,component-3fa354c210060829,test,False,11,62335,62381,62381,True,3.03389530250276,False,False,150.4696281,1.7259273,2.11
60146,60146,matched,True,True,secure_unique_chandra_irac_link,component-ef86fabfd3e8ce80,test,False,10,65985,65985,65985,True,1.5707677828017972,True,True,150.4678246,1.7425845,1.91
60147,60147,matched,True,True,secure_unique_chandra_irac_link,component-5c38247ec47cf3c2,test,False,15,140084,140238,140238,True,4.298109888840124,False,False,150.7765268,2.0816005,2.16
60148,60148,matched,True,True,secure_unique_chandra_irac_link,component-516870d296d2627e,test,False,16,29962,29591,29591,True,4.336249903036588,False,False,150.3614424,1.5726768,2.59
60149,60149,matched,True,True,secure_unique_chandra_irac_link,component-b932ad5691935bd9,test,False,22,31845,,,True,6.343185554429875,False,False,150.2833796,1.5809511,2.53
60150,60150,unknown,False,False,no_chandra_xmm_mapping,component-9f8d6c5a0ddfdae7,descriptive,False,15,,29338,29338,False,,False,False,150.2890058,1.5716278,2.72
60152,60152,matched,True,True,secure_unique_chandra_irac_link,component-ac0ed18b3b66b27d,test,False,12,63401,63401,63401,True,0.7843910380010037,True,True,150.312214,1.7302619,2.1
60153,60153,unknown,False,False,no_chandra_xmm_mapping,component-26ec66db1b6d9f3a,descriptive,False,19,,122495,122495,False,,False,False,150.2168892,2.0027126,2.46
60154,60154,matched,True,True,secure_unique_chandra_irac_link,component-34b40d3648f387bf,test,False,8,32416,32416,32416,True,2.0368075150012444,True,True,150.7720127,1.5847199,2.63
60155,60155,matched,True,True,secure_unique_chandra_irac_link,component-1d3bb960aa584241,test,False,10,52754,,,True,4.2444675841212325,False,False,150.7323947,1.6805707,2.22
60156,60156,matched,True,True,secure_unique_chandra_irac_link,component-3196de92e15f5c1a,test,False,14,143070,143070,143070,True,1.327723083137461,True,True,150.6286387,2.0954493,2.4
60158,60158,matched,True,True,secure_unique_chandra_irac_link,component-a1ab7373396e6b87,calibration,False,16,52259,,,True,4.271860071366207,False,False,150.3951958,1.6774777,2.57
60159,60159,unknown,False,False,secure_chandra_reference_missing_from_irac_catalog,component-2e438906026053ae,descriptive,False,11,,57161,57161,False,,False,False,150.7542547,1.699295,2.27
60161,60161,matched,True,True,secure_unique_chandra_irac_link,component-10c7d7001a3ede00,calibration,False,14,121645,,121645,True,2.8599678943635336,False,True,150.1397216,1.9970421,2.7
60164,60164,matched,True,True,secure_unique_chandra_irac_link,component-da19dc683fcf84d8,test,False,6,80708,,80708,True,2.492161542173932,False,True,150.8220491,1.8108373,2.7
60167,60167,matched,True,True,secure_unique_chandra_irac_link,component-b1fcf1129cfdb61a,calibration,False,7,131571,,131571,True,3.7607422417209944,False,True,150.6136885,2.0430926,2.33
60168,60168,matched,True,True,secure_unique_chandra_irac_link,component-650ce5a8b842a7b6,calibration,False,9,137428,137428,137428,True,1.2186964498999535,True,True,150.7031146,2.0697351,2.52
60170,60170,matched,True,True,secure_unique_chandra_irac_link,component-c9103b1536f29ddd,test,False,7,68369,68369,68369,True,2.2826952957274775,True,True,150.5852719,1.7539852,2.15
60172,60172,matched,True,True,secure_unique_chandra_irac_link,component-8825d2477ff20f6a,test,False,10,53771,53771,53771,True,1.6404599841910923,True,True,150.3482756,1.6847612,2.184
60173,60173,matched,True,True,secure_unique_chandra_irac_link,component-ca5e3a3c93ec2af3,test,False,17,41779,41779,41779,True,0.6576912970824104,True,True,150.231791,1.6281639,2.6
60174,60174,matched,True,True,secure_unique_chandra_irac_link,component-0922e4d0f2d55dba,test,False,13,162754,162754,162754,True,2.2287456374260537,True,True,150.2798858,2.1835692,2.04
60175,60175,matched,True,True,secure_unique_chandra_irac_link,component-ae037dba554cff3a,test,False,13,65430,65430,65430,True,2.440655642985578,True,True,150.7108176,1.74079,2.236
60177,60177,matched,True,True,secure_unique_chandra_irac_link,component-b489654901038a7c,calibration,False,14,101901,101901,101901,True,1.5321217237952813,True,True,150.665596,1.9094152,2.11
60178,60178,unknown,False,False,no_chandra_xmm_mapping,component-100c1135991acbab,descriptive,False,20,,,43056,False,,False,False,150.3656553,1.633528,2.45
60183,60183,matched,True,True,secure_unique_chandra_irac_link,component-aff4c9435c7466be,calibration,False,17,23510,23510,23510,True,2.33827226895531,True,True,150.1118023,1.5432391,2.57
60185,60185,matched,True,True,secure_unique_chandra_irac_link,component-4f5d8b08a87ec856,calibration,False,11,61286,61286,61286,True,1.8054152890338315,True,True,150.2545615,1.7202288,2.54
60186,60186,unknown,False,False,no_chandra_xmm_mapping,component-e6f9697d5c1456dd,descriptive,False,14,,369048,369048,False,,False,False,150.7319472,1.5159001,2.84
60187,60187,matched,True,True,secure_unique_chandra_irac_link,component-1ee83ea44816e582,test,False,11,60362,60362,60362,True,2.553377087259458,True,True,150.6809928,1.7166761,2.32
60188,60188,matched,True,True,secure_unique_chandra_irac_link,component-2dd9a474611b6a40,calibration,False,13,80728,80728,80728,True,1.3494817542406177,True,True,150.3642779,1.8103398,2.11
60191,60191,matched,True,True,secure_unique_chandra_irac_link,component-d7e7ba00209cd8c3,test,False,14,53615,,53883,True,6.971743916005166,False,False,150.7016039,1.6854927,2.83
60193,60193,matched,True,True,secure_unique_chandra_irac_link,component-642962b140a39975,calibration,False,17,101465,101465,101465,True,2.260863774219984,True,True,150.4732227,1.9072707,2.15
60194,60194,unknown,False,False,no_chandra_xmm_mapping,component-45f85c20b8ffb861,descriptive,False,11,,,,False,,False,False,150.6419188,1.5298086,3.02
60198,60198,matched,True,True,secure_unique_chandra_irac_link,component-0fc4ad578dacc5c4,test,False,15,115949,115949,115949,True,1.0082563658782402,True,True,150.7137364,1.9724041,2.38
60205,60205,matched,True,True,secure_unique_chandra_irac_link,component-ceb19652ab1d7793,calibration,False,14,107845,,107845,True,3.373412213912239,False,True,150.4685096,1.9356446,2.13
60206,60206,matched,True,True,secure_unique_chandra_irac_link,component-12598318a5028a3c,test,False,19,119446,119203,119203,True,2.30328128988024,False,False,150.4298759,1.9883259,2.22
60211,60211,matched,True,True,secure_unique_chandra_irac_link,component-e99f2baf2a595c20,test,False,15,118379,118379,118379,True,2.368406137277378,True,True,150.2389613,1.9841813,2.18
60214,60214,matched,True,True,secure_unique_chandra_irac_link,component-11fa180819051271,test,False,17,37979,37979,37979,True,1.2443611085005348,True,True,150.4488908,1.610877,2.144
60221,60221,matched,True,True,secure_unique_chandra_irac_link,component-ca253a6706c6adf8,test,False,13,11962,,,True,4.77722093785539,False,False,150.3149976,1.4901537,3.39
60224,60224,unknown,False,False,no_chandra_xmm_mapping,component-ee0e982145aa2ca5,descriptive,False,13,,121450,121450,False,,False,False,150.6828492,1.9981158,2.46
60226,60226,unknown,False,False,no_chandra_xmm_mapping,component-c7aff3c30bb71da4,descriptive,False,9,,,,False,,False,False,150.3130858,1.5431288,3.38
60229,60229,matched,True,True,secure_unique_chandra_irac_link,component-e7723e720093965d,test,False,12,167969,167969,167969,True,1.5536092129501915,True,True,150.8495985,2.2060994,3.0
60235,60235,matched,True,True,secure_unique_chandra_irac_link,component-96f22543d59ef8a7,test,False,14,141810,,,True,3.824690730377702,False,False,150.292212,2.0894649,2.31
60240,60240,matched,True,True,secure_unique_chandra_irac_link,component-ccdf0995be591808,calibration,False,14,86014,86014,86014,True,1.8003076106474574,True,True,150.396967,1.8344352,2.31
60241,60241,unknown,False,False,no_chandra_xmm_mapping,component-c50b532d6e79e603,descriptive,False,18,,155926,155926,False,,False,False,150.6733389,2.1547225,2.76
60243,60243,unknown,False,False,no_chandra_xmm_mapping,component-d61f112759c0fb06,descriptive,False,14,,,,False,,False,False,150.3987924,1.5465015,2.78
60247,60247,matched,True,True,secure_unique_chandra_irac_link,component-689ae2d99c450a88,calibration,False,7,71738,71738,71738,True,1.838030758559006,True,True,150.7157932,1.7698135,2.54
60248,60248,matched,True,True,secure_unique_chandra_irac_link,component-04baa3900e64da90,test,False,11,61939,61939,61939,True,0.7148898129665406,True,True,150.2019206,1.7234428,2.17
60252,60252,matched,True,True,secure_unique_chandra_irac_link,component-c8143b0b3bbb69d4,test,False,11,74038,74038,74038,True,1.3914482101262755,True,True,150.3535867,1.7803022,2.16
60255,60255,unknown,False,False,no_chandra_xmm_mapping,component-d68212189df2a3b4,descriptive,False,15,,330826,330826,False,,False,False,149.4855695,2.9246772,2.57
60256,60256,matched,True,True,secure_unique_chandra_irac_link,component-0cd783984d524d07,test,False,12,281922,281922,281922,True,1.7747148856026533,True,True,150.023204,2.7095123,2.43
60257,60257,unknown,False,False,no_chandra_xmm_mapping,component-c910b5fff6ca3551,descriptive,False,13,,,297199,False,,False,False,149.5761815,2.7780664,2.42
60258,60258,matched,True,True,secure_unique_chandra_irac_link,component-f22f0d6e26673a2e,calibration,False,12,256869,256869,256869,True,2.6694547198436847,True,True,149.5540293,2.5988602,2.14
60259,60259,matched,True,True,secure_unique_chandra_irac_link,component-deb387ce35f0267b,test,False,16,174845,,174845,True,3.524692807127374,False,True,149.7272583,2.2353769,2.38
60260,60260,matched,True,True,secure_unique_chandra_irac_link,component-1b5ca14a78c397ab,calibration,False,10,272533,272533,272533,True,1.1356959626680705,True,True,150.0066344,2.6692047,2.18
60261,60261,matched,True,True,secure_unique_chandra_irac_link,component-7698fc9628d479c8,test,False,13,294788,294788,294788,True,1.3325846087536906,True,True,149.8552445,2.7674143,2.15
60264,60264,unknown,False,False,chandra_identification_unidentified,component-737ec1a8c9b6a91f,descriptive,False,19,,327221,327221,False,,False,False,149.7494568,2.9099653,2.45
60265,60265,unknown,False,False,no_chandra_xmm_mapping,component-ecd3c54040abf9bc,descriptive,False,17,,319318,319318,False,,False,False,149.5598754,2.8742969,2.23
60267,60267,matched,True,True,secure_unique_chandra_irac_link,component-d8cbda51b9ec9605,calibration,False,18,260899,260899,260899,True,1.675473420488646,True,True,149.5173951,2.6170811,2.56
60269,60269,matched,True,True,secure_unique_chandra_irac_link,component-75b55510efd6763a,calibration,False,9,292618,292618,292618,True,0.9487441176799472,True,True,150.0780124,2.7575744,2.27
60270,60270,unknown,False,False,no_chandra_xmm_mapping,component-43311faae957cc74,excluded,False,14,,,308505,False,,False,False,149.6595378,2.8270493,2.3
60272,60272,matched,True,True,secure_unique_chandra_irac_link,component-53fbecdf916cd62b,test,False,17,228676,,228676,True,3.442418198235393,False,True,149.7817237,2.4704204,2.29
60273,60273,matched,True,True,secure_unique_chandra_irac_link,component-2bf226d93031ab52,calibration,False,20,306826,,306640,True,5.261473946453099,False,False,150.0985513,2.8192058,2.65
60274,60274,matched,True,True,secure_unique_chandra_irac_link,component-8ddf1ef16abc4094,test,False,20,202364,202364,202364,True,1.3418977507889611,True,True,149.932305,2.3564098,2.45
60277,60277,ambiguous,False,False,multiple_chandra_sources,component-e5d55b8a9a65d722,descriptive,False,12,,,,False,,False,False,149.5544823,2.374877,2.625
60279,60279,matched,True,True,secure_unique_chandra_irac_link,component-d0f01130e0c51fd1,test,False,18,301075,301075,301075,True,1.518810406693461,True,True,150.0007573,2.7944974,2.48
60280,60280,matched,True,True,secure_unique_chandra_irac_link,component-db21007389b824c5,test,False,17,271502,271502,271502,True,0.832945509251498,True,True,149.9077302,2.6640065,2.17
60282,60282,unknown,False,False,no_chandra_xmm_mapping,component-89c75d7dc6182c28,descriptive,False,11,,,280439,False,,False,False,149.6626588,2.7034221,2.86
60283,60283,matched,True,True,secure_unique_chandra_irac_link,component-e15ee215769f8a53,calibration,False,13,335826,,335826,True,2.550744010952705,False,True,150.109526,2.9464523,2.67
60286,60286,matched,True,True,secure_unique_chandra_irac_link,component-8851aa93c2fbaba0,test,False,13,280782,280782,280782,True,1.3177056318220661,True,True,149.4356378,2.7026742,2.92
60287,60287,matched,True,True,secure_unique_chandra_irac_link,component-0ee815840f3dc56d,test,False,19,284573,285006,285006,True,8.640182597120397,False,False,150.0324881,2.7233245,2.73
60288,60288,ambiguous,False,False,multiple_chandra_sources,component-f2a88229960f5a6a,descriptive,False,17,,,293391,False,,False,False,150.1001836,2.7603614,2.81
60292,60292,matched,True,True,secure_unique_chandra_irac_link,component-082d9343288a855a,calibration,False,15,170388,,170388,True,2.593236520044549,False,True,149.3934535,2.2152874,2.78
60294,60294,unknown,False,False,no_chandra_xmm_mapping,component-27080f73df632a8b,descriptive,False,11,,312043,312043,False,,False,False,149.4361835,2.8421687,2.65
60296,60296,unknown,False,False,no_chandra_xmm_mapping,component-9a1d829090e140aa,descriptive,False,16,,,284274,False,,False,False,149.7673735,2.7184102,2.7
60297,60297,matched,True,True,secure_unique_chandra_irac_link,component-dd64f8bc38106cf1,test,False,18,300046,300046,300046,True,1.5825450206285914,True,True,149.9107356,2.7895276,2.81
60299,60299,matched,True,True,secure_unique_chandra_irac_link,component-20347061c39874b5,calibration,False,13,326859,326859,326859,True,1.4927382693411055,True,True,149.8285385,2.9075413,1.819
60302,60302,matched,True,True,secure_unique_chandra_irac_link,component-a6d67537b62e3d4c,test,False,17,220772,220772,220772,True,0.49351849107402473,True,True,149.5461323,2.4364295,2.16
60304,60304,matched,True,True,secure_unique_chandra_irac_link,component-7698fc9628d479c8,test,False,11,293214,,,True,4.812547963196933,False,False,149.8566667,2.7605122,2.427
60305,60305,matched,True,True,secure_unique_chandra_irac_link,component-53156e052c0c370f,test,False,14,226443,226443,226443,True,0.8852985683504627,True,True,149.9755261,2.4616565,2.43
60307,60307,matched,True,True,secure_unique_chandra_irac_link,component-f76c16166cab7819,calibration,False,17,174476,174476,174476,True,0.9766159976583664,True,True,150.0245742,2.2331324,2.737
60309,60309,unknown,False,False,no_chandra_xmm_mapping,component-c564abf35299582a,excluded,False,12,,,,False,,False,False,149.9072761,2.2618402,2.07
60310,60310,matched,True,True,secure_unique_chandra_irac_link,component-46979e5d57348cdc,test,False,6,226147,226147,226147,True,0.8789808063685799,True,True,149.705511,2.4600543,2.49
60311,60311,unknown,False,False,no_chandra_xmm_mapping,component-2d359f81b29f274e,descriptive,False,14,,321264,321264,False,,False,False,149.419259,2.8831114,2.91
60312,60312,unknown,False,False,no_chandra_xmm_mapping,component-0f58112f69cef84b,descriptive,False,16,,,296683,False,,False,False,149.4640825,2.7761522,2.58
60314,60314,matched,True,True,secure_unique_chandra_irac_link,component-59a14b6d64a2fd73,test,False,16,246811,246811,246811,True,0.931517194140076,True,True,149.5288654,2.5541676,2.44
60315,60315,unknown,False,False,no_chandra_xmm_mapping,component-9a9027017db2e411,descriptive,False,18,,,316805,False,,False,False,149.4014856,2.86304,3.17
60316,60316,matched,True,True,secure_unique_chandra_irac_link,component-f42f513746957110,test,False,10,228855,,228855,True,3.0088827325288396,False,True,149.5663794,2.4725822,3.18
60317,60317,matched,True,True,secure_unique_chandra_irac_link,component-ecb187c766fbbac4,test,False,18,304209,,304209,True,2.633715067950065,False,True,150.0942928,2.8086512,2.77
60318,60318,matched,True,True,secure_unique_chandra_irac_link,component-170354e1e8b2610a,test,False,12,290046,290046,290046,True,1.817330417088953,True,True,149.4522879,2.7468768,2.8
60320,60320,matched,True,True,secure_unique_chandra_irac_link,component-fc1291b5d04263e1,test,False,13,311800,,,True,4.5378264217387905,False,False,149.507896,2.8392826,2.84
60322,60322,matched,True,True,secure_unique_chandra_irac_link,component-6428a40cd6b2efbc,test,False,19,297368,297368,297368,True,2.358752921059956,True,True,149.509018,2.778216,2.505
60325,60325,matched,True,True,secure_unique_chandra_irac_link,component-aeaaee8f7abe042c,calibration,False,18,289981,290201,290201,True,3.360475519045075,False,False,150.003861,2.7466899,2.47
60331,60331,ambiguous,False,False,multiple_chandra_sources,component-6c6cad0b88eb6df3,descriptive,False,13,,278677,278677,False,,False,False,149.7624736,2.6953814,2.81
60333,60333,matched,True,True,secure_unique_chandra_irac_link,component-9a65a5895d89ee79,test,False,10,227389,227389,227389,True,2.0108198527339627,True,True,149.3990163,2.4658416,2.82
60335,60335,matched,True,True,secure_unique_chandra_irac_link,component-76d8e83df4b406cd,calibration,False,12,282378,282378,282378,True,1.2438975768709235,True,True,149.5728865,2.7103444,2.57
60336,60336,unknown,False,False,no_chandra_xmm_mapping,component-6ab31a983d3af964,descriptive,False,10,,,261807,False,,False,False,149.4521585,2.6203294,2.72
60337,60337,matched,True,True,secure_unique_chandra_irac_link,component-5c804e9a2605b0da,test,False,11,258738,,258738,True,3.1947080934644125,False,True,149.5023148,2.6059436,2.93
60339,60339,matched,True,True,secure_unique_chandra_irac_link,component-e589763f2304909d,test,False,9,278333,278333,278333,True,2.0994341933723777,True,True,149.4160639,2.6934813,2.7
60341,60341,matched,True,True,secure_unique_chandra_irac_link,component-3e3bd885581aeb05,test,False,16,296319,,296319,True,2.5487960965831427,False,True,149.8875871,2.7738479,2.669
60342,60342,matched,True,True,secure_unique_chandra_irac_link,component-6984d43ccc2ac5d9,test,False,12,252142,252053,252053,True,3.6678570219453275,False,False,149.8088718,2.5763372,2.51
60345,60345,unknown,False,False,no_chandra_xmm_mapping,component-587ffc437c078647,descriptive,False,19,,223651,223651,False,,False,False,149.9917846,2.4499885,2.74
60347,60347,matched,True,True,secure_unique_chandra_irac_link,component-98f02e3546ed92b9,test,False,15,322307,,322307,True,1.5980576972137674,False,True,149.7731453,2.8871323,3.84
60348,60348,unknown,False,False,no_chandra_xmm_mapping,component-719a76bfdd006683,descriptive,False,10,,,324731,False,,False,False,149.7686891,2.89845,3.91
60351,60351,unknown,False,False,no_chandra_xmm_mapping,component-dede36883c86fcb9,descriptive,False,16,,225217,225217,False,,False,False,149.3721229,2.4560193,3.03
60353,60353,matched,True,True,secure_unique_chandra_irac_link,component-7195a064fa5d4bc9,calibration,False,18,261279,261279,261279,True,2.0013408010506817,True,True,149.9607859,2.6179221,2.43
60354,60354,matched,True,True,secure_unique_chandra_irac_link,component-6c22ab415e9f56a0,test,False,14,178379,178379,178379,True,0.7395992756991495,True,True,149.9211057,2.2501659,2.74
60355,60355,matched,True,True,secure_unique_chandra_irac_link,component-c91297d46ce4639b,test,False,16,182406,182406,182406,True,0.3013459796266822,True,True,149.6807051,2.2682043,2.23
60360,60360,matched,True,True,secure_unique_chandra_irac_link,component-7977d37860eacc7a,calibration,False,12,390307,,390307,True,2.8110925447185977,False,True,149.9410294,2.2689318,1.52
60361,60361,matched,True,True,secure_unique_chandra_irac_link,component-a0e893ea068dd4bc,test,False,12,243717,243717,243717,True,2.027723097805665,True,True,149.7425014,2.5409212,2.66
60364,60364,matched,True,True,secure_unique_chandra_irac_link,component-7ae71823aa8b34ae,test,False,9,176091,176091,176091,True,2.336904004167161,True,True,150.0500932,2.2398139,2.38
60367,60367,matched,True,True,secure_unique_chandra_irac_link,component-481423835c0d3e5d,test,False,12,283650,,283650,True,2.7025440832355914,False,True,149.6482568,2.7174378,2.8
60368,60368,matched,True,True,secure_unique_chandra_irac_link,component-02c1d1400a4f55cd,test,False,9,304758,,304758,True,3.2427011899132014,False,True,149.9744276,2.8111172,2.47
60372,60372,unknown,False,False,no_chandra_xmm_mapping,component-57ef35da60f793ae,descriptive,False,15,,275336,275336,False,,False,False,150.0878389,2.6819859,2.82
60373,60373,matched,True,True,secure_unique_chandra_irac_link,component-ce9ba63dc51a77fa,test,False,13,199200,,199200,True,2.9107461169423168,False,True,149.3910251,2.3427013,3.08
60374,60374,unknown,False,False,no_chandra_xmm_mapping,component-39d947936c487857,descriptive,False,15,,,216981,False,,False,False,149.4341133,2.4214685,2.78
60380,60380,unknown,False,False,no_chandra_xmm_mapping,component-7795670ca29680cc,descriptive,False,13,,,401012,False,,False,False,149.3525502,2.6173407,3.1
60382,60382,unknown,False,False,no_chandra_xmm_mapping,component-bd4048763ced48e3,descriptive,False,11,,,288389,False,,False,False,150.026199,2.7375414,2.71
60383,60383,matched,True,True,secure_unique_chandra_irac_link,component-045f6815b3778881,calibration,False,14,193983,193983,193983,True,2.2748608396621957,True,True,149.9627204,2.3198311,2.29
60388,60388,unknown,False,False,no_chandra_xmm_mapping,component-02577983047a200b,descriptive,False,21,,,,False,,False,False,149.7153228,2.7120189,3.07
60389,60389,matched,True,True,secure_unique_chandra_irac_link,component-b8f3c80c082c070f,calibration,False,4,257579,257579,257579,True,0.8217330883153982,True,True,149.8926561,2.6014108,2.42
60391,60391,unknown,False,False,no_chandra_xmm_mapping,component-ea41a0b0717e1444,descriptive,False,16,,,,False,,False,False,149.4676101,2.5313447,2.14
60392,60392,matched,True,True,secure_unique_chandra_irac_link,component-3fa7b17fbfbd1bd3,calibration,False,17,250490,250490,250490,True,0.7853246058011923,True,True,150.0668097,2.5704075,2.219
60393,60393,unknown,False,False,no_chandra_xmm_mapping,component-f1ee63e0d4a9d62b,descriptive,False,9,,,,False,,False,False,149.662409,2.551998,2.33
60395,60395,unknown,False,False,no_chandra_xmm_mapping,component-20da843766072c29,descriptive,False,10,,,296061,False,,False,False,149.7108677,2.773524,3.0
60403,60403,matched,True,True,secure_unique_chandra_irac_link,component-68021171770710a5,calibration,False,12,248369,248369,248369,True,1.4092810672322964,True,True,149.6446217,2.5603604,2.39
60406,60406,matched,True,True,secure_unique_chandra_irac_link,component-05ff5432762d9e71,calibration,False,13,286553,286340,286340,True,4.633078209207496,False,False,150.0574815,2.7296806,2.41
60410,60410,matched,True,True,secure_unique_chandra_irac_link,component-df5d7b2a15b10b1e,calibration,False,11,60035,60035,60035,True,2.3663239374612695,True,True,149.674829,1.715314,1.86
60413,60413,matched,False,True,secure_unique_chandra_irac_link,component-e071dca1d98ba9d6,excluded,True,13,23784,,23784,True,2.237703244536254,False,True,149.9275196,1.5443363,2.86
60414,60414,matched,True,True,secure_unique_chandra_irac_link,component-7aed68c02b032df4,test,False,14,61800,61800,61800,True,0.7894352711676558,True,True,149.4955229,1.7224317,2.78
60415,60415,matched,True,True,secure_unique_chandra_irac_link,component-e3972d6f7c51536c,test,False,16,133645,133645,133645,True,1.227571406563777,True,True,149.6051068,2.0526316,2.55
60416,60416,matched,True,True,secure_unique_chandra_irac_link,component-8d42b9fe493d72fc,test,False,17,61236,61236,61236,True,2.343470478920037,True,True,149.7785806,1.7197496,2.67
60417,60417,matched,True,True,secure_unique_chandra_irac_link,component-e487b852f4d14b65,test,False,13,39012,39012,39012,True,2.5739579147159963,True,True,149.5547651,1.615173,2.3
60421,60421,matched,True,True,secure_unique_chandra_irac_link,component-aa39652c7c2fd5dc,test,False,8,105305,105305,105305,True,1.8174497183488791,True,True,149.9803935,1.9245704,2.49
60422,60422,unknown,False,False,no_chandra_xmm_mapping,component-07bd88526f556a9f,descriptive,False,18,,166100,166100,False,,False,False,149.4255256,2.1970838,2.43
60423,60423,matched,True,True,secure_unique_chandra_irac_link,component-b9919f2e6775681a,test,False,16,63438,63438,63438,True,0.7185265162698136,True,True,149.4245459,1.7303342,2.42
60425,60425,matched,True,True,secure_unique_chandra_irac_link,component-77793f3d8c70ce62,test,False,11,40111,,,True,5.315822291220105,False,False,149.7179733,1.6192383,2.39
60426,60426,matched,True,True,secure_unique_chandra_irac_link,component-f5e3bc45f9533789,calibration,False,14,79693,79693,79693,True,0.8268374556864353,True,True,149.9410791,1.8062032,2.03
60427,60427,matched,True,True,secure_unique_chandra_irac_link,component-61016ab303efb871,test,False,14,74193,,74193,True,3.0328787142213245,False,True,150.0433315,1.7786572,2.117
60429,60429,matched,True,True,secure_unique_chandra_irac_link,component-39cf7e0ae8909729,test,False,20,99815,99815,99815,True,0.7842703234572928,True,True,149.9169751,1.8997097,2.18
60430,60430,unknown,False,False,no_chandra_xmm_mapping,component-d30e55c34fb2a67a,descriptive,False,11,,,149287,False,,False,False,150.0782401,2.1221621,2.16
60431,60431,ambiguous,False,False,multiple_chandra_sources,component-6b9a52ac6c9179f8,descriptive,False,12,,39916,39916,False,,False,False,149.8926423,1.6187889,2.21
60433,60433,unknown,False,False,no_chandra_xmm_mapping,component-d3f6c22f0c98d339,descriptive,False,16,,,,False,,False,False,149.5856472,1.5220274,2.974
60434,60434,unknown,False,False,no_chandra_xmm_mapping,component-93a41d9e75d76604,descriptive,False,14,,16152,16152,False,,False,False,149.5887964,1.5094461,3.04
60435,60435,matched,True,True,secure_unique_chandra_irac_link,component-3ca5a84f4ddd504a,test,False,19,37343,,37343,True,0.9525764971262434,False,True,149.5174135,1.6070698,3.41
60436,60436,matched,True,True,secure_unique_chandra_irac_link,component-fbe4d018fab6db34,test,False,15,106777,,106777,True,2.824534132089557,False,True,150.0469228,1.9305872,2.21
60438,60438,matched,True,True,secure_unique_chandra_irac_link,component-272cf87992c562f6,test,False,16,88183,88183,88183,True,1.5864541329077095,True,True,149.969863,1.8467463,2.026
60439,60439,matched,True,True,secure_unique_chandra_irac_link,component-8f0deba878235b30,calibration,False,12,27846,,27846,True,2.2671943756090087,False,True,149.9952277,1.5637678,2.89
60440,60440,matched,True,True,secure_unique_chandra_irac_link,component-b8403ec5b52042c0,test,False,11,380941,380941,380941,True,1.1892956434725528,True,True,149.4137422,1.9256568,2.42
60441,60441,unknown,False,False,no_chandra_xmm_mapping,component-9564f680ba297370,descriptive,False,14,,,107318,False,,False,False,149.4094824,1.9339063,3.58
60443,60443,unknown,False,False,chandra_identification_unidentified,component-5cb1b605aba39ca3,descriptive,False,9,,377343,377343,False,,False,False,149.465941,1.7555786,1.727
60446,60446,matched,True,True,secure_unique_chandra_irac_link,component-283449093ae14688,test,False,13,125974,125974,125974,True,1.8418803532279406,True,True,149.6078032,2.0172731,2.19
60448,60448,unknown,False,False,secure_chandra_reference_missing_from_irac_catalog,component-324170d7820fd8e3,descriptive,False,15,,157119,157119,False,,False,False,150.0292745,2.1580178,2.52
60450,60450,matched,True,True,secure_unique_chandra_irac_link,component-fb80e5a706b6f313,test,False,21,43195,43195,43195,True,0.8590200561767523,True,True,149.8151845,1.6345826,2.53
60451,60451,matched,True,True,secure_unique_chandra_irac_link,component-5e03d903adfdc5a9,test,False,12,114941,114941,114941,True,1.5994418352478619,True,True,149.9974654,1.9677666,1.82
60452,60452,matched,True,True,secure_unique_chandra_irac_link,component-ea398c55a481e779,calibration,False,13,70394,,,True,4.119388467780722,False,False,149.5121372,1.7635162,2.17
60454,60454,matched,True,True,secure_unique_chandra_irac_link,component-3501e7a84578d3e3,test,False,16,113303,113303,113303,True,1.655194301090564,True,True,149.9795228,1.9600247,2.44
60455,60455,matched,True,True,secure_unique_chandra_irac_link,component-c1cb9de11e48357c,test,False,19,67000,,,True,4.911217766691003,False,False,149.8687377,1.748299,2.46
60458,60458,matched,True,True,secure_unique_chandra_irac_link,component-99f5c1d6570f10bf,test,False,16,59675,,59675,True,2.7955893874602453,False,True,149.8113043,1.7125369,2.49
60460,60460,matched,True,True,secure_unique_chandra_irac_link,component-4bc4dcb06ed48a99,test,False,15,92777,92777,92777,True,1.9417831444519706,True,True,149.5433718,1.867572,2.35
60461,60461,matched,True,True,secure_unique_chandra_irac_link,component-2319ccd13c4b6ebf,test,False,9,380061,380061,380061,True,2.6672639682451433,True,True,149.5398039,1.8771184,1.841
60462,60462,matched,True,True,secure_unique_chandra_irac_link,component-e0c67141a218274d,test,False,10,122115,122115,122115,True,1.6765356205796769,True,True,149.5368271,2.0006706,2.34
60463,60463,matched,True,True,secure_unique_chandra_irac_link,component-145c9a0a80d8333c,test,False,11,38882,,38882,True,3.0673649284639453,False,True,149.6837474,1.6147453,2.242
60464,60464,unknown,False,False,no_chandra_xmm_mapping,component-3e6b31337a2845f2,descriptive,False,11,,149746,149746,False,,False,False,150.0277215,2.1263433,2.29
60465,60465,matched,True,True,secure_unique_chandra_irac_link,component-9c9efe28ca93f961,test,False,12,113034,113034,113034,True,0.7244150666729086,True,True,149.5328279,1.9586656,2.47
60466,60466,matched,True,True,secure_unique_chandra_irac_link,component-8d7417df283d516e,test,False,10,127315,127315,127315,True,1.359742164788828,True,True,149.5735379,2.0240427,2.19
60469,60469,unknown,False,False,no_chandra_xmm_mapping,component-299ccb00a6a34724,descriptive,False,18,,21923,21923,False,,False,False,149.6732139,1.5359751,3.0
60470,60470,matched,True,True,secure_unique_chandra_irac_link,component-403ef84ff17d84c5,test,False,15,53028,53028,53028,True,1.0419748317725945,True,True,149.7017395,1.681508,2.08
60472,60472,matched,True,True,secure_unique_chandra_irac_link,component-103485837aa457af,test,False,8,22956,22956,22956,True,1.5266550309838163,True,True,149.7733921,1.5411105,2.48
60478,60478,unknown,False,False,no_chandra_xmm_mapping,component-5cd8c26f916ad4d5,descriptive,False,8,,121931,121931,False,,False,False,149.457655,1.9992111,2.417
60483,60483,matched,True,True,secure_unique_chandra_irac_link,component-926982cee218c9be,test,False,11,113742,113742,113742,True,0.9614197111085326,True,True,149.6027884,1.9620479,2.14
60486,60486,matched,True,True,secure_unique_chandra_irac_link,component-d07b0a265fd6beae,calibration,False,11,100361,100361,100361,True,1.0381713685527307,True,True,149.8033293,1.901665,2.08
60488,60488,unknown,False,False,no_chandra_xmm_mapping,component-6f736a66e0e1ba7e,descriptive,False,16,,88002,88002,False,,False,False,149.6481566,1.8434645,2.16
60489,60489,matched,True,True,secure_unique_chandra_irac_link,component-ce747a0926f08533,test,False,16,115985,115637,115637,True,5.468264741908671,False,False,149.6512993,1.9714836,2.496
60490,60490,unknown,False,False,no_chandra_xmm_mapping,component-e8efb93c602da0ea,descriptive,False,11,,,163106,False,,False,False,150.1050853,2.1845337,2.7
60492,60492,matched,True,True,secure_unique_chandra_irac_link,component-6b8c52134c7e1a3f,test,False,17,146318,,146318,True,2.9792631120795834,False,True,149.8133037,2.1110747,2.14
60494,60494,matched,True,True,secure_unique_chandra_irac_link,component-44a2c00ecac4544c,calibration,False,11,100980,100980,100980,True,1.8931536592506462,True,True,149.6976824,1.9050075,2.14
60507,60507,ambiguous,False,False,chandra_identification_ambiguous,component-16c2d64be54973a4,descriptive,False,18,,129366,129366,False,,False,False,149.5478961,2.033261,2.4
60512,60512,matched,True,True,secure_unique_chandra_irac_link,component-70fc9c9f116efce7,test,False,2,382022,382022,382022,True,0.9922358713432735,True,True,149.7843582,1.9588094,1.739
60513,60513,matched,True,True,secure_unique_chandra_irac_link,component-cb70abe8647fa8a3,test,False,4,376698,376698,376698,True,1.1316878686960372,True,True,149.511618,1.752538,2.217
61,61,matched,True,True,secure_unique_chandra_irac_link,component-d029fa3a95e174a1,test,False,18,202745,202745,202745,True,0.4279618100075644,True,True,150.1237595,2.358311,1.22
62,62,unknown,False,False,chandra_identification_unidentified,component-81b8a03f97e8787c,descriptive,False,14,,140136,140136,False,,False,False,150.0755003,2.0810674,1.198
63,63,matched,True,True,secure_unique_chandra_irac_link,component-da4ea2a5506f2693,test,False,8,152708,152708,152708,True,1.8831576922615985,True,True,149.7822194,2.1387712,1.15
64,64,matched,True,True,secure_unique_chandra_irac_link,component-a68b412c4282555f,test,False,12,145694,145694,145694,True,1.141151872526397,True,True,149.8938294,2.1076572,1.15
65,65,matched,True,True,secure_unique_chandra_irac_link,component-108c995b953c8a35,test,False,13,212855,212855,212855,True,0.31405507810492406,True,True,150.1740154,2.4030379,1.12
66,66,matched,True,True,secure_unique_chandra_irac_link,component-3ada92f28b4ceda3,calibration,False,15,196289,196289,196289,True,0.6554142991027911,True,True,149.8681822,2.3306516,1.16
67,67,matched,True,True,secure_unique_chandra_irac_link,component-49d180ecf5613281,test,False,16,230351,230351,230351,True,0.3062419639692901,True,True,150.4071253,2.4787985,1.17
68,68,matched,True,True,secure_unique_chandra_irac_link,component-a21855da08cb102d,test,False,14,136101,136101,136101,True,0.26083618536777203,True,True,150.0426375,2.0632552,1.13
69,69,matched,True,True,secure_unique_chandra_irac_link,component-4ac1f1038be3e5c5,test,False,14,160730,160730,160730,True,1.1218765002375481,True,True,149.8949841,2.1746655,1.12
7,7,matched,True,True,secure_unique_chandra_irac_link,component-7902699be42c8a8e,calibration,False,9,262757,262757,262757,True,0.8420384295408799,True,True,150.5210769,2.625247,0.91
70,70,matched,True,True,secure_unique_chandra_irac_link,component-ff5a1ae012afa5d4,calibration,False,14,229486,229486,229486,True,0.23033070908891398,True,True,150.150227,2.4752321,1.21
70002,70002,unknown,False,False,no_chandra_xmm_mapping,component-a8081b6bc4d214b2,excluded,False,8,,222346,222346,False,,False,False,150.3385701,2.444171,1.75
70003,70003,matched,True,True,secure_unique_chandra_irac_link,component-df813991bcaa1c4a,calibration,False,8,179433,179433,179433,True,1.598722478240876,True,True,150.6312673,2.2554899,1.75
70004,70004,matched,True,True,secure_unique_chandra_irac_link,component-34f839939979e68f,test,False,16,235788,235788,235788,True,1.0492194183255346,True,True,150.5674372,2.5033661,1.75
70005,70005,matched,True,True,secure_unique_chandra_irac_link,component-3ebb5e9e2705d7df,calibration,False,14,236189,236189,236189,True,1.275360678418259,True,True,150.3098121,2.5043699,1.75
70007,70007,matched,True,True,secure_unique_chandra_irac_link,component-56bab8c604180f93,calibration,False,17,210170,210170,210170,True,2.4324542273611836,True,True,150.3483171,2.3912088,1.75
70009,70009,unknown,False,False,no_chandra_xmm_mapping,component-95ebf50862314396,descriptive,False,12,,187187,187187,False,,False,False,150.2484593,2.2899453,1.75
70010,70010,matched,True,True,secure_unique_chandra_irac_link,component-25658f69c6b9cca6,test,False,21,236302,236302,236302,True,2.6854607854585435,True,True,150.3974513,2.5070263,1.75
70011,70011,ambiguous,False,False,chandra_identification_ambiguous,component-5153d8e600bc9708,excluded,False,10,,,,False,,False,False,150.4759058,2.8236982,1.75
70013,70013,unknown,False,False,no_chandra_xmm_mapping,component-adbf120bddd24c1e,descriptive,False,19,,,234401,False,,False,False,150.555648,2.4965441,1.75
70014,70014,matched,True,True,secure_unique_chandra_irac_link,component-f52a722e5a7df89a,calibration,False,15,401528,401528,401528,True,1.7152343798189718,True,True,150.2521693,2.6372605,1.75
70015,70015,matched,True,True,secure_unique_chandra_irac_link,component-e1c57f7f848edf6c,test,False,19,183759,,,True,3.764750449116593,False,False,150.1374776,2.2739852,1.75
70017,70017,matched,True,True,secure_unique_chandra_irac_link,component-00119a106422f634,calibration,False,15,401800,401763,401763,True,9.394789407346577,False,False,150.2359223,2.6436945,1.75
70019,70019,matched,True,True,secure_unique_chandra_irac_link,component-09fc065e46de778e,test,False,7,243996,243996,243996,True,0.48200375690759056,True,True,150.2617113,2.5419229,1.75
70020,70020,matched,True,True,secure_unique_chandra_irac_link,component-6322a520a1ecf59f,calibration,False,14,240166,240166,240166,True,0.7988648919453789,True,True,150.2924802,2.5243045,1.75
70024,70024,matched,True,True,secure_unique_chandra_irac_link,component-d8ad6e4f8c1d1f65,test,False,21,263386,263136,263136,True,3.9750560211043675,False,False,150.4803816,2.6272772,1.75
70025,70025,unknown,False,False,no_chandra_xmm_mapping,component-16acb8d80ab08e80,descriptive,False,12,,,,False,,False,False,150.3376472,2.4685934,1.75
70026,70026,unknown,False,False,no_chandra_xmm_mapping,component-f63634cfbf362809,descriptive,False,14,,,,False,,False,False,150.3223232,2.4359036,1.75
70032,70032,matched,True,True,secure_unique_chandra_irac_link,component-fc91c44599685f92,test,False,17,322698,322644,322644,True,3.221388894197773,False,False,150.2487058,2.8887944,1.75
70046,70046,matched,True,True,secure_unique_chandra_irac_link,component-482442152ff15d36,test,False,11,299724,,299724,True,3.063586771215582,False,True,150.3472783,2.7878385,1.75
70069,70069,matched,True,True,secure_unique_chandra_irac_link,component-4fceb2f5a18fbd1c,test,False,16,285933,,285560,True,3.01854373081194,False,False,150.7337417,2.7263946,1.75
70076,70076,matched,True,True,secure_unique_chandra_irac_link,component-598a8e8a421360fd,calibration,False,20,131708,131708,131708,True,1.344112253333122,True,True,150.4461207,2.043154,1.75
70077,70077,matched,True,True,secure_unique_chandra_irac_link,component-c3c39431e2d9ecc1,test,False,10,389288,389288,389288,True,1.9220542263221525,True,True,150.4731591,2.1981913,1.75
70078,70078,unknown,False,False,chandra_identification_unidentified,component-fdeb52b52ad13ded,excluded,False,6,,,,False,,False,False,150.6916623,1.7534755,1.75
70079,70079,unknown,False,False,no_chandra_xmm_mapping,component-29a46f1a4dcbd0a2,excluded,False,15,,,,False,,False,False,150.4314855,1.6852944,1.75
70080,70080,matched,True,True,secure_unique_chandra_irac_link,component-faad31f8ef137cdf,test,False,15,90938,,,True,7.628205363953568,False,False,150.4566622,1.8586314,1.75
70081,70081,unknown,False,False,secure_chandra_reference_missing_from_irac_catalog,component-1f8b3efcd014ab65,descriptive,False,11,,,,False,,False,False,150.3824958,2.0756464,1.75
70082,70082,matched,True,True,secure_unique_chandra_irac_link,component-62097da5f0d32b87,calibration,False,24,121550,121550,121550,True,2.017176882911792,True,True,150.3965932,1.9978324,1.75
70083,70083,matched,True,True,secure_unique_chandra_irac_link,component-652f83efd08590ca,test,False,12,61129,61129,61129,True,1.8792262142005884,True,True,150.4198682,1.7188008,1.75
70084,70084,matched,True,True,secure_unique_chandra_irac_link,component-f48a79669569dd3b,calibration,False,17,135618,135618,135618,True,1.1595655085482524,True,True,150.5398916,2.0611102,1.75
70085,70085,matched,True,True,secure_unique_chandra_irac_link,component-5b0c8f908a1227ce,test,False,14,163763,163763,163763,True,1.1847964726813425,True,True,150.5378315,2.1879819,1.75
70087,70087,matched,True,True,secure_unique_chandra_irac_link,component-74820164beaf533a,calibration,False,12,98539,98142,98142,True,4.370916082941766,False,False,150.2105931,1.8937763,1.75
70089,70089,matched,True,True,secure_unique_chandra_irac_link,component-45ea30ce4c689197,calibration,False,16,124443,124443,124443,True,1.1072566073887022,True,True,150.2579294,2.0108579,1.75
70091,70091,unknown,False,False,no_chandra_xmm_mapping,component-3d602a17fe11e9d1,excluded,False,15,,,,False,,False,False,150.2098562,2.1162733,1.75
70095,70095,matched,True,True,secure_unique_chandra_irac_link,component-d220ab301fea12bb,test,False,11,71685,71685,71685,True,1.0484281009232652,True,True,150.1801291,1.7686636,1.75
70096,70096,unknown,False,False,no_chandra_xmm_mapping,component-8f4a9a04e73e15ed,descriptive,False,16,,153994,153994,False,,False,False,150.3897983,2.1451793,1.75
70133,70133,matched,True,True,secure_unique_chandra_irac_link,component-4d6be77ea7745432,test,False,15,195663,195663,195663,True,1.1961443951254842,True,True,149.7938727,2.3275212,1.75
70134,70134,matched,True,True,secure_unique_chandra_irac_link,component-532d281b6c293a01,test,False,19,257750,257750,257750,True,1.3670816015663831,True,True,150.0589437,2.6020762,1.75
70135,70135,matched,True,True,secure_unique_chandra_irac_link,component-f8644d31d2613f5a,test,False,15,180219,180219,180219,True,1.6860157659289705,True,True,150.0029982,2.258772,1.75
70136,70136,matched,True,True,secure_unique_chandra_irac_link,component-48f41c043766a739,test,False,18,240714,240714,240714,True,1.268379070617541,True,True,149.9263615,2.5261854,1.75
70137,70137,matched,False,True,secure_unique_chandra_irac_link,component-d773d1f62650bf6f,excluded,True,21,249175,249175,249175,True,2.571923651274465,True,True,149.7964409,2.5634796,1.75
70138,70138,matched,True,True,secure_unique_chandra_irac_link,component-8cbbee6744ccafea,test,False,16,191496,191496,191496,True,2.2981967071544056,True,True,149.979976,2.3094791,1.75
70139,70139,matched,True,True,secure_unique_chandra_irac_link,component-338b8b1c27a2c763,test,False,14,223098,,,True,3.720707213373065,False,False,149.8811143,2.448084,1.75
70140,70140,unknown,False,False,no_chandra_xmm_mapping,component-657fdf666cde5fed,excluded,False,25,,,,False,,False,False,150.0702264,2.410584,1.75
70141,70141,unknown,False,False,no_chandra_xmm_mapping,component-ba9c0c3f18a77db1,descriptive,False,13,,,,False,,False,False,149.7438087,2.6193956,1.75
70143,70143,unknown,False,False,no_chandra_xmm_mapping,component-3a0d2dad2876b325,excluded,False,15,,,,False,,False,False,149.9127802,2.5133086,1.75
70145,70145,matched,True,True,secure_unique_chandra_irac_link,component-384459bd7209e2a2,calibration,False,15,205775,205775,205775,True,2.7627814412238973,True,True,150.0514806,2.3697764,1.75
70147,70147,unknown,False,False,no_chandra_xmm_mapping,component-fd60327bc7b8d391,descriptive,False,13,,275079,275079,False,,False,False,149.6899633,2.6803,1.75
70149,70149,matched,True,True,secure_unique_chandra_irac_link,component-b9e4104fdcc9cdcd,test,False,11,218387,218066,218066,True,2.790477151880812,False,False,149.8520915,2.4261694,1.75
70150,70150,unknown,False,False,no_chandra_xmm_mapping,component-11d4e5b8026fa77e,descriptive,False,9,,,,False,,False,False,149.3915433,2.5696131,1.75
70151,70151,matched,True,True,secure_unique_chandra_irac_link,component-170767f4a52a44b0,test,False,12,243491,243491,243491,True,1.6081306525717154,True,True,149.823794,2.5395798,1.75
70152,70152,ambiguous,False,False,multiple_chandra_sources,component-f2ba85f2da1a6c1c,descriptive,False,17,,221785,221785,False,,False,False,149.5966139,2.4413999,1.75
70154,70154,matched,True,True,secure_unique_chandra_irac_link,component-d5b422ed2598e508,calibration,False,10,248317,248317,248317,True,2.493452734595746,True,True,149.9257051,2.5599295,1.75
70170,70170,unknown,False,False,secure_chandra_reference_missing_from_irac_catalog,component-753ca962b1c84c2e,descriptive,False,19,,,299958,False,,False,False,149.5938778,2.7902874,1.75
70177,70177,matched,True,True,secure_unique_chandra_irac_link,component-78e97a60dd2a794f,test,False,13,227254,227254,227254,True,2.7530775274944106,True,True,149.6604653,2.4656465,1.75
70196,70196,unknown,False,False,no_chandra_xmm_mapping,component-9a2649d95e2b2a08,descriptive,False,17,,319831,319831,False,,False,False,149.577604,2.8762638,1.75
70210,70210,matched,True,True,secure_unique_chandra_irac_link,component-3b768f8018c22458,test,False,14,117178,117178,117178,True,1.9000289806645605,True,True,150.0953785,1.9780819,1.75
70212,70212,unknown,False,False,no_chandra_xmm_mapping,component-1122c5be360aa457,descriptive,False,9,,156822,156822,False,,False,False,149.9293589,2.1589963,1.75
70213,70213,matched,True,True,secure_unique_chandra_irac_link,component-cf12beedf3a07e28,test,False,13,151166,151166,151166,True,1.310822116085745,True,True,149.8546644,2.1321219,1.75
70214,70214,matched,True,True,secure_unique_chandra_irac_link,component-06205125e68ad5db,test,False,12,152925,,,True,3.6402990097239556,False,False,150.0234337,2.1394954,1.75
70215,70215,matched,True,True,secure_unique_chandra_irac_link,component-a377d689b68fdb41,test,False,13,145837,,,True,8.603265304564998,False,False,149.860988,2.1081451,1.75
70216,70216,matched,True,True,secure_unique_chandra_irac_link,component-09301e03ed98083e,calibration,False,13,165592,165592,165592,True,2.153586856724336,True,True,149.8974341,2.1958803,1.75
70220,70220,matched,True,True,secure_unique_chandra_irac_link,component-7bdbf5a80d587a9c,test,False,8,135502,135502,135502,True,1.765740746991737,True,True,150.0212566,2.0594694,1.75
70221,70221,matched,True,True,secure_unique_chandra_irac_link,component-3f5a31f6c961c95a,calibration,False,17,121961,121928,121928,True,5.541669540627401,False,False,149.8253789,1.9995225,1.75
70222,70222,matched,True,True,secure_unique_chandra_irac_link,component-ccb97ac5a4eb096c,calibration,False,22,158473,158481,158481,True,6.816119520424134,False,False,150.0207455,2.1653745,1.75
70225,70225,matched,False,True,secure_unique_chandra_irac_link,component-b79860990d3b0cee,excluded,True,13,66543,66317,66317,True,2.9795686824814624,False,False,149.6108812,1.7447484,1.75
70228,70228,matched,True,True,secure_unique_chandra_irac_link,component-d058d30684413a9a,test,False,7,162193,,,True,4.724611680300767,False,False,149.5606277,2.1814007,1.75
70247,70247,unknown,False,False,no_chandra_xmm_mapping,component-31ae8faa6c63c0a5,descriptive,False,14,,,,False,,False,False,150.1019338,1.7366099,1.75
70250,70250,matched,True,True,secure_unique_chandra_irac_link,component-15c31b0498a72581,calibration,False,15,166461,166461,166461,True,0.8839156253136791,True,True,150.1001239,2.200092,1.75
71,71,matched,True,True,secure_unique_chandra_irac_link,component-7f2253d7e228b22a,test,False,15,235380,235380,235380,True,0.2627390885202824,True,True,149.9555873,2.5021094,1.1
72,72,matched,True,True,secure_unique_chandra_irac_link,component-8722616204217edd,test,False,18,398935,398935,398935,True,0.877344753617062,True,True,150.3740184,2.544068,1.2
73,73,matched,True,True,secure_unique_chandra_irac_link,component-96061e92f58e4bdc,test,False,20,396635,396635,396635,True,1.3752711665573518,True,True,150.4160024,2.4299896,0.274
74,74,matched,True,True,secure_unique_chandra_irac_link,component-445f8f3c6482af5b,test,False,16,177526,177526,177526,True,0.15926927585677028,True,True,150.449626,2.2464033,1.03
75,75,matched,True,True,secure_unique_chandra_irac_link,component-f369cb89fc627e66,calibration,False,13,78222,78222,78222,True,1.2050310559242763,True,True,150.1316874,1.7990785,1.08
76,76,matched,True,True,secure_unique_chandra_irac_link,component-f74efabef12ea619,test,False,11,203555,,,True,4.080551775073911,False,False,150.2345348,2.3623491,1.17
77,77,matched,False,True,secure_unique_chandra_irac_link,component-3d602a17fe11e9d1,excluded,True,11,386912,386912,386912,True,0.743750375627398,True,True,150.2017124,2.1261429,0.441
78,78,matched,True,True,secure_unique_chandra_irac_link,component-349c41201b62db85,test,False,10,188542,188542,188542,True,1.2971806768529088,True,True,150.1192386,2.2957138,1.22
79,79,matched,True,True,secure_unique_chandra_irac_link,component-98a3ab7c340e8a03,calibration,False,19,199095,199095,199095,True,0.49129810734769264,True,True,150.3537501,2.3421735,1.16
8,8,matched,True,True,secure_unique_chandra_irac_link,component-2c624232cdd22177,calibration,False,17,254955,254955,254955,True,0.10359753549150987,True,True,150.0538298,2.5896702,0.98
80,80,matched,True,True,secure_unique_chandra_irac_link,component-48449a14a4ff7d79,test,False,14,209824,209824,209824,True,0.6201435866225039,True,True,150.4029812,2.3900175,1.19
81,81,matched,True,True,secure_unique_chandra_irac_link,component-df923eb41ed50d6e,calibration,False,16,107828,107828,107828,True,1.0355824898636266,True,True,150.2731798,1.9340075,1.08
83,83,matched,True,True,secure_unique_chandra_irac_link,component-bbb965ab0c80d653,test,False,17,274529,274529,274529,True,1.8004166090349814,True,True,150.3518002,2.6778853,1.23
84,84,matched,True,True,secure_unique_chandra_irac_link,component-44c8031cb036a735,test,False,13,236389,236389,236389,True,0.05678312428848314,True,True,150.2997515,2.506879,1.28
85,85,matched,True,True,secure_unique_chandra_irac_link,component-b4944c6ff08dc6f4,calibration,False,14,246613,246613,246613,True,0.9274289991894232,True,True,150.3236648,2.5523961,1.35
86,86,matched,True,True,secure_unique_chandra_irac_link,component-434c9b5ae514646b,calibration,False,16,279673,279673,279673,True,0.7338586335191455,True,True,150.5091741,2.6992186,1.13
87,87,matched,True,True,secure_unique_chandra_irac_link,component-bdd2d3af3a5a1213,calibration,False,13,88691,88691,88691,True,1.6266106166763994,True,True,150.1016626,1.8479082,1.29
88,88,matched,True,True,secure_unique_chandra_irac_link,component-8b940be7fb78aaa6,calibration,False,14,239679,,,True,2.8784267184948367,False,False,150.5179273,2.5225349,1.15
89,89,matched,True,True,secure_unique_chandra_irac_link,component-cd70bea023f752a0,test,False,17,240546,240546,240546,True,0.8861353645019346,True,True,150.276122,2.5261955,1.29
9,9,matched,True,True,secure_unique_chandra_irac_link,component-19581e27de7ced00,test,False,20,195487,195487,195487,True,0.4936604887968558,True,True,149.9198279,2.3274745,1.0
90,90,matched,True,True,secure_unique_chandra_irac_link,component-69f59c273b6e669a,test,False,18,224892,224892,224892,True,0.7965382194062531,True,True,150.2898403,2.4550483,1.26
91,91,matched,True,True,secure_unique_chandra_irac_link,component-1da51b8d8ff98f6a,test,False,12,215078,215078,215078,True,0.23277796277230375,True,True,150.4956328,2.4126246,1.18
92,92,matched,True,True,secure_unique_chandra_irac_link,component-8241649609f88ccd,test,False,13,254121,254121,254121,True,0.11526642789554511,True,True,150.2338522,2.586075,1.17
93,93,matched,True,True,secure_unique_chandra_irac_link,component-6e4001871c0cf27c,calibration,False,14,244651,244651,244651,True,0.6386165156203556,True,True,150.292431,2.5449204,1.27
94,94,matched,True,True,secure_unique_chandra_irac_link,component-e3d6c4d4599e0088,test,False,11,164417,164417,164417,True,0.29612943963932004,True,True,150.1996769,2.1908901,1.2
95,95,matched,False,True,secure_unique_chandra_irac_link,component-2a30ea0cee9cac15,excluded,True,12,169023,169023,169023,True,0.31117573849476743,True,True,150.0286174,2.2097787,1.3
96,96,matched,True,True,secure_unique_chandra_irac_link,component-7b1a278f5abe8e9d,test,False,17,321538,321538,321538,True,1.076073248128764,True,True,150.4018116,2.8843752,1.24
97,97,matched,True,True,secure_unique_chandra_irac_link,component-d6d824abba4afde8,test,False,10,95276,95276,95276,True,0.8192842811128173,True,True,150.0661634,1.8792009,1.29
98,98,matched,True,True,secure_unique_chandra_irac_link,component-34f839939979e68f,test,False,19,235049,235049,235049,True,0.8655066196236012,True,True,150.572369,2.499835,1.13
99,99,matched,True,True,secure_unique_chandra_irac_link,component-82bf4bff0bcb4fa3,calibration,False,14,224921,224921,224921,True,0.6330544852481853,True,True,150.0621189,2.4548255,1.18
