component_id,parent_case_id,control_id,ra_original,dec_original,position_sigma_arcsec,ra,dec,rejection_reason,retained,nearest_cataloged_xray_arcsec,selected_raw,selected_calibrated,candidate_count
component-4a44dc15364204a8,10,shift-east-60-10,149.9126069,2.2003208,1.03,149.92928586404247,2.2003208,,True,39.30009712138874,False,False,11
component-ad57366865126e55,100,shift-east-60-100,150.2626776,2.6712715,1.18,150.27936239688592,2.6712715,,True,59.99999999954619,False,False,15
component-4ecdb4def4e2983b,10083,shift-east-60-10083,150.5131059,1.5340492,1.92,150.5297785422706,1.5340492,,True,59.99999999987094,True,True,8
component-dccbb9fd978cb560,10094,shift-east-60-10094,150.3451785,1.9578708,1.825,150.3618549020464,1.9578708,,True,33.147936829800386,False,False,14
component-16dc368a89b428b2,101,shift-east-60-101,150.1303753,2.4720743,1.42,150.14705749173476,2.4720743,within_20_arcsec_of_cataloged_xray_source,False,15.915939614480456,False,False,0
component-00ad7e2e78ec717c,10164,shift-east-60-10164,150.0100181,2.0530464,1.74,150.02669547207947,2.0530464,,True,30.29099441582586,False,False,6
component-27804d520f5be7cd,10168,shift-east-60-10168,150.0941183,2.8323896,2.29,150.11080535219168,2.8323896,,True,49.05007430255509,False,False,10
component-5c38247ec47cf3c2,10191,shift-east-60-10191,150.7793607,2.0892033,1.98,150.79603845268406,2.0892033,,True,53.90211569926456,False,False,6
component-37834f2f25762f23,102,shift-east-60-102,150.2318806,2.5192984,1.32,150.2485633910346,2.5192984,,True,26.80533629923402,True,True,9
component-c230f6b770dfcbfc,10239,shift-east-60-10239,150.2878669,2.131646,1.57,150.3045451079525,2.131646,,True,59.816485691262514,False,False,13
component-74b66466ac3ca88e,10248,shift-east-60-10248,149.5339624,2.2450086,2.34,149.55064186894936,2.2450086,within_20_arcsec_of_cataloged_xray_source,False,8.721308832242732,False,False,0
component-9966121111d035d0,10257,shift-east-60-10257,150.6962238,2.2365,2.07,150.71290317203022,2.2365,,True,25.312716421750252,True,True,11
component-169a495eb426c77f,10332,shift-east-60-10332,150.4918718,1.6995492,1.94,150.5085458016684,1.6995492,,True,58.87506623042898,False,False,6
component-495fa52c7ded9e27,10338,shift-east-60-10338,150.12814,2.8947659,2.24,150.1448279609254,2.8947659,within_20_arcsec_of_cataloged_xray_source,False,16.11339329963396,False,False,0
component-330738f864d9b53f,10339,shift-east-60-10339,150.6666594,2.3458846,2.38,150.6833400461212,2.3458846,,True,58.326852414845995,False,False,8
component-03b1a0d34130db1d,10360,shift-east-60-10360,149.7353377,2.7586268,2.34,149.75202370322006,2.7586268,,True,59.011163694472565,False,False,11
component-4f4e4fbef987b9eb,10389,shift-east-60-10389,149.799692,2.470721,2.312,149.8163741747283,2.470721,,True,42.84853282304028,False,False,14
component-5ef6fdf32513aa7c,104,shift-east-60-104,150.2422502,1.7664396,0.99,150.2589247906418,1.7664396,within_20_arcsec_of_cataloged_xray_source,False,9.6335664258653,False,False,0
component-310170073689661a,10418,shift-east-60-10418,150.2263275,2.874958,2.72,150.24301517019867,2.874958,,True,53.84947515746989,False,False,9
component-23f79dc3295e5ebe,10493,shift-east-60-10493,149.4408434,2.5757604,2.17,149.45752692250167,2.5757604,,True,58.79736161972571,False,False,10
component-9ab87114bfaf7f41,10498,shift-east-60-10498,150.4966988,2.0890306,1.98,150.5133765508503,2.0890306,,True,42.17054044317471,False,False,7
component-52293f59a334ad6f,10499,shift-east-60-10499,150.2304349,2.2557549,2.26,150.2471144918848,2.2557549,within_20_arcsec_of_cataloged_xray_source,False,15.043393370692426,False,False,0
component-b393b19e6e99a85c,10560,shift-east-60-10560,149.8645606,2.0156391,2.15,149.88123758532052,2.0156391,,True,27.454628378582857,False,False,2
component-9c225a25baf28478,10569,shift-east-60-10569,149.9952714,2.4734321,2.74,150.01195360880718,2.4734321,,True,58.27636554292696,False,False,15
component-0660d412d2b752a2,10590,shift-east-60-10590,150.4133422,2.1092931,2.05,150.4300201670367,2.1092931,,True,34.59088026401996,False,False,10
component-04aaef1641583bd6,10597,shift-east-60-10597,150.6806496,2.8369197,1.83,150.69733671751945,2.8369197,,True,59.253058388885755,True,True,10
component-482d9673cfee5de3,106,shift-east-60-106,150.1584952,2.4154924,1.32,150.17517668865852,2.4154924,,True,36.80830624338764,False,False,13
component-a036a0ea5107d503,10615,shift-east-60-10615,150.1780175,1.8547384,2.01,150.1946929029856,1.8547384,,True,56.751222775137045,False,False,11
component-3f6f25576155bb42,10675,shift-east-60-10675,150.1921522,2.2201828,2.17,150.20883138719768,2.2201828,,True,58.54144873100958,False,False,15
component-2cec743ca3d3a6fb,10690,shift-east-60-10690,150.5969657,2.432707,2.23,150.61364740083584,2.432707,,True,31.139145885790633,False,True,12
component-447a0df91b6611a2,10709,shift-east-60-10709,149.738487,2.433834,1.94,149.7551687147793,2.433834,,True,24.05997995459966,False,True,16
component-e071170e549fa06f,10719,shift-east-60-10719,149.4139866,2.6242984,2.25,149.43067076431575,2.6242984,,True,59.99999999952643,False,False,12
component-3420f65548092749,10732,shift-east-60-10732,149.5613039,2.0087939,2.2,149.57798081531848,2.0087939,within_20_arcsec_of_cataloged_xray_source,False,13.265712102533882,False,False,0
component-7a38a88b0b624e21,10747,shift-east-60-10747,149.4226065,2.4456759,2.63,149.43928836168126,2.4456759,,True,58.644209590621664,True,True,16
component-fd33fd23e0e68f05,10757,shift-east-60-10757,150.3433483,2.0196764,1.92,150.36002532671964,2.0196764,,True,20.451709000256592,False,False,9
component-713cbbbcf4a7fb37,10796,shift-east-60-10796,150.6002516,2.2723903,2.257,150.6169313833511,2.2723903,,True,37.25158608684178,False,False,13
component-eb0858d456cbaf89,10809,shift-east-60-10809,150.2070378,2.3815385,2.05,150.22371887459198,2.3815385,,True,55.393282172453446,False,False,15
component-6248513ca181bb38,10844,shift-east-60-10844,149.7024696,2.1213297,2.0,149.71914769644886,2.1213297,within_20_arcsec_of_cataloged_xray_source,False,18.50651702805279,False,False,0
component-c7362eccf362f5c2,10852,shift-east-60-10852,149.9606623,2.8832259,2.2,149.97735009130548,2.8832259,,True,37.134780285998666,False,True,13
component-a972683eb6f45c7b,10875,shift-east-60-10875,150.3660198,1.8296402,1.8,150.3826949680469,1.8296402,,True,54.176679411735584,True,True,13
component-e346642f77249b48,10878,shift-east-60-10878,150.3820045,2.7578476,2.36,150.39869049228747,2.7578476,,True,59.695727135317455,False,True,15
component-de6ea636a980f5cd,10889,shift-east-60-10889,149.5922864,1.7564761,1.11,149.60896090146954,1.7564761,,True,22.968739192314754,True,True,8
component-2add69ab22442d67,10900,shift-east-60-10900,150.6555728,2.3340099,1.997,150.67225330485573,2.3340099,,True,47.24759779320975,False,False,9
component-b1556dea32e9d0cd,112,shift-east-60-112,149.7792552,2.2324008,1.42,149.79593452546902,2.2324008,within_20_arcsec_of_cataloged_xray_source,False,8.974376870794684,False,False,0
component-6c658ee83fb7e812,113,shift-east-60-113,149.8983538,2.0937117,1.32,149.91503160060853,2.0937117,,True,21.29158797672218,True,True,13
component-28dae7c8bde2f3ca,115,shift-east-60-115,150.5446529,2.5072534,1.05,150.56133553709614,2.5072534,,True,25.279551854143133,False,False,15
component-a3ab7bbaf7390c1f,1151,shift-east-60-1151,149.8698074,2.2939118,1.36,149.88648743314715,2.2939118,,True,37.07322474449757,False,False,14
component-e5b861a6d8a966df,116,shift-east-60-116,150.2060422,2.2857772,1.2,150.2227221384528,2.2857772,within_20_arcsec_of_cataloged_xray_source,False,8.356348772912629,False,False,0
component-7ae71823aa8b34ae,117,shift-east-60-117,150.0558851,2.2333781,1.44,150.07256443656203,2.2333781,within_20_arcsec_of_cataloged_xray_source,False,14.272451126360819,False,False,0
component-3038bfb575bee6a0,119,shift-east-60-119,150.3422734,2.2260386,1.05,150.35895265337294,2.2260386,within_20_arcsec_of_cataloged_xray_source,False,11.985603649065329,False,False,0
component-6b51d431df5d7f14,12,shift-east-60-12,150.2077648,2.0831624,1.03,150.22444248863135,2.0831624,,True,59.55509046171659,False,False,12
component-2abaca4911e68fa9,120,shift-east-60-120,149.6958674,2.2645196,1.16,149.7125470925869,2.2645196,within_20_arcsec_of_cataloged_xray_source,False,18.88280896270711,False,False,0
component-89aa1e580023722d,121,shift-east-60-121,150.1713145,2.5638675,1.25,150.18799786707652,2.5638675,,True,26.248263687537666,False,False,18
component-1be00341082e25c4,122,shift-east-60-122,149.9391067,2.1748162,1.43,149.9557853804391,2.1748162,,True,58.96012932166694,False,False,11
component-a665a45920422f9d,123,shift-east-60-123,150.3827499,2.5597314,1.39,150.39943321319208,2.5597314,,True,33.06892526350838,False,False,17
component-6affdae3b3c1aa6a,124,shift-east-60-124,150.1615929,2.3325103,1.33,150.1782733870671,2.3325103,,True,30.75131941351607,False,False,13
component-0f8ef3377b30fc47,125,shift-east-60-125,150.2394217,1.9302293,0.505,150.25609782896674,1.9302293,within_20_arcsec_of_cataloged_xray_source,False,8.159411256499249,False,False,0
component-922c7954216ccfe7,127,shift-east-60-127,150.0045167,2.3891473,1.41,150.02119786686995,2.3891473,,True,23.72966479911105,True,True,14
component-6566230e3a3ce377,129,shift-east-60-129,150.2532533,1.99644,1.3,150.26993008958593,1.99644,,True,32.08990275858181,True,True,20
component-3fdba35f04dc8c46,13,shift-east-60-13,150.0093204,2.2753067,1.03,150.02600021706291,2.2753067,,True,59.365356718826824,False,False,12
component-dbb1ded63bc70732,132,shift-east-60-132,149.991932,2.1319569,1.35,150.00861021132124,2.1319569,,True,21.639654540485964,False,False,15
component-d2f483672c0239f6,133,shift-east-60-133,150.2718517,2.2299079,1.26,150.28853099719507,2.2299079,within_20_arcsec_of_cataloged_xray_source,False,3.1693431403638552,False,False,0
component-5d389f5e2e34c6b0,134,shift-east-60-134,150.0487066,2.3221668,1.44,150.0653869646822,2.3221668,,True,24.89461089729379,False,False,13
component-36ebe205bcdfc499,136,shift-east-60-136,149.6670567,2.2864464,1.32,149.6837366462302,2.2864464,,True,50.82491732500045,False,False,11
component-d80eae6e96d148b3,137,shift-east-60-137,149.9578819,2.002929,1.35,149.97455875553118,2.002929,,True,45.26475632687593,False,False,16
component-8d27ba37c5d81010,139,shift-east-60-139,150.0419867,2.6291696,1.24,150.05867092939113,2.6291696,,True,30.071715612521473,False,False,14
component-bb4d3bd125603e48,1390,shift-east-60-1390,149.7807459,2.1242901,2.78,149.79742402839085,2.1242901,within_20_arcsec_of_cataloged_xray_source,False,14.289792353633187,False,False,0
component-8527a891e2241369,14,shift-east-60-14,150.3272922,2.4608503,1.03,150.34397425096915,2.4608503,within_20_arcsec_of_cataloged_xray_source,False,19.90174962430169,False,False,0
component-dbae772db29058a8,140,shift-east-60-140,150.2301217,2.3955783,0.502,150.24680294509398,2.3955783,,True,52.92274371800421,False,False,13
component-2c7d5490e6050836,141,shift-east-60-141,150.1393584,1.8766745,1.45,150.1560340109505,1.8766745,within_20_arcsec_of_cataloged_xray_source,False,17.413827899957155,False,False,0
component-d4ee9f58e5860574,142,shift-east-60-142,150.1034282,2.5504889,1.39,150.12011139309772,2.5504889,,True,30.972177559443757,False,False,8
component-8cbbee6744ccafea,144,shift-east-60-144,149.9817437,2.3152533,1.35,149.99842398318538,2.3152533,,True,52.343197296098865,False,False,14
component-be47addbcb8f6056,145,shift-east-60-145,150.0199831,2.3493176,1.35,150.0366637870953,2.3493176,,True,33.169989611062846,False,False,11
component-0a5b046d07f6f971,146,shift-east-60-146,149.9099323,2.0804367,1.36,149.92660995979116,2.0804367,,True,51.410116345879096,False,False,13
component-4cd468501fc1a553,1461,shift-east-60-1461,149.73883,2.3661953,1.26,149.75551088941063,2.3661953,,True,55.71689351053575,False,True,13
component-67e6e9e795b05213,147,shift-east-60-147,150.2243778,2.2705097,1.37,150.2410575616355,2.2705097,,True,47.069518899653424,False,False,6
component-67e6e9e795b05213,148,shift-east-60-148,150.2187909,2.278939,1.495,150.23547075911074,2.278939,,True,36.47174730930297,False,False,15
component-9192a6da484a38c1,149,shift-east-60-149,150.168264,2.6158235,1.3,150.18494805138647,2.6158235,,True,26.80607156773975,False,False,20
component-e629fa6598d73276,15,shift-east-60-15,150.4990071,2.4449847,1.01,150.51568895308708,2.4449847,,True,59.95167693103622,False,False,12
component-9ae2bdd7beedc2e7,150,shift-east-60-150,150.3142141,2.3816787,1.42,150.33089517628963,2.3816787,within_20_arcsec_of_cataloged_xray_source,False,8.700965196974854,False,False,0
component-8e612bd1f5d132a3,151,shift-east-60-151,150.0734894,2.3466594,1.29,150.09017005536347,2.3466594,,True,45.28910633638893,False,False,18
component-043066daf2109523,152,shift-east-60-152,150.3497077,2.2460543,1.17,150.36638718088608,2.2460543,,True,59.66998766732212,False,False,10
component-620c9c332101a5ba,153,shift-east-60-153,150.2849826,2.3951046,1.23,150.3016638393249,2.3951046,,True,31.856853930758028,False,False,20
component-15310fd04ea64483,1533,shift-east-60-1533,150.3356198,2.3048577,1.54,150.35229996109987,2.3048577,,True,51.40397632792584,False,False,8
component-1d0ebea552eb43d0,154,shift-east-60-154,150.3110867,2.4138024,1.41,150.32776816791002,2.4138024,,True,49.24325718372608,False,False,10
component-1e797595727addd0,1559,shift-east-60-1559,150.1329355,2.1672379,2.74,150.14961409680947,2.1672379,,True,59.999999999739806,False,True,10
component-b35f9f7c073d0bbd,156,shift-east-60-156,150.227446,2.1142911,1.2,150.24412402068336,2.1142911,,True,59.816948501338686,False,False,9
component-c75de23d89df36ba,157,shift-east-60-157,150.1377747,2.2917511,1.22,150.15445470796166,2.2917511,,True,51.47596139466856,True,True,14
component-b17ef6d19c7a5b1e,16,shift-east-60-16,150.4719351,2.4103271,1.05,150.48861652528873,2.4103271,,True,26.06235927233777,False,False,10
component-bb668ca955632160,161,shift-east-60-161,150.285406,2.0146263,1.16,150.30208297494812,2.0146263,,True,39.202985236913726,False,True,16
component-3d3286f7cd19074f,163,shift-east-60-163,150.3097665,2.4666456,1.38,150.3264486235706,2.4666456,within_20_arcsec_of_cataloged_xray_source,False,7.675307264061929,False,False,0
component-3f9807cb9ae9fb6c,164,shift-east-60-164,150.3271526,1.9286744,1.13,150.34382871372094,1.9286744,within_20_arcsec_of_cataloged_xray_source,False,18.56417681645254,False,False,0
component-e0f05da93a0f5a86,166,shift-east-60-166,150.1673437,2.7978242,1.14,150.18403025718158,2.7978242,,True,59.96642376956458,False,False,8
component-64ef8cbfd4e16b46,1666,shift-east-60-1666,150.19284,1.8151748,2.17,150.20951503409597,1.8151748,within_20_arcsec_of_cataloged_xray_source,False,18.585236796510753,False,False,0
component-80c3cd40fa35f908,168,shift-east-60-168,150.1040535,2.6657824,1.14,150.120738222385,2.6657824,,True,23.807455479247665,False,False,11
component-d4f5301725ab16bb,169,shift-east-60-169,149.7359596,2.0277421,1.21,149.75263670967513,2.0277421,within_20_arcsec_of_cataloged_xray_source,False,10.26301915451978,False,False,0
component-4523540f1504cd17,17,shift-east-60-17,149.8520035,1.9983477,0.97,149.8686803089509,1.9983477,within_20_arcsec_of_cataloged_xray_source,False,18.655459006806797,False,False,0
component-734d0759cdb4e0d0,170,shift-east-60-170,149.8220544,2.2543257,1.39,149.8387339755011,2.2543257,within_20_arcsec_of_cataloged_xray_source,False,9.230006263462892,False,False,0
component-284de502c9847342,171,shift-east-60-171,150.3668799,2.3055427,1.39,150.38356006912753,2.3055427,,True,32.23333962272723,True,True,19
component-68519a9eca55c68c,172,shift-east-60-172,150.4442851,2.3697538,1.31,150.46096603225226,2.3697538,,True,37.09922631346964,False,False,13
component-4a8596a7790b5ca9,173,shift-east-60-173,150.012139,2.5259879,1.42,150.02882187684793,2.5259879,,True,41.274515971048,False,False,15
component-41e521adf8ae7a0f,174,shift-east-60-174,150.4245365,2.8242555,1.48,150.4412234351544,2.8242555,,True,45.05089642777528,False,False,7
component-dac53c17c250fd4d,175,shift-east-60-175,149.720774,2.3490901,1.06,149.73745468437818,2.3490901,,True,42.949470806418866,False,False,21
component-cba28b89eb859497,176,shift-east-60-176,150.4541162,2.8057214,1.39,150.4708028697393,2.8057214,,True,24.72053126329556,False,False,13
component-01d54579da446ae1,178,shift-east-60-178,150.0586541,2.4769846,1.45,150.07533635351928,2.4769846,,True,59.99999999962921,True,True,11
component-3068430da9e4b7a6,179,shift-east-60-179,150.2361018,2.2890504,1.35,150.25278177651535,2.2890504,within_20_arcsec_of_cataloged_xray_source,False,15.878747462354934,False,False,0
component-4ec9599fc203d176,18,shift-east-60-18,150.1330279,2.3032356,1.04,150.14970804209972,2.3032356,within_20_arcsec_of_cataloged_xray_source,False,18.688541862440626,False,False,0
component-7b69759630f869f2,180,shift-east-60-180,150.2088812,2.482019,1.72,150.22556351699293,2.482019,,True,35.29157993612503,False,False,7
component-99fc593371e0a9ee,181,shift-east-60-181,150.2674805,2.0555416,1.14,150.2841578981312,2.0555416,,True,59.894756189480034,True,True,13
component-61a229bae1e90331,185,shift-east-60-185,149.9953151,2.0065456,1.4,150.0119919923784,2.0065456,,True,50.48220478203805,False,False,7
component-f8644d31d2613f5a,19,shift-east-60-19,149.9936713,2.2585886,1.13,150.01035092439977,2.2585886,within_20_arcsec_of_cataloged_xray_source,False,9.363568038451863,False,False,0
component-eb3be230bbd2844b,192,shift-east-60-192,150.2512118,2.7372202,1.37,150.26789750400138,2.7372202,,True,59.04119873319873,False,False,17
component-684fe39f03758de6,193,shift-east-60-193,149.706544,2.2777117,1.34,149.7232238448959,2.2777117,,True,36.61118240143362,False,False,14
component-a4e00d7e6aa82111,198,shift-east-60-198,150.1995402,1.8265494,1.06,150.21621533933634,1.8265494,,True,34.97691732155732,True,True,12
component-d4f5301725ab16bb,199,shift-east-60-199,149.7445779,2.0274516,1.07,149.7612550066816,2.0274516,,True,21.15989276864556,False,False,18
component-f5ca38f748a1d6ea,20,shift-east-60-20,150.244637,2.4323268,1.09,150.2613186961334,2.4323268,,True,59.99999999958765,True,True,18
component-77459b9b941bcb47,2003,shift-east-60-2003,150.4233674,2.1331131,0.109,150.44004562385365,2.1331131,,True,22.004853651587222,False,False,14
component-c3c39431e2d9ecc1,2007,shift-east-60-2007,150.4676066,2.199428,0.147,150.48428555405886,2.199428,,True,21.693810294109156,False,False,12
component-43974ed74066b207,201,shift-east-60-201,150.0209212,2.4203235,1.4,150.03760274805137,2.4203235,,True,59.75465443415813,False,False,10
component-7931aa2a1bed8554,2013,shift-east-60-2013,150.5956886,1.7875401,1.02,150.61236338115688,1.7875401,,True,48.31717816960488,False,False,16
component-da6e2f539726fabd,2016,shift-east-60-2016,149.5825222,2.4846089,0.93,149.59920454969674,2.4846089,,True,29.661749940477346,False,False,13
component-c17edaae86e4016a,202,shift-east-60-202,150.1321903,2.5232427,1.48,150.1488731416047,2.5232427,within_20_arcsec_of_cataloged_xray_source,False,15.351216252846768,False,False,0
component-73a2af8864fc500f,2020,shift-east-60-2020,150.6429583,1.8366768,1.04,150.6596335335915,1.8366768,within_20_arcsec_of_cataloged_xray_source,False,9.933191750105157,False,False,0
component-6ae9e4d22c4670b9,2028,shift-east-60-2028,150.5470301,1.6186942,1.04,150.56370342012687,1.6186942,,True,27.629512987778188,False,False,13
component-4621c1d55fa4e86c,203,shift-east-60-203,150.3177466,2.2339068,1.39,150.33442594256513,2.2339068,,True,39.50040731243536,False,False,12
component-97b3e84b5db5f23c,2036,shift-east-60-2036,150.739375,1.9016243,1.12,150.75605085046422,1.9016243,within_20_arcsec_of_cataloged_xray_source,False,15.464636600030639,False,False,0
component-fc56dbc6d4652b31,204,shift-east-60-204,150.5057042,2.6746519,1.3,150.522389042843,2.6746519,within_20_arcsec_of_cataloged_xray_source,False,15.54588063838953,False,False,0
component-df34d853f2f2f1f1,2040,shift-east-60-2040,150.1395382,1.6366991,1.08,150.1562116690149,1.6366991,,True,59.97090088093358,True,True,19
component-396d4f132e76b12d,2046,shift-east-60-2046,150.7621301,1.8692495,1.1,150.77880564028365,1.8692495,,True,29.650026758363154,False,False,10
component-99fc593371e0a9ee,205,shift-east-60-205,150.2612497,2.0548674,1.45,150.27792709108894,2.0548674,,True,37.577693731999695,True,True,10
component-7850e83feab6c3cc,2050,shift-east-60-2050,150.0641291,1.5294941,1.13,150.08080170682567,1.5294941,,True,27.375101389907798,False,False,5
component-e22e9c22f92b8273,2058,shift-east-60-2058,150.4626552,2.0090586,1.01,150.47933211802098,2.0090586,,True,37.17539351264884,False,True,12
component-97b947fde5e120c7,206,shift-east-60-206,150.274331,1.9884306,1.56,150.29100770848504,1.9884306,,True,29.359964275421216,False,False,12
component-e0ccc43c9b15159c,2063,shift-east-60-2063,150.5277402,1.9869084,0.3,150.54441689310866,1.9869084,,True,47.578584286744444,False,False,11
component-968076be2e38cf89,207,shift-east-60-207,150.6274688,2.7409682,1.05,150.64415455622148,2.7409682,,True,47.33977763167589,True,True,15
component-0e5d294063003f2a,2071,shift-east-60-2071,150.6216351,1.7579256,1.09,150.638309614411,1.7579256,,True,39.11190895886937,False,False,13
component-0e5d294063003f2a,2072,shift-east-60-2072,150.6254599,1.7656018,1.14,150.64213448312415,1.7656018,,True,34.17407623618362,True,True,17
component-dd32f57818ca3be0,2076,shift-east-60-2076,149.6554262,2.6010451,0.99,149.67211005533903,2.6010451,,True,49.750494036314585,True,True,16
component-d58cabc8303548b6,2078,shift-east-60-2078,150.4223227,2.1753014,1.06,150.43900138580346,2.1753014,,True,34.93735886742432,False,True,13
component-4e49800fbc3cefb7,2080,shift-east-60-2080,150.6610886,1.6605054,1.21,150.6777622684084,1.6605054,,True,59.72207078453548,False,False,10
component-4e7a0668e1de434a,2083,shift-east-60-2083,150.730241,1.8981932,1.17,150.74691681733833,1.8981932,,True,29.116458837212374,True,True,7
component-b72653265c6bad29,2096,shift-east-60-2096,150.559077,2.1056284,1.1,150.57575492778204,2.1056284,,True,53.03593819260974,False,False,16
component-1aaf97e300d50bac,2099,shift-east-60-2099,149.6601902,2.4110251,1.09,149.67687163384412,2.4110251,,True,42.068302326521206,False,False,15
component-6f4b6612125fb3a0,21,shift-east-60-21,150.2307713,2.5782289,1.04,150.24745485485226,2.5782289,,True,35.65239955031147,False,False,15
component-d29d53701d3c859e,210,shift-east-60-210,150.4055791,2.7233911,1.45,150.4222646119441,2.7233911,within_20_arcsec_of_cataloged_xray_source,False,15.009727796600819,False,False,0
component-9c93522c01b6a1b5,2105,shift-east-60-2105,150.5809157,1.9269636,1.06,150.59759179696076,1.9269636,,True,40.49505646869375,False,False,6
component-9192a6da484a38c1,211,shift-east-60-211,150.1626633,2.6219294,1.4,150.17934743271158,2.6219294,within_20_arcsec_of_cataloged_xray_source,False,2.6683902942329434,False,False,0
component-396d4f132e76b12d,2118,shift-east-60-2118,150.7712252,1.8660197,1.25,150.78790070963188,1.8660197,,True,59.999999999823316,False,False,19
component-20756d2b18a439fe,2119,shift-east-60-2119,149.9781818,1.5350194,1.26,149.9948544498337,1.5350194,,True,30.064493360381622,False,False,15
component-802b906a18591ead,214,shift-east-60-214,150.1777108,1.889744,1.49,150.1943865360202,1.889744,,True,56.567629470262766,False,False,12
component-7e8250dfc4ecb839,2152,shift-east-60-2152,150.6248422,1.8030414,1.14,150.6415171225609,1.8030414,within_20_arcsec_of_cataloged_xray_source,False,16.635088570134542,False,False,0
component-9e3b6232cb7bd60e,2154,shift-east-60-2154,149.646066,2.3880424,1.14,149.66274715345162,2.3880424,,True,29.635316018139537,False,False,18
component-0f4121d0ef1df4c8,216,shift-east-60-216,150.24326,1.8686506,1.31,150.25993553459588,1.8686506,,True,26.766967523441473,False,False,16
component-4ac1f1038be3e5c5,217,shift-east-60-217,149.8857561,2.1770548,1.6,149.90243480519896,2.1770548,,True,28.149546572478673,False,False,9
component-8e4e975f902448d8,2184,shift-east-60-2184,150.1752502,1.5352044,1.11,150.19192285127642,1.5352044,,True,33.619276666223065,False,False,11
component-ec3f1e361fe23b5e,2186,shift-east-60-2186,150.3360199,1.6012201,1.45,150.3526930772051,1.6012201,,True,36.28281071884574,False,False,17
component-33cc6da30d940c4f,2191,shift-east-60-2191,150.421274,2.2165567,1.2,150.4379531463074,2.2165567,,True,35.39030557898911,False,False,12
component-5bc05e241527d767,2195,shift-east-60-2195,150.4183315,2.08517,1.13,150.43500920989766,2.08517,,True,29.07171114607506,False,False,12
component-f36e2794472c13ef,2199,shift-east-60-2199,150.0572458,1.5096227,1.54,150.07391825343322,1.5096227,,True,29.41467148458957,False,False,13
component-785f3ec7eb32f30b,22,shift-east-60-22,150.1945787,2.0678725,1.05,150.21125622734056,2.0678725,,True,34.776798104588885,True,True,21
component-36790ecd55c2030d,220,shift-east-60-220,150.3386475,2.7761389,1.41,150.35533374974204,2.7761389,,True,24.53874127712325,False,False,17
component-2f8375d2a98f83f0,2200,shift-east-60-2200,149.602121,2.3928178,1.24,149.61880221149056,2.3928178,,True,33.13175676259005,False,False,21
component-64a59348ff335a7e,2204,shift-east-60-2204,149.6528827,2.3471534,1.23,149.6695633612578,2.3471534,,True,33.335132042555614,True,True,13
component-153ebeeacf6b8a97,2206,shift-east-60-2206,149.7655212,2.5278857,1.1,149.78220410123458,2.5278857,,True,59.49902726399334,False,False,10
component-c838df5335c1eba2,2207,shift-east-60-2207,150.3205988,1.6345334,1.15,150.33727225101882,1.6345334,,True,26.06340863184701,False,False,18
component-6a175db84aeefddb,2208,shift-east-60-2208,150.4746579,2.0939209,1.08,150.49133570283485,2.0939209,within_20_arcsec_of_cataloged_xray_source,False,8.44521410620334,False,False,0
component-9e4067ac93c6febd,2209,shift-east-60-2209,150.3201035,1.6816473,1.11,150.3367773479031,1.6816473,,True,42.86753653568381,False,False,8
component-67e9c3acebb154a2,221,shift-east-60-221,150.5550116,2.6409676,1.14,150.57169598750485,2.6409676,,True,59.99999999952077,True,True,13
component-ac1964eb089654e0,2211,shift-east-60-2211,150.159793,1.6188484,1.19,150.176466321395,1.6188484,within_20_arcsec_of_cataloged_xray_source,False,14.78820048669968,False,False,0
component-88cf986449b61aeb,2213,shift-east-60-2213,150.4847727,1.8032024,1.18,150.50144762403602,1.8032024,,True,49.64541864588707,False,False,9
component-5b12bb4e8bd8bc9e,2216,shift-east-60-2216,149.6988161,2.4414356,1.22,149.71549790899698,2.4414356,,True,56.452800172898755,False,False,10
component-1dffd68e5364ca23,2217,shift-east-60-2217,149.5754592,2.5758469,1.16,149.59214272363477,2.5758469,,True,49.472303544631515,False,False,13
component-9b871512327c09ce,222,shift-east-60-222,149.9834094,1.7910316,1.3,150.00008421289994,1.7910316,,True,58.93179256080892,False,False,10
component-cf2661b79280502b,2226,shift-east-60-2226,150.6066231,1.9352445,1.52,150.62329927822472,1.9352445,,True,32.22881210861015,False,True,13
component-56f4da26ed956730,223,shift-east-60-223,150.2118511,2.1865278,1.69,150.22852991025695,2.1865278,,True,56.21907495476582,False,False,12
component-9b21b03d9048a5e6,2234,shift-east-60-2234,149.6108937,2.4715908,1.21,149.6275758856577,2.4715908,,True,21.524956931087946,False,False,11
component-740c59b88403e9ba,2236,shift-east-60-2236,150.7113127,1.5884844,1.62,150.72798577401755,1.5884844,,True,31.949158830212287,False,False,8
component-8698df0ec492e502,2244,shift-east-60-2244,150.373555,2.1119733,1.2,150.39023299578915,2.1119733,,True,37.547977378302065,False,False,16
component-f6903a126cfb9fc6,2246,shift-east-60-2246,150.5957877,2.1110234,1.26,150.61246568559469,2.1110234,within_20_arcsec_of_cataloged_xray_source,False,13.42876645362445,False,False,0
component-c96d630ec3a16ba4,2248,shift-east-60-2248,150.2316002,1.6652006,1.37,150.2482739080742,1.6652006,within_20_arcsec_of_cataloged_xray_source,False,12.619383515481129,False,False,0
component-82c7725c70dc3411,2249,shift-east-60-2249,150.2592176,1.7570955,1.24,150.27589210699838,1.7570955,,True,49.56087757658131,False,False,13
component-2206b111c94d5ad8,2261,shift-east-60-2261,150.6828083,2.0839321,1.29,150.6994859967823,2.0839321,,True,52.750046873760844,False,False,11
component-10fc5d072454fbc1,2265,shift-east-60-2265,150.0518028,1.6825051,1.32,150.06847665523384,1.6825051,,True,47.12295665530414,False,True,11
component-dfe62e836a0a6f26,227,shift-east-60-227,150.0646444,2.1906234,1.588,150.0813232558198,2.1906234,,True,24.772438776638605,False,True,19
component-131127203c89e821,2276,shift-east-60-2276,150.5353252,1.7649574,1.35,150.5519997773443,1.7649574,,True,58.71906658244116,False,False,10
component-9d693eeee1d1899c,228,shift-east-60-228,150.2524242,2.48627,1.58,150.26910657069018,2.48627,within_20_arcsec_of_cataloged_xray_source,False,18.39834095955021,False,False,0
component-27bb55ca7d1e8404,2280,shift-east-60-2280,149.6317835,2.3713914,1.4,149.6484644519894,2.3713914,,True,27.2272678710657,False,False,4
component-8b4b1582ca4555a5,2282,shift-east-60-2282,150.5744753,1.9766366,1.41,150.5911518896571,1.9766366,,True,58.498592168896884,True,True,8
component-b830921ffa705bdb,2289,shift-east-60-2289,150.4915614,1.7728388,1.42,150.5082360481804,1.7728388,,True,37.79482343310883,False,False,13
component-08490295488a1189,229,shift-east-60-229,149.691079,2.3355882,1.32,149.7077595235903,2.3355882,,True,47.03992832616215,False,False,15
component-808c9cfebd38d4d9,2290,shift-east-60-2290,150.6288429,1.9225317,1.52,150.64551895361208,1.9225317,,True,59.76560797194522,False,False,7
component-5b0c8f908a1227ce,2291,shift-east-60-2291,150.5319486,2.1887228,1.2,150.54862743466532,2.1887228,,True,38.92850257342618,False,False,17
component-84b564f96061f242,2299,shift-east-60-2299,150.3760326,1.7177511,1.35,150.39270675968226,1.7177511,,True,36.402545361723526,False,False,9
component-4d6be77ea7745432,23,shift-east-60-23,149.7898388,2.321191,0.98,149.80651915316463,2.321191,,True,27.15933940408212,True,True,11
component-a0eaec5a55dc2f5b,230,shift-east-60-230,149.9606918,2.2185881,1.66,149.97737096920653,2.2185881,,True,58.89141847970398,False,False,17
component-edbf8a7109ded44c,2318,shift-east-60-2318,150.7576442,1.7856554,1.48,150.7743189640479,1.7856554,,True,42.928003146577936,False,True,14
component-c0509a487a18b003,233,shift-east-60-233,150.1799648,2.621361,1.396,150.19664892513296,2.621361,within_20_arcsec_of_cataloged_xray_source,False,10.797445288932142,False,False,0
component-124640bf2792a0cd,2333,shift-east-60-2333,149.9916487,1.7238417,1.52,150.00832291293227,1.7238417,,True,32.57210479905384,False,False,16
component-44d39c6e5e7b45bf,2334,shift-east-60-2334,150.7426521,1.9860839,1.64,150.7593287847849,1.9860839,,True,59.99999999971187,False,True,12
component-114bd151f8fb0c58,234,shift-east-60-234,150.5051303,2.5308583,1.59,150.52181323946934,2.5308583,within_20_arcsec_of_cataloged_xray_source,False,15.554246842676568,False,False,0
component-93a2b2c622983580,2342,shift-east-60-2342,150.0338144,1.5516781,1.45,150.0504871804422,1.5516781,,True,59.26166976646065,False,False,10
component-0a2d643bfd24a028,235,shift-east-60-235,149.8584383,2.4091801,1.255,149.87511971123539,2.4091801,,True,32.4330738636173,False,False,13
component-e38ce65f50a80a11,2352,shift-east-60-2352,149.7507276,2.46983,1.17,149.76740976353653,2.46983,,True,20.180365354289172,False,False,9
component-a3d501a5be543bd4,2353,shift-east-60-2353,149.6885276,2.4119911,1.45,149.70520904568843,2.4119911,,True,27.950484443055494,True,True,14
component-ea2c89be738f88dc,2359,shift-east-60-2359,149.5018051,2.414628,1.38,149.51848657804427,2.414628,,True,59.99999999958025,False,False,15
component-9a049b03f6fc40bf,236,shift-east-60-236,150.4157138,2.5255544,1.59,150.43239667128003,2.5255544,,True,59.11183285142501,False,False,16
component-f5ea2dd1e63e7252,2361,shift-east-60-2361,150.430809,1.9353222,1.29,150.44748517898887,1.9353222,,True,58.98639266588164,False,True,10
component-cfa8624c2d1e3c8c,2365,shift-east-60-2365,150.5193266,1.9266829,1.56,150.53600269421224,1.9266829,,True,59.99999999974213,False,True,20
component-f0bc318fb8965cad,237,shift-east-60-237,150.1825281,2.2474814,1.69,150.19920759718553,2.2474814,within_20_arcsec_of_cataloged_xray_source,False,15.039246335494365,False,False,0
component-8ae4c23b80d1e7c8,238,shift-east-60-238,150.4424943,2.7639546,1.72,150.459180378055,2.7639546,,True,44.720038038698355,False,False,18
component-21694999947ce99b,2387,shift-east-60-2387,150.5103577,2.0293686,1.42,150.52703482644378,2.0293686,,True,32.27592904338453,False,False,11
component-79bf08685d3138f9,239,shift-east-60-239,150.3972083,2.9019412,1.9,150.4138963667341,2.9019412,,True,25.86947702051128,False,False,9
component-22492061879a16b9,2390,shift-east-60-2390,149.6475331,2.5104191,1.46,149.66421577748298,2.5104191,,True,58.664945390797286,False,False,5
component-2120ea176dd154dd,2391,shift-east-60-2391,150.3076714,1.6668669,1.33,150.32434512217833,1.6668669,,True,42.22634302025747,True,True,17
component-456d12e33d0edb0e,2394,shift-east-60-2394,150.3647008,2.143705,1.46,150.38137913897938,2.143705,,True,30.74926583113946,False,False,14
component-8b49203c3d36d3f6,2396,shift-east-60-2396,149.4778436,2.64241,1.88,149.49452800688428,2.64241,,True,22.54800076709699,False,False,8
component-c2356069e9d1e79c,24,shift-east-60-24,150.1025671,2.530383,1.08,150.1192500333528,2.530383,within_20_arcsec_of_cataloged_xray_source,False,18.937318247634824,False,False,0
component-6a7bb4510c2dff3f,240,shift-east-60-240,150.0030587,2.1569762,1.97,150.01973718403377,2.1569762,,True,30.450701268822023,False,False,16
component-957b4de48fd8d8a8,2407,shift-east-60-2407,149.4812036,2.4002507,1.47,149.49788490205938,2.4002507,,True,53.38011962348684,True,True,11
component-9634da78e7f126b6,2408,shift-east-60-2408,150.6369859,2.0077129,1.68,150.65366280428552,2.0077129,,True,39.47264480619801,False,False,9
component-9634da78e7f126b6,2409,shift-east-60-2409,150.6309604,2.0025164,1.84,150.6476372513317,2.0025164,,True,28.124559050841455,False,False,11
component-d896af65d5b6b013,2410,shift-east-60-2410,149.6284355,2.4596897,1.61,149.6451175364502,2.4596897,,True,57.538221682886146,False,False,11
component-bcf1b6a7a986e20e,2413,shift-east-60-2413,150.1175577,1.5856032,1.82,150.13423075078785,1.5856032,,True,59.136607649850674,False,True,16
component-e1fee01ee26d2646,2414,shift-east-60-2414,149.5885889,2.3433655,1.44,149.60526951609307,2.3433655,within_20_arcsec_of_cataloged_xray_source,False,8.226802313757156,False,False,0
component-884787790b634bcd,2425,shift-east-60-2425,149.6412112,2.4765457,1.58,149.6578934479917,2.4765457,within_20_arcsec_of_cataloged_xray_source,False,16.853718220600474,False,False,0
component-521ea9c60b025d7a,2433,shift-east-60-2433,150.1729227,1.5142461,1.54,150.18959518894314,1.5142461,,True,57.70609050670775,False,False,15
component-6fd9a41894eeed8d,2434,shift-east-60-2434,150.0501111,1.7442051,1.51,150.06678549233965,1.7442051,,True,47.53660427447196,False,True,14
component-1d234b0fe9253354,2435,shift-east-60-2435,149.5730037,2.3273298,1.53,149.58968412570295,2.3273298,,True,48.21251745364639,False,False,11
component-14326baf59373fee,2436,shift-east-60-2436,150.1314017,1.5057084,2.26,150.1480741234545,1.5057084,,True,39.488623476424294,False,False,11
component-014e9fb03ec3e152,2440,shift-east-60-2440,150.6717461,1.7608536,1.69,150.6884206405855,1.7608536,within_20_arcsec_of_cataloged_xray_source,False,13.406111343665417,False,False,0
component-cb815acba4ed6bc9,2447,shift-east-60-2447,149.5190915,2.648156,1.31,149.53577598419022,2.648156,,True,59.56457503583775,False,False,8
component-011af72a910ac4ac,245,shift-east-60-245,150.2541317,2.3305208,1.69,150.27081216348486,2.3305208,,True,32.65780146474616,False,False,17
component-37c20f19f3272b5c,246,shift-east-60-246,150.0512828,2.4940343,1.68,150.06796526900422,2.4940343,,True,51.772545525787464,False,False,8
component-db2e1d85b6f119bb,2461,shift-east-60-2461,150.3488086,2.3686247,1.732,150.36548951865177,2.3686247,,True,59.99999999966755,False,False,13
component-764228040735fc94,2464,shift-east-60-2464,150.5401256,2.1676988,1.34,150.55680420188733,2.1676988,,True,34.814769301908974,False,False,14
component-e1c57f7f848edf6c,247,shift-east-60-247,150.1416533,2.265142,1.68,150.15833299975287,2.265142,,True,49.98380870765908,True,True,12
component-1ab6078431739cd9,2472,shift-east-60-2472,150.5197042,1.5609754,1.67,150.5363770539491,1.5609754,,True,59.999999999884444,False,True,10
component-b359f3a61109f58e,2473,shift-east-60-2473,150.4177502,1.976985,1.43,150.4344267931572,1.976985,within_20_arcsec_of_cataloged_xray_source,False,14.269668224817895,False,False,0
component-263522fa27768a70,2474,shift-east-60-2474,150.077684,1.5945822,1.047,150.09435712332038,1.5945822,,True,55.07542913085537,True,True,15
component-18167da210996cf3,2480,shift-east-60-2480,150.7562136,1.8069437,1.69,150.7728885583507,1.8069437,,True,28.42768895251306,True,True,12
component-530f967e2a24e5ab,2483,shift-east-60-2483,150.5268293,2.0385791,1.54,150.54350652165505,2.0385791,,True,59.265248298830166,False,False,9
component-a2b00e8a452d83bf,2484,shift-east-60-2484,150.307983,1.5096759,1.91,150.32465545384122,1.5096759,,True,59.450498323793845,True,True,18
component-387c447c4e950316,2487,shift-east-60-2487,150.5603701,2.0370108,1.66,150.5770473054126,2.0370108,,True,53.60040564655378,False,False,15
component-15e922d2d8a00b9a,2488,shift-east-60-2488,149.5507842,2.3167393,1.65,149.5674645006819,2.3167393,,True,43.01827557923794,False,False,11
component-9a1cfcffdce419d6,2489,shift-east-60-2489,149.6963612,2.6055575,1.26,149.71304511508148,2.6055575,,True,57.59334373604352,False,False,15
component-9f484139a27415ae,249,shift-east-60-249,150.0959727,2.1450345,1.53,150.1126510534704,2.1450345,,True,44.011762362107106,True,True,16
component-425d61997bf9249a,2504,shift-east-60-2504,150.5825394,1.5637687,1.85,150.59921227611954,1.5637687,,True,59.999999999816346,False,False,13
component-fd98aa9d9cc36596,2509,shift-east-60-2509,149.8807734,1.6885521,1.54,149.89744730701753,1.6885521,,True,35.12168301520127,False,False,10
component-00e2c609b4339c40,2518,shift-east-60-2518,150.489739,1.7461448,1.69,150.506413409539,1.7461448,within_20_arcsec_of_cataloged_xray_source,False,17.96792891324859,False,False,0
component-0322afb553ec2b3f,2519,shift-east-60-2519,150.0700374,1.5825568,1.95,150.08671042627216,1.5825568,,True,44.644834796343105,True,True,10
component-9cfa506f35be6fa0,2528,shift-east-60-2528,150.6438452,2.118786,1.49,150.6605232690386,2.118786,,True,31.50838500670074,False,True,17
component-e7866fdc6672f827,253,shift-east-60-253,150.0468777,2.1081241,1.53,150.06355565450747,2.1081241,,True,21.10540974331587,False,False,12
component-0e1a3aec7fd93fa5,2530,shift-east-60-2530,149.6043372,2.5869465,0.639,149.62102086934848,2.5869465,,True,58.78327777306244,False,False,9
component-d41faf2b02624edb,2538,shift-east-60-2538,150.158053,1.7134441,1.75,150.17472712214018,1.7134441,,True,58.844219283849114,False,False,10
component-887846b0aa6af194,2543,shift-east-60-2543,150.3435868,2.1404188,1.54,150.3602651031998,2.1404188,within_20_arcsec_of_cataloged_xray_source,False,19.864377471453004,False,False,0
component-18177338c3669a13,2544,shift-east-60-2544,150.2311396,1.5711722,1.52,150.24781253507322,1.5711722,,True,59.951532945134225,False,False,14
component-1ea65ea38f2f574b,2546,shift-east-60-2546,149.7300514,2.4537663,1.43,149.74673336245607,2.4537663,,True,59.01271544814671,False,False,6
component-c2d735ed61274b73,2547,shift-east-60-2547,150.2803802,1.743175,1.88,150.29705458321348,1.743175,,True,51.96080960387507,False,False,9
component-c344fdf40e328b78,2554,shift-east-60-2554,149.6350337,2.5989838,1.34,149.6517175280828,2.5989838,within_20_arcsec_of_cataloged_xray_source,False,12.51114509696961,False,False,0
component-0844b610d6b7b1ee,2557,shift-east-60-2557,150.4221714,2.0143212,1.31,150.43884837182455,2.0143212,,True,25.84751410048254,False,False,11
component-51e8ea280b44e169,256,shift-east-60-256,150.1950252,1.7937104,1.46,150.21170003729634,1.7937104,,True,55.669201080799596,False,False,16
component-9028dce6614eb1f7,2568,shift-east-60-2568,150.7227076,1.8880982,1.95,150.73938332022271,1.8880982,,True,22.587488624203218,True,True,17
component-4c970004b0678d43,257,shift-east-60-257,149.932296,2.3352953,1.51,149.9489765201126,2.3352953,,True,59.993112405682815,False,False,15
component-72d2a66b314bb6dc,2570,shift-east-60-2570,150.6518419,2.0381819,1.62,150.66851911754017,2.0381819,,True,30.583009972534526,False,False,12
component-4235d033441def62,2579,shift-east-60-2579,150.604696,1.753771,1.54,150.62137047734637,1.753771,within_20_arcsec_of_cataloged_xray_source,False,14.39139235327944,False,False,0
component-8fc750f6d3872708,2582,shift-east-60-2582,149.6203218,2.4674221,1.67,149.63700393331132,2.4674221,,True,31.416763847281242,False,False,10
component-d3911d52eb835203,2588,shift-east-60-2588,150.7441538,2.0245388,2.14,150.76083087668962,2.0245388,,True,25.331360147235035,False,False,7
component-8f87edbf7e3fbfba,2594,shift-east-60-2594,149.688226,2.4780705,1.73,149.70490826719933,2.4780705,,True,43.80995370714122,False,False,7
component-4a81bf42d193fd4a,2595,shift-east-60-2595,150.8019729,2.000711,1.94,150.81864973296638,2.000711,,True,54.510183815578436,False,False,11
component-d82d37806d0ad0c5,2597,shift-east-60-2597,150.2437568,1.7819149,1.51,150.2604315301458,1.7819149,,True,20.561743146027997,False,False,11
component-893cb5b1a02d4dca,2598,shift-east-60-2598,150.6307943,1.7159876,1.93,150.64746844429925,1.7159876,,True,38.772930531624596,True,True,18
component-a24e43b7765e445a,2602,shift-east-60-2602,150.2675669,1.700686,1.86,150.28424091148776,1.700686,,True,24.412004468359008,False,False,10
component-79419411f2e6dad2,261,shift-east-60-261,150.5323364,2.3761318,0.479,150.54901740920005,2.3761318,,True,34.570699377471136,False,False,20
component-9d45a4710a9abc4e,2610,shift-east-60-2610,150.5503309,1.7091379,1.34,150.56700498469945,1.7091379,,True,59.23131915780774,False,False,8
component-c3cef2b615f9980e,2613,shift-east-60-2613,150.5061265,2.0584175,1.46,150.52280392819708,2.0584175,,True,46.812479505617695,False,False,8
component-a80043e41f8701eb,2614,shift-east-60-2614,150.5693955,1.6238449,1.72,150.5860688625512,1.6238449,,True,58.21847351603106,True,True,16
component-bf6ef58a28db4a93,262,shift-east-60-262,149.8823313,2.5052378,1.249,149.8990139114085,2.5052378,,True,22.95140142941379,False,False,14
component-e72b940daec83214,2622,shift-east-60-2622,150.3238998,2.1003209,1.125,150.34057767105173,2.1003209,,True,42.93076333736478,False,False,9
component-4be84111a613654b,263,shift-east-60-263,150.5189061,2.3207266,1.24,150.53558644768495,2.3207266,,True,37.61906455975349,False,False,13
component-4dc4e583a1ec69c4,2637,shift-east-60-2637,150.612179,1.9939283,1.62,150.62885576411801,1.9939283,,True,31.83091588485493,False,True,14
component-25e4150d8ad59bee,2642,shift-east-60-2642,150.5892709,2.0966729,1.72,150.60594873214254,2.0966729,within_20_arcsec_of_cataloged_xray_source,False,19.450061866245665,False,False,0
component-c63bd0d975c69098,2645,shift-east-60-2645,150.3016662,2.2821439,1.632,150.3183460962668,2.2821439,within_20_arcsec_of_cataloged_xray_source,False,14.022429237985653,False,False,0
component-a0869c71d5d3edb2,2646,shift-east-60-2646,150.6205134,1.5957113,1.8,150.63718653247028,1.5957113,,True,57.598174351237084,False,True,9
component-00150bc11aeeaa3c,2650,shift-east-60-2650,149.5977854,2.6852467,1.12,149.61447038725888,2.6852467,,True,23.344701175940813,False,False,7
component-396019fec61a590d,2651,shift-east-60-2651,150.7336996,2.1563019,1.36,150.75037807664202,2.1563019,,True,56.23953133090665,False,False,11
component-862952ddccaf02d8,2653,shift-east-60-2653,149.6215689,2.2622126,2.13,149.63824856604265,2.2622126,,True,37.49681701584434,False,False,12
component-ea5b27556fbb134d,266,shift-east-60-266,150.2521018,2.5258517,1.59,150.26878467509846,2.5258517,,True,26.417711799866993,False,False,16
component-e6323c6f35f6487e,2668,shift-east-60-2668,150.2475256,1.5425366,1.65,150.26419830859572,1.5425366,,True,59.10336427760796,True,True,13
component-8b496bf96bbcc9e5,268,shift-east-60-268,149.7916026,2.338361,1.48,149.80828315653446,2.338361,,True,30.574981510195126,False,False,14
component-85c7fe9319004e48,2684,shift-east-60-2684,150.5147378,2.1343861,1.81,150.53141603765997,2.1343861,,True,59.99999999971167,False,True,16
component-3581b125128cab6e,2686,shift-east-60-2686,150.0996892,1.6677951,2.15,150.11636293004108,1.6677951,within_20_arcsec_of_cataloged_xray_source,False,11.320993308858121,False,False,0
component-f747870ae666c39b,269,shift-east-60-269,149.9928266,1.8577356,1.46,150.00950203125603,1.8577356,within_20_arcsec_of_cataloged_xray_source,False,18.234792687921914,False,False,0
component-9cfa506f35be6fa0,2694,shift-east-60-2694,150.6518382,2.1206502,1.6,150.6685162891235,2.1206502,,True,59.26600459809017,False,False,8
component-d8d1790737d57ac4,270,shift-east-60-270,150.1058914,2.0145476,1.9,150.12256837414236,2.0145476,,True,41.23410702541471,False,False,19
component-3635a91e3da857f7,271,shift-east-60-271,150.3086947,1.9122593,1.37,150.32537065352167,1.9122593,,True,23.308592673659827,False,False,14
component-9ca7b8be590113b8,2711,shift-east-60-2711,150.6117371,1.717327,2.09,150.6284112559814,1.717327,within_20_arcsec_of_cataloged_xray_source,False,9.837815872392396,False,False,0
component-1c6c0bb2c7ecdc3b,272,shift-east-60-272,149.9019294,2.3273665,1.72,149.91860982613719,2.3273665,within_20_arcsec_of_cataloged_xray_source,False,3.9792188709155076,False,False,0
component-fa014137b3ea9af6,2725,shift-east-60-2725,149.9320762,1.8302815,1.85,149.94875137401007,1.8302815,,True,59.99999999982803,False,False,5
component-303c8bd55875dda2,273,shift-east-60-273,150.3829536,2.7233647,1.43,150.39963911157838,2.7233647,,True,21.020012031023363,True,True,15
component-b549a5b406eaace4,2732,shift-east-60-2732,149.9455906,1.5802211,1.73,149.96226360750777,1.5802211,,True,32.513094765436676,False,False,8
component-01b1ae255c781cfe,2736,shift-east-60-2736,150.4254266,1.8890618,0.974,150.44210232947032,1.8890618,within_20_arcsec_of_cataloged_xray_source,False,8.27579299755948,False,False,0
component-718127812c05853f,274,shift-east-60-274,150.0221494,2.5161763,1.67,150.03883215106222,2.5161763,,True,59.47401891515435,False,False,13
component-a3b4f619337e9bf6,2749,shift-east-60-2749,149.3685099,2.5282554,3.43,149.38519280598737,2.5282554,,True,58.18273449154066,False,False,9
component-20bf401e0f051eef,275,shift-east-60-275,150.1587381,2.8251859,1.28,150.17542504852432,2.8251859,,True,58.98130410240345,True,True,12
component-de50a7572962ea01,2750,shift-east-60-2750,149.7855618,2.5547984,1.31,149.8022450490399,2.5547984,,True,27.36208743424432,False,False,12
component-8e6dbcb8a3461e58,2753,shift-east-60-2753,149.6197887,2.6349626,1.28,149.63647300693862,2.6349626,,True,22.953103290680254,False,False,15
component-0660d412d2b752a2,2754,shift-east-60-2754,150.4209765,2.1125562,1.77,150.43765450204717,2.1125562,,True,27.271055518294308,False,False,10
component-27d719c754aacd49,277,shift-east-60-277,150.3220939,2.882031,1.81,150.3387816737812,2.882031,,True,59.99999999944851,True,True,22
component-4e016e8932eedbdd,2770,shift-east-60-2770,149.969397,1.8912258,1.78,149.98607275025526,1.8912258,,True,24.448458781316546,False,False,14
component-ee62de25ccc2b55d,278,shift-east-60-278,150.0925038,2.1015301,1.895,150.1091816839639,2.1015301,,True,29.067883581097227,True,True,18
component-efd96aedf377e20a,279,shift-east-60-279,150.1522485,2.0683164,1.89,150.16892603200642,2.0683164,,True,51.09677917245158,False,False,16
component-48be9979594810ed,2792,shift-east-60-2792,149.6786348,2.3490482,1.61,149.69531548387775,2.3490482,,True,50.584755679619356,False,False,17
component-60d6e8f7ae7a64bf,2799,shift-east-60-2799,149.4085887,2.3252967,2.35,149.42526910165782,2.3252967,,True,37.14008439074614,False,False,11
component-59e19706d51d39f6,28,shift-east-60-28,150.305619,2.6020492,1.07,150.32230286862395,2.6020492,within_20_arcsec_of_cataloged_xray_source,False,15.85033424403254,False,False,0
component-e8b3ff5779985d1c,280,shift-east-60-280,150.4722099,2.3249136,1.58,150.4888902971293,2.3249136,,True,59.999999999613905,True,True,17
component-71a1c003a2b855d8,281,shift-east-60-281,150.1472006,2.7175813,1.3,150.16388603154937,2.7175813,,True,59.99999999954262,False,False,11
component-67be10d98e9ab6d7,2810,shift-east-60-2810,150.4060391,2.0756695,1.54,150.42271670944112,2.0756695,,True,27.792016765631807,False,True,11
component-45553cb1d7ff20a1,2812,shift-east-60-2812,150.4205628,1.9454513,1.4,150.43723907886869,1.9454513,,True,42.84256880949847,False,False,6
component-35d5aa731b1e6a3a,2814,shift-east-60-2814,150.3838225,2.0667613,1.045,150.4005000156651,2.0667613,,True,21.599623124127096,False,False,12
component-27e1615212f3c6ea,282,shift-east-60-282,149.8719787,2.3429309,1.59,149.88865931091584,2.3429309,,True,23.26738161420923,True,True,19
component-e0850a775c17a870,283,shift-east-60-283,150.4911563,2.7002493,1.32,150.50784149273693,2.7002493,within_20_arcsec_of_cataloged_xray_source,False,6.060677525584725,False,False,0
component-1e68ed4e3d58a510,284,shift-east-60-284,149.9286994,2.2980476,1.38,149.945379481421,2.2980476,,True,32.168948181435034,False,False,15
component-a0d177b4967a6d99,285,shift-east-60-285,149.822902,2.0894689,1.45,149.83957975550453,2.0894689,,True,34.01857269785159,False,False,7
component-d7cdaa5ca0582076,287,shift-east-60-287,150.3892836,2.7138407,1.78,150.405968979879,2.7138407,,True,22.14607743653753,True,True,14
component-23c657f2efda7731,288,shift-east-60-288,149.7605182,2.419744,1.26,149.7771997409208,2.419744,,True,53.11352809681603,False,True,13
component-35135aaa6cc23891,29,shift-east-60-29,149.9780624,2.2852607,0.271,149.99474233245166,2.2852607,,True,46.180270901001336,False,False,12
component-d6c45855507eed7d,2906,shift-east-60-2906,150.1919267,1.577892,2.28,150.208599688824,1.577892,,True,36.215630894057675,False,False,13
component-6db6eb4af1e18ab8,292,shift-east-60-292,150.537694,2.4134623,1.24,150.55437546373628,2.4134623,,True,50.37986410681796,True,True,13
component-5d072f5b8512844d,2922,shift-east-60-2922,150.4289868,1.8257348,1.79,150.44566193177758,1.8257348,,True,58.2438923930257,True,True,14
component-7cb676d57114874e,293,shift-east-60-293,149.8622284,1.8949216,1.12,149.87890418580815,1.8949216,,True,36.394060235782206,False,False,9
component-0ce0dc4356dd9a75,294,shift-east-60-294,149.9063062,1.9172077,1.21,149.92298220166995,1.9172077,,True,45.220045621595986,True,True,13
component-9cfd3c755be26b4e,295,shift-east-60-295,150.447134,2.7909167,1.76,150.46382045899105,2.7909167,,True,42.4926994223899,True,True,17
component-a0f8b2c4cb1ac82a,296,shift-east-60-296,149.9980234,2.4161626,1.88,150.01470489689075,2.4161626,,True,26.91267096377491,False,True,10
component-47a427797f196bee,2974,shift-east-60-2974,150.4509856,1.7558834,2.27,150.46766009618085,1.7558834,,True,47.87969920970226,True,True,12
component-eedaf2856c6f433b,2979,shift-east-60-2979,150.4578635,2.0625933,1.83,150.47454097192767,2.0625933,,True,36.40284984812894,False,False,18
component-76ebdb6d45c61ca1,298,shift-east-60-298,150.0688652,2.2310034,1.51,150.08554450961608,2.2310034,,True,37.17970922280997,False,False,10
component-4e07408562bedb8b,3,shift-east-60-3,149.7615427,2.3184922,0.9,149.7782230213354,2.3184922,,True,42.721283962233684,False,False,15
component-624b60c58c9d8bfb,30,shift-east-60-30,149.9559829,2.0279611,1.11,149.97266001193216,2.0279611,,True,28.70249245503812,False,False,8
component-983bd614bb5afece,300,shift-east-60-300,150.209291,2.4384386,2.03,150.22597277181563,2.4384386,,True,59.99999999960208,False,False,14
component-445f8f3c6482af5b,30012,shift-east-60-30012,150.4395948,2.2437892,1.96,150.45627425503685,2.2437892,,True,24.549743740188653,False,True,10
component-c6139a5504719a5a,30182,shift-east-60-30182,150.1256305,2.6982655,1.53,150.14231566550055,2.6982655,,True,31.860704310888643,False,False,17
component-f32828acecb4282c,302,shift-east-60-302,150.057095,2.2063099,2.01,150.07377403112002,2.2063099,,True,28.996554195410486,False,False,17
component-c2239f10289b807e,30292,shift-east-60-30292,150.3774529,2.4234545,2.451,150.394134486607,2.4234545,,True,55.11302223341537,False,True,10
component-b4746c6ec07845e7,30361,shift-east-60-30361,150.4371453,2.7208718,2.05,150.4538307770614,2.7208718,within_20_arcsec_of_cataloged_xray_source,False,18.782905871083486,False,False,0
component-7e73e73bfb95ea3f,30370,shift-east-60-30370,150.3572764,2.2635987,2.05,150.3739560819878,2.2635987,,True,59.807096193011866,False,False,11
component-d874e4e4a5df2117,304,shift-east-60-304,149.8809172,2.3175838,2.02,149.89759751063025,2.3175838,,True,22.93537461242735,False,False,8
component-3ee779fadffeab60,30587,shift-east-60-30587,150.3830064,1.7993404,1.8,150.39968128868898,1.7993404,,True,39.81348788078689,False,False,8
component-dc22707f7ecc975d,30687,shift-east-60-30687,150.3580161,2.0250509,1.721,150.37469318195937,2.0250509,,True,59.999999999740766,False,False,8
component-48a1706eca5ee614,308,shift-east-60-308,150.4219183,2.3856322,1.42,150.43859942420283,2.3856322,,True,29.025513073791497,False,False,12
component-6ca65d086b0a520f,309,shift-east-60-309,150.1088661,2.1566602,1.8,150.12554458056945,2.1566602,,True,22.479156877709876,False,False,14
component-e8369163c8001bc2,30904,shift-east-60-30904,149.864293,2.0582091,2.2,149.88097042601697,2.0582091,,True,53.6070245355411,True,True,18
component-91f2bdd17f5ad472,30918,shift-east-60-30918,149.9235903,2.0271118,2.03,149.9402674031806,2.0271118,,True,56.07240804716733,False,False,11
component-31402d140687212f,30933,shift-east-60-30933,149.9450267,2.0783521,2.07,149.96170433775987,2.0783521,,True,59.99999999975454,True,True,18
component-fe9dcde81be9da71,30934,shift-east-60-30934,149.5117778,2.1844178,2.25,149.52845658681696,2.1844178,,True,38.71440242853303,False,True,12
component-e1572cbfa6acbb69,30942,shift-east-60-30942,150.0413799,1.8484781,1.97,150.0580552440842,1.8484781,,True,36.307400779169974,False,False,8
component-eb1e33e8a81b697b,31,shift-east-60-31,149.9455966,2.3692209,1.04,149.9622775258324,2.3692209,,True,47.43858763635242,False,False,15
component-226f76b55acb4970,310,shift-east-60-310,149.6128973,2.2716394,1.21,149.62957707467814,2.2716394,,True,44.514270144338724,True,True,11
component-8efbbe9bc19ad2e0,313,shift-east-60-313,149.8679261,2.3048897,1.7,149.88460626147486,2.3048897,,True,41.408415783895244,True,True,8
component-4901f3d1f8bb6b20,31320,shift-east-60-31320,149.8682751,2.4549289,1.96,149.88495707696495,2.4549289,,True,20.436943782570705,True,True,14
component-0ae1f16981b612fa,31357,shift-east-60-31357,150.395854,2.6352743,1.81,150.41253831111604,2.6352743,within_20_arcsec_of_cataloged_xray_source,False,16.05370366825759,False,False,0
component-55eaa72f053b1044,31390,shift-east-60-31390,150.6341065,1.959963,2.21,150.6507829228743,1.959963,within_20_arcsec_of_cataloged_xray_source,False,10.185574669069197,False,False,0
component-748064be03a08df8,314,shift-east-60-314,150.0461227,2.2007725,1.76,150.06280166909514,2.2007725,,True,27.788198530092505,False,True,21
component-9437eee19b5c5053,31419,shift-east-60-31419,150.2007174,2.3485353,1.71,150.217398077753,2.3485353,,True,29.672177425338727,False,False,8
component-377adeb4cd4096ad,315,shift-east-60-315,150.1125163,1.903975,1.7,150.1291921731939,1.903975,,True,41.25827469110032,False,False,16
component-156091ee0884f36d,319,shift-east-60-319,149.9844555,2.2360329,1.96,150.00113486672026,2.2360329,within_20_arcsec_of_cataloged_xray_source,False,12.222851754256812,False,False,0
component-e29c9c180c6279b0,32,shift-east-60-32,149.8592209,2.2581436,1.14,149.87590051929095,2.2581436,,True,59.99999999962735,False,False,8
component-db2e1d85b6f119bb,320,shift-east-60-320,150.3409043,2.3672201,1.56,150.3575852017418,2.3672201,,True,31.97119211383161,False,False,10
component-f10d91a7596bf5a6,322,shift-east-60-322,150.4069294,2.3656987,1.81,150.42361028343706,2.3656987,,True,34.147440593767,False,False,13
component-a4e987d17584557e,326,shift-east-60-326,150.2568473,2.6463147,2.17,150.27353175939928,2.6463147,within_20_arcsec_of_cataloged_xray_source,False,7.567013320333616,False,False,0
component-ec86bc3a82804492,327,shift-east-60-327,150.1898071,2.0001255,1.81,150.20648392701395,2.0001255,,True,38.57727739019784,True,True,9
component-f8644d31d2613f5a,328,shift-east-60-328,150.0106516,2.2559784,1.79,150.0273311944478,2.2559784,,True,33.974760051975515,True,True,14
component-c6f3ac57944a5314,33,shift-east-60-33,150.309575,2.3990833,1.06,150.32625628781614,2.3990833,,True,36.31855292976501,True,True,12
component-5426d2ca50f244fb,330,shift-east-60-330,149.9632794,2.2413433,1.77,149.97995882715367,2.2413433,,True,25.042538125092978,False,False,10
component-0bba869d7f392cbc,331,shift-east-60-331,149.8765184,2.1666032,1.35,149.89319698981856,2.1666032,,True,29.026209790883616,False,False,15
component-7104741a92e73eb6,332,shift-east-60-332,150.285499,2.3094721,0.856,150.3021792152232,2.3094721,,True,32.06134771996784,False,False,8
component-556d7dc3a1153563,333,shift-east-60-333,150.2053678,2.5026811,1.84,150.22205037885468,2.5026811,within_20_arcsec_of_cataloged_xray_source,False,4.590919666181382,False,False,0
component-058d5d43bf485bf7,334,shift-east-60-334,150.2020994,2.7956861,1.49,150.2187859267623,2.7956861,within_20_arcsec_of_cataloged_xray_source,False,13.782741653231792,False,False,0
component-8ede6b26343305e0,337,shift-east-60-337,149.7921633,2.0858224,1.48,149.8088410168129,2.0858224,,True,51.622586497566154,False,False,11
component-fc95ce176603e9e1,339,shift-east-60-339,150.0341707,2.641145,1.37,150.05085508988776,2.641145,,True,28.964730720872105,False,False,13
component-86e5014965866131,34,shift-east-60-34,149.9937599,2.3014416,1.11,150.0104400211016,2.3014416,,True,24.61857140156823,False,False,14
component-da70dfa4d9f95ac9,345,shift-east-60-345,150.1701342,2.1213683,1.5,150.18681229686504,2.1213683,,True,31.78067463544002,True,True,13
component-6aac0cf87a32e631,346,shift-east-60-346,150.4356764,2.6089277,1.778,150.45236035976941,2.6089277,,True,59.56708112209344,False,False,11
component-fc09e6f4de35657a,348,shift-east-60-348,149.8422877,2.3239684,1.77,149.85896808595962,2.3239684,,True,26.683387887619475,False,True,13
component-04a8708c3a481ced,351,shift-east-60-351,149.8769591,2.1156211,1.57,149.8936371349805,2.1156211,,True,22.84250133285703,False,False,13
component-355d8c0ee4e5698e,355,shift-east-60-355,150.0516453,2.3055476,1.85,150.06832546918497,2.3055476,,True,25.24945883743016,False,True,13
component-03a3d955b8799a90,356,shift-east-60-356,150.0699247,2.1014315,2.04,150.08660258291073,2.1014315,,True,21.233060734335957,False,False,10
component-67e6e9e795b05213,360,shift-east-60-360,150.2243847,2.284156,1.84,150.24106461962086,2.284156,,True,25.082862241693825,False,False,7
component-73daa9289ddd08a5,361,shift-east-60-361,150.1248491,2.4557976,2.22,150.14153108781056,2.4557976,,True,28.752571172449155,False,True,15
component-3963317a2b410e53,362,shift-east-60-362,150.2812224,2.4159601,1.689,150.29790389440313,2.4159601,within_20_arcsec_of_cataloged_xray_source,False,13.578593644803334,False,False,0
component-6a7bb4510c2dff3f,363,shift-east-60-363,150.0093367,2.149591,2.449,150.02601510320272,2.149591,,True,26.25914191741534,False,True,12
component-5d3a5c10d5094ce1,364,shift-east-60-364,149.8568549,2.2728061,1.88,149.87353468815485,2.2728061,,True,44.98231541461969,False,False,12
component-600b4cdf20cc06a7,366,shift-east-60-366,150.5402624,2.5753942,1.77,150.55694591770512,2.5753942,,True,39.974462555997604,False,False,15
component-8e6aee9efac8086e,368,shift-east-60-368,150.0135367,1.8003688,1.67,150.03021159809404,1.8003688,,True,45.432742804016534,False,False,10
component-5f193b350c8aba48,369,shift-east-60-369,149.9700767,2.2789796,1.65,149.9867565595811,2.2789796,,True,38.59239838968747,True,True,10
component-f1607c19a0f910ca,370,shift-east-60-370,150.4537302,2.5279263,1.57,150.4704131017565,2.5279263,within_20_arcsec_of_cataloged_xray_source,False,17.95212985200175,False,False,0
component-01299ac65733b5a3,374,shift-east-60-374,150.1896259,2.1597296,1.65,150.20630441424086,2.1597296,,True,59.87733043721653,True,True,14
component-64c212df34c66e6f,379,shift-east-60-379,149.8174189,2.2360825,1.82,149.83409826728408,2.2360825,,True,46.92231464025435,False,True,9
component-aea92132c4cbeb26,38,shift-east-60-38,150.2451256,1.8997525,1.05,150.2618014323853,1.8997525,,True,59.927592318131985,False,False,18
component-041d92d4c79cca76,381,shift-east-60-381,150.3838329,2.5864778,1.95,150.40051656318275,2.5864778,,True,22.350467482914826,False,False,13
component-b35f9f7c073d0bbd,382,shift-east-60-382,150.224076,2.1058345,1.51,150.24075392998787,2.1058345,,True,56.73570258345175,True,True,10
component-48b361d46638bfa4,383,shift-east-60-383,150.1615328,1.8780776,1.58,150.1782084243359,1.8780776,,True,42.037188025172696,True,True,10
component-25dac95b8f595046,387,shift-east-60-387,150.0704266,2.286021,1.94,150.08710654128595,2.286021,within_20_arcsec_of_cataloged_xray_source,False,16.14788734751168,False,False,0
component-6c22ab415e9f56a0,388,shift-east-60-388,149.9135459,2.2460843,1.805,149.9302253812286,2.2460843,,True,35.94597154970143,True,True,20
component-b98880883fd8d975,389,shift-east-60-389,149.9690793,2.3048705,1.53,149.98575946124987,2.3048705,,True,26.60919021917091,False,True,18
component-0b918943df0962bc,39,shift-east-60-39,150.4976182,2.6596841,1.1,150.51430283979607,2.6596841,,True,33.96269897265445,False,False,11
component-48a1a756f2d83f1d,390,shift-east-60-390,149.9918428,2.5899649,1.45,150.0085265090823,2.5899649,,True,57.15954822885216,True,True,9
component-a934c244755c66ae,391,shift-east-60-391,150.3282369,2.1249461,1.3,150.34491503547497,2.1249461,,True,41.58274453494885,False,False,14
component-6ea2fdb3399f4d2e,392,shift-east-60-392,149.79369,2.1256437,1.76,149.81036814301072,2.1256437,,True,32.029487970644176,False,True,8
component-a3af7b3808c4cf72,395,shift-east-60-395,150.2991988,2.6332482,1.68,150.3158830839711,2.6332482,within_20_arcsec_of_cataloged_xray_source,False,16.956375704365247,False,False,0
component-1d2028ddcd746a7e,397,shift-east-60-397,150.2996236,2.7092934,1.72,150.31630891716154,2.7092934,,True,57.69755778904267,False,False,9
component-188c1fdca79d927f,398,shift-east-60-398,150.0263818,2.5620575,1.48,150.0430651434854,2.5620575,within_20_arcsec_of_cataloged_xray_source,False,9.858504691321844,False,False,0
component-0f78540965a86402,399,shift-east-60-399,149.8502592,2.3985355,1.37,149.86694048113495,2.3985355,,True,44.794869146375106,False,False,11
component-d59eced1ded07f84,40,shift-east-60-40,150.3116578,2.0357479,1.02,150.32833499234223,2.0357479,,True,36.264710867251885,False,False,10
component-26d228663f13a885,400,shift-east-60-400,149.8182715,2.0527178,1.38,149.83494886865103,2.0527178,,True,59.954106383561005,False,False,12
component-6b3c238ebcf1f3c0,404,shift-east-60-404,149.8130809,2.3453933,1.58,149.82976154026227,2.3453933,within_20_arcsec_of_cataloged_xray_source,False,19.958395739525667,False,False,0
component-041d92d4c79cca76,406,shift-east-60-406,150.38767,2.5915004,2.03,150.40435372931324,2.5915004,,True,26.42016770512654,True,True,11
component-3d914f9348c9cc0f,41,shift-east-60-41,150.1056616,2.1262279,1.17,150.1223397493234,2.1262279,,True,24.17070449514191,False,False,16
component-612111a352a571cb,410,shift-east-60-410,149.9108654,2.0680711,1.71,149.92754292942794,2.0680711,,True,22.329610718139858,False,False,7
component-52f14fc33ef45dd8,411,shift-east-60-411,149.6382715,2.1494889,1.37,149.65494990208717,2.1494889,,True,28.7968947865128,False,False,12
component-fabf5b7fedb3e62a,412,shift-east-60-412,149.9585767,2.5529185,1.5,149.97525992462502,2.5529185,,True,59.99999999957555,False,False,14
component-8111eb1556229541,414,shift-east-60-414,150.1392652,2.0947246,1.8,150.15594301138995,2.0947246,within_20_arcsec_of_cataloged_xray_source,False,19.280840096913646,False,False,0
component-67e0bdb7b6c549d4,416,shift-east-60-416,149.935652,2.4407211,1.43,149.95233380012863,2.4407211,,True,59.31722639175272,False,False,11
component-afcf8bc077e68eb9,417,shift-east-60-417,149.669212,2.0739619,1.08,149.685889591434,2.0739619,,True,49.24800738041232,False,False,15
component-4c8d5b6c695d265f,418,shift-east-60-418,150.3332155,2.5789949,1.794,150.34989906489733,2.5789949,,True,58.80179469987637,False,False,17
component-5658b88806a236b6,422,shift-east-60-422,150.1053628,2.2436208,2.25,150.1220422531161,2.2436208,,True,59.99999999965722,True,True,15
component-814bb6b8dc12188a,423,shift-east-60-423,150.5777659,2.6940498,1.72,150.59445100768826,2.6940498,,True,41.128658529116514,True,True,9
component-0dfcddb0440e967f,425,shift-east-60-425,149.9347938,1.9454586,1.67,149.95147007894087,1.9454586,,True,41.35132012680329,False,True,10
component-9be3da431e0a833d,426,shift-east-60-426,150.4863738,2.8867143,1.57,150.50306164250773,2.8867143,,True,23.993996599939905,False,False,18
component-44cb730c420480a0,43,shift-east-60-43,149.8341836,2.3086705,1.15,149.85086380581325,2.3086705,,True,22.859518339641248,False,False,10
component-0a1f1256f9bac68e,431,shift-east-60-431,149.9185803,2.1538341,1.77,149.9352587496095,2.1538341,within_20_arcsec_of_cataloged_xray_source,False,17.02089657600575,False,False,0
component-18d37c950a3e810d,438,shift-east-60-438,150.3668673,2.7886972,2.01,150.38355372749245,2.7886972,,True,58.32952754589165,False,False,15
component-71ee45a3c0db9a98,44,shift-east-60-44,150.2145294,2.2042322,1.12,150.2312084078292,2.2042322,,True,45.23332747422533,True,True,12
component-e3f6959781c353c2,440,shift-east-60-440,150.3090038,2.7686663,1.97,150.32568994435692,2.7686663,within_20_arcsec_of_cataloged_xray_source,False,12.718967797573363,False,False,0
component-5627b4a8f9efbd8f,442,shift-east-60-442,150.3787361,2.7345663,1.93,150.39542176706857,2.7345663,,True,29.132847789232564,False,False,11
component-c498f3fe97c0df55,447,shift-east-60-447,150.3288178,2.3802838,1.93,150.3454988594036,2.3802838,,True,39.38911085203659,False,False,12
component-c921ab4a583649db,448,shift-east-60-448,149.8746788,2.0309394,1.51,149.891355942651,2.0309394,,True,30.194940232522356,False,False,15
component-4a30a219a9d7663f,449,shift-east-60-449,150.2637019,1.9472028,1.81,150.28037819619266,1.9472028,,True,27.011799732842597,False,False,9
component-d18187ee72b050a0,450,shift-east-60-450,150.4829341,2.7157588,1.9,150.49961950636552,2.7157588,,True,37.14441445396716,False,True,14
component-549a2fac47d713cc,452,shift-east-60-452,150.1948234,2.0424764,1.97,150.2115006620725,2.0424764,,True,59.99999999976605,False,True,14
component-6ca65d086b0a520f,456,shift-east-60-456,150.1126519,2.1649014,1.61,150.12933047108424,2.1649014,within_20_arcsec_of_cataloged_xray_source,False,15.411483040682862,False,False,0
component-ad21a2b810af49a8,458,shift-east-60-458,150.2913269,2.2907868,1.76,150.30800689672932,2.2907868,,True,38.578860969533636,False,True,12
component-25fc0e7096fc6537,46,shift-east-60-46,150.4298518,2.2911733,0.232,150.44653180123078,2.2911733,within_20_arcsec_of_cataloged_xray_source,False,13.815832736931435,False,False,0
component-841a05fd378a2c06,460,shift-east-60-460,149.8238214,2.2278566,1.93,149.8405006739534,2.2278566,,True,59.99999999971389,True,True,13
component-06de973bb45531d5,463,shift-east-60-463,149.9985478,2.0768109,1.86,150.01522542148578,2.0768109,,True,38.762600606595484,False,False,11
component-b9e4104fdcc9cdcd,465,shift-east-60-465,149.8488311,2.4231127,1.77,149.86551268239558,2.4231127,,True,28.081117286914953,False,False,9
component-bf6ef58a28db4a93,467,shift-east-60-467,149.8854741,2.5104738,1.3,149.90215677818128,2.5104738,within_20_arcsec_of_cataloged_xray_source,False,10.657797640155856,False,False,0
component-c6bd343ae0007cdb,469,shift-east-60-469,150.0975768,2.0210184,2.6,150.1142538404991,2.0210184,,True,37.42578605042079,False,False,11
component-30eec89ddd9c342e,470,shift-east-60-470,150.0335161,2.4589408,1.794,150.05019812708517,2.4589408,,True,39.75830307952772,False,False,11
component-064c3e311ef63912,471,shift-east-60-471,150.191872,2.8287386,1.55,150.20855899961757,2.8287386,within_20_arcsec_of_cataloged_xray_source,False,5.4818254633823456,False,False,0
component-b6cb293891dd6274,472,shift-east-60-472,150.349886,2.8268949,2.19,150.3665729730943,2.8268949,,True,56.83851957425837,False,True,11
component-6e82b8197ce29396,477,shift-east-60-477,150.3662622,2.3995094,1.53,150.3829434930141,2.3995094,,True,47.42031198356503,False,False,11
component-98010bd9270f9b10,48,shift-east-60-48,149.7715299,2.2581988,1.1,149.78820951992464,2.2581988,,True,27.992962749129354,False,False,10
component-48ce32e8ec774159,483,shift-east-60-483,150.2703911,2.8194485,1.98,150.2870779661479,2.8194485,within_20_arcsec_of_cataloged_xray_source,False,18.943142718281283,False,False,0
component-a42e815c58f3977f,484,shift-east-60-484,149.9886719,1.9323513,1.93,150.00534804979284,1.9323513,,True,52.00237599059709,True,True,9
component-0e17daca5f3e175f,49,shift-east-60-49,150.0728533,2.0031487,1.18,150.08953015776765,2.0031487,within_20_arcsec_of_cataloged_xray_source,False,11.850045559880895,False,False,0
component-084cc9d9aa70199a,491,shift-east-60-491,149.8494398,2.3835632,1.84,149.8661208991183,2.3835632,,True,25.262543196536413,False,False,12
component-f138665c5aa66008,498,shift-east-60-498,150.3164875,2.2466874,1.37,150.33316698811566,2.2466874,within_20_arcsec_of_cataloged_xray_source,False,7.35753122995661,False,False,0
component-ef2d127de37b942b,5,shift-east-60-5,149.8281899,2.1642078,0.93,149.84486846345297,2.1642078,,True,32.51052529035728,False,False,7
component-1a6562590ef19d10,50,shift-east-60-50,149.8919733,2.2850416,1.14,149.90865322990635,2.2850416,,True,57.019204092220754,False,False,14
component-adb019dcde61d092,5001,shift-east-60-5001,150.0700264,2.6947902,1.837,150.0867115178352,2.6947902,,True,31.993568034198162,True,True,22
component-79830ce5b6d9c51e,5005,shift-east-60-5005,149.5540676,2.0658426,1.98,149.570745106017,2.0658426,,True,59.453993009245,False,False,12
component-b722c9caaa55038b,5006,shift-east-60-5006,149.7412679,2.5849184,1.7,149.75795154267698,2.5849184,within_20_arcsec_of_cataloged_xray_source,False,15.82555621921117,False,False,0
component-8fe5f40fd0363af8,5008,shift-east-60-5008,149.9103948,2.5546273,1.47,149.927078046817,2.5546273,within_20_arcsec_of_cataloged_xray_source,False,19.7162226525311,False,False,0
component-fb5fa8f93a7d3f42,5009,shift-east-60-5009,149.8326074,2.1333117,3.11,149.84928562600703,2.1333117,within_20_arcsec_of_cataloged_xray_source,False,5.7159835659072575,False,False,0
component-491a89805507165f,5010,shift-east-60-5010,150.5228108,2.6789496,2.07,150.53949570135512,2.6789496,,True,21.308390694680863,False,False,15
component-9e3816a4198e3722,5013,shift-east-60-5013,149.7764867,1.9397816,1.55,149.7931629228972,1.9397816,,True,43.21615110888569,False,False,10
component-556da99bfbcef832,5014,shift-east-60-5014,150.6193473,2.8170627,1.24,150.63603413194252,2.8170627,,True,27.69594274478498,False,False,12
component-e9cf0653c1f1de47,5016,shift-east-60-5016,149.7591785,2.4764734,2.14,149.77586074708128,2.4764734,,True,28.91225383527557,False,False,11
component-dccbb9fd978cb560,5020,shift-east-60-5020,150.3526582,1.9610628,1.79,150.36933463383178,1.9610628,,True,28.842114915229715,False,False,12
component-1210e6c2e909ec7c,5021,shift-east-60-5021,150.6818595,2.1754396,2.28,150.69853818733162,2.1754396,,True,59.999999999732665,False,False,13
component-a5d78811121695de,5023,shift-east-60-5023,149.6501927,1.865664,1.77,149.6668682062594,1.865664,,True,48.28233448671522,True,True,10
component-95476eb48784279d,5028,shift-east-60-5028,150.628773,2.4145677,1.72,150.64545447730396,2.4145677,within_20_arcsec_of_cataloged_xray_source,False,15.452393614103755,False,False,0
component-a01939fb3fb61c02,5031,shift-east-60-5031,150.5365916,1.8498579,2.04,150.55326695704917,1.8498579,,True,59.855140453747154,True,True,8
component-822fb7b543bfa03e,5033,shift-east-60-5033,150.6738267,1.5975576,1.58,150.69049984744618,1.5975576,,True,58.421943918348944,False,False,13
component-8118ace068f81646,5034,shift-east-60-5034,149.8102155,2.6073807,2.21,149.82689943924942,2.6073807,,True,59.99999999957626,False,False,12
component-fec006833ca7c4b0,5035,shift-east-60-5035,149.506616,2.0746688,1.35,149.52329359888668,2.0746688,within_20_arcsec_of_cataloged_xray_source,False,18.647005760668115,False,False,0
component-ca306090974ef372,5036,shift-east-60-5036,149.7928684,2.7810227,1.63,149.80955471877172,2.7810227,,True,58.4638506775778,True,True,16
component-78c549f9e428652c,5037,shift-east-60-5037,150.8186476,2.6855345,1.83,150.8353325911898,2.6855345,,True,59.55491354880863,False,True,6
component-79419411f2e6dad2,5038,shift-east-60-5038,150.5266335,2.3845484,1.79,150.54331461106014,2.3845484,,True,49.17335997614743,False,False,13
component-5008a184a9ed025b,5039,shift-east-60-5039,150.4871763,2.0157803,1.92,150.503853286767,2.0157803,,True,28.314046854294283,False,False,11
component-987f08bbb02c62b2,5042,shift-east-60-5042,149.8041091,1.7577985,1.84,149.8207836132758,1.7577985,within_20_arcsec_of_cataloged_xray_source,False,12.411575677950882,False,False,0
component-b9defee8a4ecc2a4,5047,shift-east-60-5047,149.930645,1.5952949,2.21,149.94731812909512,1.5952949,,True,36.109471429274656,False,False,2
component-6e686f3131a0c0d4,5049,shift-east-60-5049,149.7636527,2.3338035,1.74,149.7803332024067,2.3338035,,True,43.60568733967396,False,False,15
component-e13b778ae833ca8c,505,shift-east-60-505,149.5966175,2.2196371,0.618,149.6132966810397,2.2196371,,True,20.04832485573588,True,True,15
component-78e97a60dd2a794f,5050,shift-east-60-5050,149.6628066,2.4565214,0.975,149.67948859685006,2.4565214,,True,59.90980148790817,False,False,9
component-d4c1e7b51c1914fd,5053,shift-east-60-5053,150.3708983,1.9531653,1.83,150.3875746552844,1.9531653,within_20_arcsec_of_cataloged_xray_source,False,3.7480135200177163,False,False,0
component-64188615b7068099,5054,shift-east-60-5054,149.8642065,2.640277,1.5,149.88089087823005,2.640277,,True,59.99999999958634,True,True,8
component-fcf40aad4b47bd25,5056,shift-east-60-5056,149.672222,1.9413358,1.36,149.68889823822406,1.9413358,,True,34.600711472487575,False,False,12
component-f06436fba104193e,5057,shift-east-60-5057,150.2952213,2.7639751,1.89,150.31190737834325,2.7639751,within_20_arcsec_of_cataloged_xray_source,False,19.855064626885127,False,False,0
component-72d2a66b314bb6dc,5059,shift-east-60-5059,150.6443766,2.0358966,1.74,150.66105379388077,2.0358966,,True,32.70370033572923,False,False,14
component-55477b4e000876b5,5061,shift-east-60-5061,149.6742987,1.8883599,1.1,149.69097442273377,1.8883599,,True,59.99999999978923,True,True,9
component-b6cfb9e281f64066,5066,shift-east-60-5066,149.433337,1.9735809,1.78,149.45001355898557,1.9735809,,True,59.67496208044614,False,True,18
component-a435270b90e9b709,507,shift-east-60-507,150.3074579,2.3681264,2.17,150.3241388126516,2.3681264,,True,21.454635145978326,False,False,10
component-739ec77b846ad913,5070,shift-east-60-5070,149.8762007,2.5687332,1.6,149.89288413057784,2.5687332,,True,36.085070511282225,False,False,16
component-71181f5d23343d7d,5076,shift-east-60-5076,150.0150348,1.8457324,0.891,150.03171011831355,1.8457324,,True,36.05514635456797,False,False,13
component-70e591693e738912,5077,shift-east-60-5077,150.7094183,2.1475341,1.63,150.7260966807394,2.1475341,,True,41.765771557506156,False,False,8
component-cc55b4c2e7e6d5ef,5082,shift-east-60-5082,149.6414343,2.7412165,1.02,149.6581200596835,2.7412165,,True,50.59938555260539,False,False,10
component-77ec867e21dc93a5,5083,shift-east-60-5083,150.023023,2.7524503,1.16,150.03970891664557,2.7524503,,True,44.23207786654319,False,False,10
component-a377d689b68fdb41,5088,shift-east-60-5088,149.8670278,2.1065805,1.76,149.88370573797394,2.1065805,,True,33.29567653696529,False,True,13
component-07d8a45862d696d1,5089,shift-east-60-5089,149.6982903,2.7594821,2.25,149.71497631522394,2.7594821,,True,52.6654715025129,False,False,13
component-fcba3ea8cc943329,5094,shift-east-60-5094,149.6917203,1.8180746,1.72,149.70839536086305,1.8180746,,True,58.20951277399611,False,False,8
component-fcba3ea8cc943329,5095,shift-east-60-5095,149.6874749,1.8128451,1.4,149.70414991262234,1.8128451,,True,48.52499288724141,False,True,6
component-26bb5daced9d489e,5098,shift-east-60-5098,149.7361553,2.6110144,1.57,149.75283928746754,2.6110144,,True,44.329178451525735,False,False,6
component-031b4af5197ec30a,51,shift-east-60-51,150.0588591,2.014971,1.15,150.07553607847774,2.014971,,True,42.1546227597321,True,True,9
component-1299c06d517825c0,5100,shift-east-60-5100,150.6399364,2.6915991,0.695,150.65662147412212,2.6915991,,True,37.24649319246328,False,False,12
component-99b057c8e3461b97,5104,shift-east-60-5104,150.4780831,1.7904321,1.99,150.49475790744515,1.7904321,within_20_arcsec_of_cataloged_xray_source,False,17.02620688014867,False,False,0
component-93b320220ecff3e6,5105,shift-east-60-5105,149.4283256,2.7503698,2.13,149.44501148752758,2.7503698,within_20_arcsec_of_cataloged_xray_source,False,18.27438295413028,False,False,0
component-385c56eff6c42d26,5112,shift-east-60-5112,149.8384688,2.6750874,0.96,149.85515364876792,2.6750874,,True,59.22429365599988,False,False,11
component-d7438e0c55c705c3,5113,shift-east-60-5113,150.0663325,2.642817,2.03,150.08301691235445,2.642817,,True,30.524735739807287,False,False,14
component-251d298116e31fdd,5114,shift-east-60-5114,150.6575542,2.7835078,1.29,150.67424055394392,2.7835078,,True,28.18738992744412,False,True,10
component-555850e8f7f153d3,5118,shift-east-60-5118,150.1178219,2.6840661,1.64,150.13450687113794,2.6840661,,True,53.42936775282671,False,False,16
component-084cc9d9aa70199a,512,shift-east-60-512,149.8481876,2.3744781,1.78,149.86486858922893,2.3744781,,True,48.234992875480685,True,True,17
component-18de9efae3ad4dc7,5121,shift-east-60-5121,150.6449944,2.715135,1.14,150.66167979774957,2.715135,,True,23.65606683846282,False,False,14
component-0c75245a12928aea,5127,shift-east-60-5127,150.6711609,2.5801034,1.53,150.68784447943906,2.5801034,within_20_arcsec_of_cataloged_xray_source,False,12.74620713516844,False,False,0
component-0ce0dc4356dd9a75,5128,shift-east-60-5128,149.911979,1.9233582,1.9,149.92865506168854,1.9233582,,True,43.09196778945562,False,False,11
component-ec34d6f17350fb4b,5130,shift-east-60-5130,150.1278713,1.7857349,1.71,150.14454606476923,1.7857349,,True,58.77014922039209,False,False,15
component-a77b3237cb73acfb,5132,shift-east-60-5132,149.6944169,2.6533562,1.29,149.71110145429833,2.6533562,,True,24.263350817759676,False,False,8
component-69e1ed9ddd80106c,5135,shift-east-60-5135,149.815877,2.7428181,1.37,149.83256278202217,2.7428181,,True,29.66911592131412,False,False,10
component-69e1ed9ddd80106c,5136,shift-east-60-5136,149.8140898,2.7345742,2.07,149.83077546717846,2.7345742,,True,27.6563742431737,False,False,7
component-7465eeede3419aaa,5142,shift-east-60-5142,150.682825,2.3948098,2.04,150.69950623573516,2.3948098,,True,56.23855777573354,False,False,13
component-766af62a6275002e,5145,shift-east-60-5145,150.5931199,2.8013149,1.4,150.60980650689478,2.8013149,,True,30.885788857894784,False,False,15
component-fc09e6f4de35657a,5147,shift-east-60-5147,149.8513583,2.3236578,2.05,149.86803868229015,2.3236578,,True,25.18297185573382,True,True,15
component-97b947fde5e120c7,5149,shift-east-60-5149,150.2643792,1.9868774,2.4,150.28105589279562,1.9868774,within_20_arcsec_of_cataloged_xray_source,False,15.980396208368992,False,False,0
component-d4b9aead1dd10a59,515,shift-east-60-515,150.0366933,2.2572242,1.925,150.053372908739,2.2572242,,True,59.43328272639325,False,False,7
component-9ff8476644903ba6,5150,shift-east-60-5150,150.8523969,2.3086694,1.08,150.86907710580036,2.3086694,,True,59.923643716263435,False,False,14
component-2c52330077a08ea7,5153,shift-east-60-5153,149.5865469,1.7692322,1.34,149.60322151572592,1.7692322,,True,59.26317395832495,False,False,4
component-b359f3a61109f58e,5154,shift-east-60-5154,150.415544,1.968022,2.04,150.4322205033102,1.968022,,True,24.252390761171135,True,True,17
component-5a8571752ba7e7a2,5155,shift-east-60-5155,149.833097,2.0209948,1.53,149.84977404025668,2.0209948,,True,49.56481319506599,False,True,7
component-d937ffa207c3d50a,5157,shift-east-60-5157,150.633638,2.4905873,1.96,150.65032042531925,2.4905873,,True,53.78717867469525,False,False,7
component-a16db3bbdd9e6aa1,5165,shift-east-60-5165,149.8007528,1.8705883,1.51,149.81742835300483,1.8705883,,True,20.555252503849104,False,False,14
component-a16db3bbdd9e6aa1,5166,shift-east-60-5166,149.7916577,1.8731261,1.4,149.80833327714387,1.8731261,,True,28.764597330785968,False,False,19
component-93b320220ecff3e6,5170,shift-east-60-5170,149.4249905,2.7583384,1.96,149.4416764991733,2.7583384,,True,42.64693240879802,False,False,6
component-e1408471f3ddf0f6,5172,shift-east-60-5172,149.595864,2.0407283,2.01,149.61254124393403,2.0407283,,True,28.584976063807243,True,True,15
component-9199d9e5b275563c,5173,shift-east-60-5173,149.5866124,2.0369329,1.21,149.60328960460615,2.0369329,,True,24.84480253822118,False,False,4
component-fb9b2de925b832f3,5175,shift-east-60-5175,150.6201103,2.6715751,1.3,150.63679510101102,2.6715751,,True,35.96300544338679,False,False,12
component-ccb228a3c61a32ca,5178,shift-east-60-5178,149.8240028,2.3849568,1.95,149.8406839160119,2.3849568,,True,26.219853662273042,False,True,10
component-ccb228a3c61a32ca,5179,shift-east-60-5179,149.8333973,2.3847482,1.76,149.85007841348258,2.3847482,within_20_arcsec_of_cataloged_xray_source,False,3.4564317808795986,False,False,0
component-9779809223fd0717,5182,shift-east-60-5182,150.6005141,2.5190504,1.85,150.6171968878576,2.5190504,within_20_arcsec_of_cataloged_xray_source,False,14.921383621117753,False,False,0
component-afa4c9648a1a57e0,5183,shift-east-60-5183,149.6955473,2.5489736,1.42,149.71223047344992,2.5489736,,True,44.13494170594098,False,False,9
component-782e82d6a0037600,5186,shift-east-60-5186,150.141435,2.8245834,1.3,150.15812193986585,2.8245834,within_20_arcsec_of_cataloged_xray_source,False,3.1004704682045596,False,False,0
component-2dabe4cf6fb1eaf7,5188,shift-east-60-5188,150.119133,2.8536032,1.07,150.1358203590131,2.8536032,,True,35.524275014044306,False,False,10
component-9b5e89a3d2e2e518,5189,shift-east-60-5189,150.1246577,2.8619806,1.96,150.14134518081224,2.8619806,,True,31.959310505876118,False,False,6
component-ad5393c506d4ea31,5190,shift-east-60-5190,149.8583014,1.7456757,1.47,149.87497580537772,1.7456757,,True,24.352475394435203,False,False,13
component-dd330fcf73c7ca87,5192,shift-east-60-5192,150.5826878,2.2588278,1.57,150.59936742714635,2.2588278,,True,48.780692907076364,False,False,10
component-a580f210e5e622d2,5193,shift-east-60-5193,150.7117579,2.7007849,1.49,150.72844310009384,2.7007849,,True,36.319054916317775,False,False,18
component-4e1cf54286ea7a4c,5195,shift-east-60-5195,150.1894186,2.6065732,1.51,150.20610252854328,2.6065732,,True,40.8504563522701,False,False,15
component-66589a14ca0f7e35,5197,shift-east-60-5197,149.366596,2.7674054,1.98,149.38328212660272,2.7674054,,True,59.00262582637504,False,False,7
component-aced70051e58a884,5199,shift-east-60-5199,149.4719803,2.7938123,1.94,149.48866680012253,2.7938123,,True,37.14543660989869,True,True,22
component-41cfc0d1f2d127b0,52,shift-east-60-52,150.0678305,1.8509799,1.15,150.08450586759898,1.8509799,,True,52.021522798301945,False,False,12
component-f4cd1757ff9e8604,5201,shift-east-60-5201,150.6204941,2.5000587,1.81,150.63717664549895,2.5000587,,True,20.230667916470885,False,False,17
component-64a59348ff335a7e,5204,shift-east-60-5204,149.6436384,2.3483241,1.72,149.66031907523134,2.3483241,,True,26.96685882723717,False,False,13
component-9f09cddacdb2e0c1,5205,shift-east-60-5205,150.4911023,1.794078,1.69,150.507777140647,1.794078,,True,59.10944007369166,True,True,16
component-b99c24b31ac1bfde,5207,shift-east-60-5207,150.3919791,1.8761107,2.09,150.40865470557472,1.8761107,,True,23.623079752422793,False,True,11
component-0b3fe555ae8bd943,5209,shift-east-60-5209,149.7553762,2.0269472,2.11,149.7720533014849,2.0269472,,True,59.58059763971481,False,True,12
component-421921b162ab5ec0,5212,shift-east-60-5212,150.6404169,2.2615557,1.07,150.65709655848931,2.2615557,within_20_arcsec_of_cataloged_xray_source,False,17.809951664633694,False,False,0
component-e8be8572ee8c2dbf,5213,shift-east-60-5213,149.6567364,2.076184,1.57,149.67341401486956,2.076184,within_20_arcsec_of_cataloged_xray_source,False,9.353625642204351,False,False,0
component-3ea291dc1be525a6,5214,shift-east-60-5214,149.5553552,1.9882095,1.74,149.5720319062509,1.9882095,within_20_arcsec_of_cataloged_xray_source,False,9.694567835789025,False,False,0
component-8041475d9d855ae0,5215,shift-east-60-5215,149.7390169,2.6677612,1.67,149.7557016492246,2.6677612,,True,23.875920400924265,True,True,15
component-9f8f6a6903c658a2,5216,shift-east-60-5216,149.7500793,2.6641289,0.47,149.766763999973,2.6641289,,True,44.35145094506679,False,False,15
component-a3de3fd43a0ae76e,5217,shift-east-60-5217,149.7109518,1.9758933,2.31,149.72762838219188,1.9758933,,True,31.194385676409382,False,False,13
component-e8b4beb51662ad87,5218,shift-east-60-5218,150.7431377,2.7322139,1.81,150.75982333436158,2.7322139,,True,35.44227969675896,True,True,9
component-4fceb2f5a18fbd1c,5219,shift-east-60-5219,150.7368099,2.7224552,1.99,150.75349539898167,2.7224552,within_20_arcsec_of_cataloged_xray_source,False,16.150949359039096,False,False,0
component-e5647eac37c37254,5226,shift-east-60-5226,149.4862673,2.8116408,1.43,149.5029540543166,2.8116408,,True,54.406896117502846,True,True,10
component-b40e32d5df10d617,5227,shift-east-60-5227,150.6479379,2.3975606,1.74,150.66461916924837,2.3975606,,True,29.33669862638079,False,False,13
component-1a9953ed2d6b8973,5229,shift-east-60-5229,150.02136,1.790938,1.73,150.03803481204812,1.790938,,True,31.769972825344666,False,False,10
component-96f1436d75ebeb9b,5230,shift-east-60-5230,149.7841315,2.7194822,0.93,149.80081695783463,2.7194822,,True,57.22055348495403,False,False,14
component-9934db2d90750198,5232,shift-east-60-5232,150.5279228,2.7086506,1.709,150.5446081083044,2.7086506,,True,32.97851254103227,False,True,15
component-23f08458907bbe92,5237,shift-east-60-5237,150.1416611,2.7076315,1.75,150.15834639426654,2.7076315,,True,47.897753895163355,False,True,18
component-f34eb9d345d7d40d,5238,shift-east-60-5238,150.6602242,2.2653908,1.9,150.67690390261797,2.2653908,within_20_arcsec_of_cataloged_xray_source,False,14.303727901234627,False,False,0
component-953abe48dfdfa8e2,5240,shift-east-60-5240,149.9363871,2.6803193,1.02,149.95307202002306,2.6803193,,True,30.487495864565652,False,False,11
component-c32ffef1ae0cabc0,525,shift-east-60-525,149.9227473,1.9791322,1.68,149.93942391474192,1.9791322,,True,59.99999999975589,False,False,13
component-2841dad7e57a80b5,5250,shift-east-60-5250,149.4211195,2.7487438,1.41,149.43780536478602,2.7487438,within_20_arcsec_of_cataloged_xray_source,False,16.280218538996262,False,False,0
component-20d1d87c0dd1176a,5254,shift-east-60-5254,150.5260528,2.2448458,1.38,150.54273226709145,2.2448458,,True,59.08270199971775,False,False,14
component-a4cc876b9c67d885,5255,shift-east-60-5255,150.663796,2.533956,1.86,150.68047897936114,2.533956,,True,23.917862211523786,False,False,12
component-53677d2d33ed62c2,5257,shift-east-60-5257,149.4790987,2.8018592,1.18,149.4957853146521,2.8018592,,True,47.8517200296872,False,False,15
component-d6c45855507eed7d,5260,shift-east-60-5260,150.1999091,1.5728193,1.83,150.2165820482269,1.5728193,,True,52.72196805113402,False,False,15
component-b2b7178dc27bc498,5261,shift-east-60-5261,150.6828641,2.5746462,0.98,150.69954760790984,2.5746462,,True,34.262116931312384,False,False,7
component-1b0da4a7db331fce,5267,shift-east-60-5267,149.9314976,2.5903085,3.041,149.94818131360833,2.5903085,within_20_arcsec_of_cataloged_xray_source,False,12.876307455754432,False,False,0
component-170767f4a52a44b0,5271,shift-east-60-5271,149.8150694,2.5401877,1.17,149.8317524597605,2.5401877,within_20_arcsec_of_cataloged_xray_source,False,17.520960240289728,False,False,0
component-0fe999d3d53fe74d,5272,shift-east-60-5272,150.6758364,2.7729871,1.14,150.69252260525784,2.7729871,,True,59.047280081470205,True,True,12
component-99c03a69af854ef5,5275,shift-east-60-5275,149.5896542,2.7747891,1.01,149.6063404306849,2.7747891,,True,58.190415569963136,False,False,19
component-deabeb979acb27ef,5277,shift-east-60-5277,149.5647771,1.9775413,1.39,149.58145369874714,1.9775413,,True,35.729846066207585,False,False,9
component-b06cbb3cbf7184f5,5279,shift-east-60-5279,150.53018,2.8437911,1.7,150.54686721681074,2.8437911,,True,50.90752979226152,False,True,11
component-f58210f7b0278ba1,5282,shift-east-60-5282,149.4931129,2.7691211,1.88,149.50979905076275,2.7691211,,True,31.247536479414475,True,True,10
component-f8c0a48792e2503c,5286,shift-east-60-5286,150.7505623,2.744878,1.92,150.76724811077233,2.744878,,True,20.249612045312972,True,True,16
component-22d04f665519fd80,5289,shift-east-60-5289,150.4170779,2.2371724,1.94,150.43375727967592,2.2371724,within_20_arcsec_of_cataloged_xray_source,False,16.3188847416188,False,False,0
component-d1e915d03c28fd01,5291,shift-east-60-5291,150.7203855,2.2479059,1.75,150.73706500203588,2.2479059,,True,51.807663509646964,False,False,14
component-82572b951646e3f4,5292,shift-east-60-5292,150.3948222,1.9771598,1.505,150.41149879491348,1.9771598,,True,22.500462722559416,False,True,14
component-1dba9a5bf22d8497,5293,shift-east-60-5293,149.5751002,2.7635583,1.61,149.59178627248355,2.7635583,,True,39.77979660688326,False,False,7
component-e71d3cc1a4848683,5294,shift-east-60-5294,149.5059033,2.6422235,1.8,149.52258770437794,2.6422235,,True,23.82594343960074,False,False,12
component-d08553fbe31da772,5298,shift-east-60-5298,150.6202344,2.6262392,2.06,150.6369185902288,2.6262392,,True,47.69116514315709,False,False,15
component-87e29676d583c04a,530,shift-east-60-530,150.2146631,2.794669,2.28,150.23134961229997,2.794669,,True,58.4248001752232,False,False,13
component-43219ea99d4f6b23,5302,shift-east-60-5302,149.8390735,2.4076836,1.93,149.85575489290997,2.4076836,within_20_arcsec_of_cataloged_xray_source,False,11.053506823019433,False,False,0
component-6739d7f3fdec51c4,5304,shift-east-60-5304,149.3963573,2.0343899,1.5,149.41303447829668,2.0343899,,True,25.428143849791486,False,False,13
component-afa4c9648a1a57e0,5305,shift-east-60-5305,149.7011932,2.5556465,2.16,149.71787646006032,2.5556465,,True,56.02291443133994,False,False,10
component-d4038d81b261ec58,5306,shift-east-60-5306,150.7136017,2.5731039,1.64,150.730285187722,2.5731039,,True,28.116040332435116,False,True,8
component-a4176500fa644213,53085,shift-east-60-53085,150.40529,2.402688,1.92,150.4219713318189,2.402688,,True,50.782651198027274,False,False,10
component-e1c57f7f848edf6c,53088,shift-east-60-53088,150.1407974,2.2778098,1.918,150.15747724603182,2.2778098,within_20_arcsec_of_cataloged_xray_source,False,11.842760078489583,False,False,0
component-f57b0c6391fb054d,5312,shift-east-60-5312,150.5856884,1.7706761,1.38,150.60236302871112,1.7706761,within_20_arcsec_of_cataloged_xray_source,False,6.297931104110534,False,False,0
component-0d8be8cfcf9aa1b7,5313,shift-east-60-5313,149.537438,2.4610647,1.88,149.55412005365204,2.4610647,,True,57.83904755552625,False,True,9
component-b8dab8a0987fac0d,5315,shift-east-60-5315,149.5714701,2.5546323,2.27,149.58815334688197,2.5546323,within_20_arcsec_of_cataloged_xray_source,False,16.385916962893507,False,False,0
component-2928e19655343ce1,5316,shift-east-60-5316,149.5856492,2.5587042,1.67,149.60233249982343,2.5587042,,True,22.37729435859579,False,False,14
component-4657bf5fc7bfc8f0,5319,shift-east-60-5319,150.6349145,2.1657659,1.4,150.65159308059927,2.1657659,,True,59.999999999656445,False,False,13
component-a06465366cbea9b3,5320,shift-east-60-5320,149.6314199,2.817495,1.04,149.6481067381383,2.817495,within_20_arcsec_of_cataloged_xray_source,False,5.246710533900927,False,False,0
component-b7375a47bf38e66f,5321,shift-east-60-5321,150.7869826,2.1510475,1.03,150.8036610191221,2.1510475,within_20_arcsec_of_cataloged_xray_source,False,12.304728270080613,False,False,0
component-44735af7202cd534,5322,shift-east-60-5322,150.2200635,1.9538682,1.95,150.23673986226248,1.9538682,,True,32.789819977678505,False,False,12
component-2b084c9efd9150fb,5323,shift-east-60-5323,149.5645265,1.8229813,0.96,149.5812016062526,1.8229813,,True,24.67913156300653,False,False,13
component-e8b3ff5779985d1c,53243,shift-east-60-53243,150.4644118,2.3278557,2.16,150.4810922319261,2.3278557,,True,33.65986060179779,False,False,11
component-b687c2aa222e1649,53249,shift-east-60-53249,150.3146727,2.6283692,2.07,150.3313569186901,2.6283692,,True,49.984920837894855,False,False,10
component-8379c02e9fad4fd3,5325,shift-east-60-5325,150.577435,2.767627,2.17,150.5941211297224,2.767627,,True,30.671070087788408,False,False,13
component-5b72be524acfa2da,53283,shift-east-60-53283,150.6351262,2.6501688,1.92,150.65181071131005,2.6501688,,True,47.36485084791139,False,False,10
component-ae5257386d298ac6,53286,shift-east-60-53286,150.2541274,2.8316488,1.93,150.2708144415187,2.8316488,,True,42.05965897858087,True,True,6
component-2b1e7392a9141ae5,5330,shift-east-60-5330,149.8756196,2.6904943,1.3,149.8923046590002,2.6904943,,True,28.137543659144736,False,False,13
component-4e8a762d551f38e1,53303,shift-east-60-53303,150.2114065,2.4022212,1.84,150.2280878261169,2.4022212,,True,24.902661470773044,False,True,9
component-9dc45e0bdaf2cc62,53324,shift-east-60-53324,150.792201,2.8174563,2.24,150.80888783758363,2.8174563,,True,30.357078088566197,False,False,11
component-1a9c805c338b1e4f,53329,shift-east-60-53329,150.6735134,2.53299,2.1,150.69019636691584,2.53299,,True,49.62896976934905,False,False,14
component-482442152ff15d36,53333,shift-east-60-53333,150.3448887,2.79506,2.04,150.36157521785907,2.79506,,True,27.320694487603852,False,True,17
component-f41030b1d3861f16,53340,shift-east-60-53340,150.3503576,2.9432273,2.5,150.36704628066087,2.9432273,,True,42.929158156769695,False,False,16
component-d09827d99ca75456,5335,shift-east-60-5335,149.9059309,2.3967077,1.75,149.9226121588533,2.3967077,,True,46.25540048279529,False,False,14
component-9dc45e0bdaf2cc62,53351,shift-east-60-53351,150.8001319,2.8212482,1.898,150.81681879196952,2.8212482,,True,57.48967029365634,False,False,12
component-bef28c4f9945a246,53352,shift-east-60-53352,150.5717095,2.8050093,1.437,150.58839615957677,2.8050093,,True,21.572666944440417,False,False,8
component-cfda3e9030538f43,53359,shift-east-60-53359,150.4115469,2.3169634,2.56,150.42822720332146,2.3169634,,True,20.671718361356167,False,True,19
component-ce72d9ecc7e25fda,53364,shift-east-60-53364,150.6305708,2.6138657,2.23,150.64725482535061,2.6138657,,True,36.504106981446135,False,True,11
component-f702d34e4633ebff,53377,shift-east-60-53377,150.6724731,2.4450175,2.21,150.68915495349484,2.4450175,,True,32.869424919728615,False,False,7
component-0a95ca5e3efad73c,5338,shift-east-60-5338,149.5341906,1.9064449,1.34,149.55086649710643,1.9064449,,True,59.81305404591798,False,False,7
component-c921ab4a583649db,5339,shift-east-60-5339,149.8662893,2.0276606,1.9,149.88296640883527,2.0276606,,True,21.873641926634637,False,False,13
component-34619596314126c6,53395,shift-east-60-53395,150.4583287,2.3977972,2.46,150.4750099721327,2.3977972,,True,20.21894568142305,False,False,9
component-d926196a9f339d02,53402,shift-east-60-53402,150.4950287,2.6055479,2.281,150.51171261495426,2.6055479,,True,22.647560297037284,False,True,13
component-955dfe160f51eb72,5341,shift-east-60-5341,149.6774941,2.7340515,1.95,149.69417975990854,2.7340515,,True,33.36014306735703,False,False,11
component-b4a9c08c7e840429,5345,shift-east-60-5345,150.5846467,2.0811757,2.09,150.60132436760665,2.0811757,within_20_arcsec_of_cataloged_xray_source,False,15.241926395600617,False,False,0
component-de9145ef392cdf2d,53453,shift-east-60-53453,150.330971,1.6433127,1.98,150.34764452411895,1.6433127,,True,29.331340022486174,False,False,10
component-38fbb36fa36cedd8,5347,shift-east-60-5347,149.6693891,2.1677568,1.93,149.6860677025264,2.1677568,,True,56.611799359796606,True,True,14
component-678638339e672593,5348,shift-east-60-5348,150.6169926,2.4829261,1.69,150.63367492844338,2.4829261,within_20_arcsec_of_cataloged_xray_source,False,19.960819815036235,False,False,0
component-555b8f72c351c20f,53537,shift-east-60-53537,150.8648619,1.9616285,1.82,150.88153833947032,1.9616285,,True,23.356541689029196,False,False,13
component-5645d6ad8ebb340f,53577,shift-east-60-53577,150.849043,1.9181088,1.86,150.86571901045116,1.9181088,,True,23.4760426455938,False,False,11
component-50e65b1455800c98,5358,shift-east-60-5358,150.5920147,2.1763173,1.74,150.60869339703908,2.1763173,,True,50.97935197324037,False,False,11
component-e72b940daec83214,53583,shift-east-60-53583,150.3265902,2.094215,1.85,150.34326800596506,2.094215,,True,35.69440845742108,False,False,12
component-e72b940daec83214,53584,shift-east-60-53584,150.3236146,2.08893,1.77,150.3402923497822,2.08893,,True,41.905025641583975,False,False,13
component-d18187ee72b050a0,5359,shift-east-60-5359,150.476422,2.7102995,1.86,150.49310733102882,2.7102995,,True,36.8546757976073,True,True,13
component-1b2dc0c90b782676,53599,shift-east-60-53599,150.2805538,1.5596497,2.12,150.2972266434409,1.5596497,within_20_arcsec_of_cataloged_xray_source,False,19.83119864042485,False,False,0
component-b932ad5691935bd9,5361,shift-east-60-5361,150.2751737,1.5760549,1.64,150.29184667410647,1.5760549,within_20_arcsec_of_cataloged_xray_source,False,18.93466266242323,False,False,0
component-65a0bfa9ca834673,53610,shift-east-60-53610,150.227924,1.7866558,1.81,150.2445987731271,1.7866558,within_20_arcsec_of_cataloged_xray_source,False,16.09796001209862,False,False,0
component-a8dc048ae083cdb8,53625,shift-east-60-53625,150.1437432,1.930101,1.65,150.1604193277083,1.930101,,True,59.99999999978836,False,False,11
component-652f83efd08590ca,53628,shift-east-60-53628,150.4242888,1.7175321,1.746,150.44096295777106,1.7175321,,True,51.26508430915476,False,False,6
component-9557a8c33b499fee,53632,shift-east-60-53632,150.5102002,1.8511356,1.68,150.5268755690635,1.8511356,,True,33.29993572749895,False,False,8
component-b346a1b3ea918897,5364,shift-east-60-5364,150.0383774,2.882493,1.78,150.055065180556,2.882493,,True,58.27265874988008,False,False,11
component-129e2d1d1302f4c9,53675,shift-east-60-53675,150.4768325,1.659689,1.92,150.49350616152276,1.659689,,True,53.626669857276156,False,False,8
component-e1cbed0ecbee7325,5368,shift-east-60-5368,149.8917052,2.5786874,1.54,149.9083887608645,2.5786874,,True,23.071639302362158,False,True,18
component-8f0e76acaf292883,53680,shift-east-60-53680,150.6370292,1.7972164,2.33,150.65370406928142,1.7972164,,True,21.68322115781027,False,False,11
component-c8dbef2055867d0e,53700,shift-east-60-53700,150.4393474,1.8566413,1.89,150.45602282092898,1.8566413,within_20_arcsec_of_cataloged_xray_source,False,4.972556374161196,False,False,0
component-2f4e00553aacf1fb,53706,shift-east-60-53706,150.433304,1.665518,2.3,150.4499777107597,1.665518,,True,28.632167801229436,False,False,15
component-cdad57c57e753011,5371,shift-east-60-5371,150.7459559,2.3430307,0.536,150.76263651210465,2.3430307,,True,34.5294530810948,False,False,13
component-d23a66f606dd50f0,53718,shift-east-60-53718,150.2046124,1.5912278,2.08,150.22128549617548,1.5912278,,True,59.696354597989966,False,False,6
component-0aa87b8bdb3232d7,5372,shift-east-60-5372,149.6096999,2.7409829,1.47,149.62638565642644,2.7409829,within_20_arcsec_of_cataloged_xray_source,False,19.418306209672842,False,False,0
component-161cd36b94dc7843,53720,shift-east-60-53720,150.3601786,2.0733053,2.14,150.37685618451397,2.0733053,,True,21.14314047184379,False,False,13
component-32cfb66fad69ebb2,53723,shift-east-60-53723,150.4427885,2.1658586,2.37,150.4594670816198,2.1658586,,True,59.99999999972423,False,False,22
component-93919581b9314dda,5373,shift-east-60-5373,150.0684122,2.6234126,1.82,150.0850963524952,2.6234126,,True,43.65407113169354,False,False,13
component-a1b40bf56b6cdf46,53732,shift-east-60-53732,150.3239353,2.026401,2.43,150.34061239585898,2.026401,,True,24.993395610832213,False,True,17
component-796fc59d98e35468,53733,shift-east-60-53733,150.3057095,1.7617227,2.01,150.3223840483631,1.7617227,,True,58.74958559618656,True,True,13
component-73f06349c50d5c64,53737,shift-east-60-53737,150.1898933,1.7747259,2.26,150.2065679651881,1.7747259,,True,59.999999999800856,True,True,12
component-2afcf6c6569f19cf,53738,shift-east-60-53738,150.4513422,1.5593234,2.26,150.46801504085582,1.5593234,within_20_arcsec_of_cataloged_xray_source,False,14.126696240480953,False,False,0
component-1b619304e0b463c6,53739,shift-east-60-53739,150.286525,2.2019819,2.12,150.3032039826284,2.2019819,,True,44.42101678698645,False,False,11
component-7247ba28f0b74d26,53749,shift-east-60-53749,150.2696951,1.816317,2.19,150.28637014463416,1.816317,within_20_arcsec_of_cataloged_xray_source,False,9.06394599233352,False,False,0
component-ef1956ff4324600b,5375,shift-east-60-5375,149.8231407,2.3683384,0.924,149.8398216152042,2.3683384,within_20_arcsec_of_cataloged_xray_source,False,8.183555127204194,False,False,0
component-2f125628c06ef4ff,53755,shift-east-60-53755,150.2626856,1.7939643,2.24,150.27936043961054,1.7939643,,True,43.09164308461059,False,False,11
component-a2917e639ffcfbc0,53757,shift-east-60-53757,150.1830394,1.9820957,2.21,150.1997160445711,1.9820957,within_20_arcsec_of_cataloged_xray_source,False,14.931593551626342,False,False,0
component-aa4109a073057cef,5377,shift-east-60-5377,149.6105687,2.7088484,1.84,149.62725401102963,2.7088484,,True,59.394888103963595,True,True,11
component-966243b9a39f6dde,5378,shift-east-60-5378,149.807808,2.6456573,1.24,149.82449245055233,2.6456573,,True,47.47009438826952,True,True,9
component-4b9fd282c24e4da0,5380,shift-east-60-5380,150.299565,1.7839142,1.56,150.31623974825766,1.7839142,,True,58.60643097595123,False,False,11
component-80dd61da7ce1edcc,5382,shift-east-60-5382,150.4400063,2.7035171,2.07,150.45669153764564,2.7035171,,True,53.63744576086653,True,True,8
component-08b25a1fb4a58b22,5383,shift-east-60-5383,150.5877142,2.900845,0.911,150.60440225055225,2.900845,,True,59.490607406237515,False,False,16
component-8e26562a04e42e51,53831,shift-east-60-53831,149.7857568,2.9066395,1.2,149.8024449361589,2.9066395,,True,28.279920709169616,False,False,14
component-f6383a6c8d84af87,53840,shift-east-60-53840,149.8482057,2.7191791,1.31,149.8648911536422,2.7191791,,True,44.81848850193705,False,False,4
component-0a1954a487177cc7,5386,shift-east-60-5386,149.5388309,2.0925026,2.02,149.55550868774557,2.0925026,within_20_arcsec_of_cataloged_xray_source,False,3.1051164091531174,False,False,0
component-429df0dc020155e7,5387,shift-east-60-5387,150.6684462,2.5169963,1.77,150.6851289615559,2.5169963,,True,58.436614923187626,False,False,1
component-49eab0e767da62e6,53937,shift-east-60-53937,149.6445988,2.3587193,1.97,149.66127959961563,2.3587193,,True,51.43833441446042,False,False,15
component-e3ff67a034be1f24,5395,shift-east-60-5395,150.7436693,2.1704124,1.37,150.76034793180574,2.1704124,within_20_arcsec_of_cataloged_xray_source,False,3.97707315843529,False,False,0
component-88367dd16bfd18ba,5396,shift-east-60-5396,149.8975272,1.5166362,1.64,149.91419970734293,1.5166362,,True,45.8600248130649,False,False,4
component-64188615b7068099,53970,shift-east-60-53970,149.8570621,2.6384018,2.11,149.87374645305823,2.6384018,,True,34.96526595553237,False,True,10
component-525cfd02ce6f836c,5400,shift-east-60-5400,150.6837432,2.6728768,1.2,150.70042801870298,2.6728768,,True,59.99999999958872,False,False,8
component-0ff6f4bbfaf422d4,5402,shift-east-60-5402,150.4910701,1.909949,1.91,150.50774603108496,1.909949,,True,59.20216586786005,False,False,9
component-54912d476b4b4dd6,54036,shift-east-60-54036,149.8365734,2.6509711,1.66,149.85325792212572,2.6509711,,True,44.59506261388609,True,True,15
component-64eda62b35a3b686,5404,shift-east-60-5404,149.675338,1.9828372,1.16,149.69201465204165,1.9828372,,True,32.7642617071349,False,False,13
component-d1d86617d1d98a5c,54044,shift-east-60-54044,149.8570022,2.7795879,1.93,149.87368849847903,2.7795879,within_20_arcsec_of_cataloged_xray_source,False,6.149911898429607,False,False,0
component-193dfde4a2d3ab02,5405,shift-east-60-5405,149.9982679,2.7797907,2.71,150.01495420134663,2.7797907,within_20_arcsec_of_cataloged_xray_source,False,16.02402831138968,False,False,0
component-61d358107f4c5d27,54055,shift-east-60-54055,149.8992188,2.6941535,1.65,149.91590390910926,2.6941535,within_20_arcsec_of_cataloged_xray_source,False,8.439776693625955,False,False,0
component-dab6e4672321db0b,5406,shift-east-60-5406,150.5917878,2.1282763,2.26,150.60846597147147,2.1282763,,True,50.591078601308425,False,False,17
component-5f83614bd07b15e8,54069,shift-east-60-54069,149.5040661,2.2140333,1.408,149.52074521789143,2.2140333,,True,44.08012313225723,False,False,9
component-64e94628986bcd0e,54070,shift-east-60-54070,149.7114314,2.3651456,1.89,149.72811227678537,2.3651456,within_20_arcsec_of_cataloged_xray_source,False,15.55805301912107,False,False,0
component-9f9191609d843e2c,5408,shift-east-60-5408,150.5341251,1.9525828,1.89,150.55080144950352,1.9525828,,True,58.40958285760245,False,False,5
component-8f0e76acaf292883,5409,shift-east-60-5409,150.636763,1.8049002,2.05,150.65343793959917,1.8049002,within_20_arcsec_of_cataloged_xray_source,False,18.701301541615436,False,False,0
component-622e24f5b8fc88ee,54094,shift-east-60-54094,149.794742,2.7341729,2.03,149.8114276615969,2.7341729,within_20_arcsec_of_cataloged_xray_source,False,9.68118501402893,False,False,0
component-489695dd56ac2b74,54107,shift-east-60-54107,149.9427797,2.581459,1.91,149.9594632972309,2.581459,,True,59.99999999959358,False,False,13
component-40cc2e94403ba4a5,5411,shift-east-60-5411,149.6624262,2.2693584,1.65,149.67910594835013,2.2693584,within_20_arcsec_of_cataloged_xray_source,False,7.095950800306632,False,False,0
component-1d6e5336dae374bf,54113,shift-east-60-54113,149.9673862,2.7799774,2.31,149.98407250398677,2.7799774,,True,49.89229503171647,False,True,12
component-8bba5b9b846fd63c,5412,shift-east-60-5412,150.5403743,1.9695623,1.98,150.55705081872136,1.9695623,,True,49.65573913030907,False,False,13
component-6e39539a3f63d7f7,54129,shift-east-60-54129,149.9921893,2.6826779,2.46,150.0088742521914,2.6826779,,True,48.209683404903735,True,True,15
component-7ddcb477f73010cf,5413,shift-east-60-5413,149.4745112,2.9191727,1.44,149.4911995219085,2.9191727,,True,28.326831239790955,False,False,10
component-2c7faf8d14fde249,5414,shift-east-60-5414,150.596005,2.3358836,1.5,150.61268552709814,2.3358836,,True,30.27937719002907,False,True,13
component-e45971f46c5c6506,54149,shift-east-60-54149,150.0203762,2.3820399,2.16,150.03705728066376,2.3820399,,True,49.50809590421244,False,False,8
component-24075b270335ddb2,5415,shift-east-60-5415,150.3338415,2.0616533,1.56,150.35051896207588,2.0616533,,True,54.02339065053064,False,False,19
component-5d3a5c10d5094ce1,54151,shift-east-60-54151,149.8509943,2.276086,2.28,149.8676741260785,2.276086,,True,39.77923512242273,False,False,16
component-4969f0d31a866fd8,54155,shift-east-60-54155,150.0897411,2.7875046,2.48,150.10642751057776,2.7875046,within_20_arcsec_of_cataloged_xray_source,False,16.2869056540324,False,False,0
component-9a49fcedeb2501ba,5416,shift-east-60-5416,149.358159,2.7503203,1.58,149.37484488683506,2.7503203,,True,51.46930312475238,False,False,16
component-727d82f31deb092c,54160,shift-east-60-54160,149.9532458,2.7188158,2.39,149.96993124861768,2.7188158,within_20_arcsec_of_cataloged_xray_source,False,13.256970960202258,False,False,0
component-2fead305174250d4,5417,shift-east-60-5417,150.7573178,2.7199571,1.94,150.77400326440434,2.7199571,,True,59.99999999952416,False,False,4
component-74a86f62d0acd138,5420,shift-east-60-5420,149.664422,2.3100128,1.84,149.6811022215723,2.3100128,,True,58.53535459093009,False,True,7
component-27fda1008313e27b,54202,shift-east-60-54202,149.5456938,1.6678754,1.23,149.5623675307215,1.6678754,,True,59.638827286335165,True,True,14
component-67d9df3bfae39fd2,5424,shift-east-60-5424,149.7774888,1.6949852,1.73,149.7941627623118,1.6949852,,True,38.38023224276225,True,True,12
component-8927a277a0e43459,54241,shift-east-60-54241,149.5182989,1.907305,1.94,149.53497480544084,1.907305,within_20_arcsec_of_cataloged_xray_source,False,3.7361567227727965,False,False,0
component-b1fe9668700c3f31,54242,shift-east-60-54242,149.5710838,1.6838712,1.47,149.58775766691622,1.6838712,,True,59.99999999980301,True,True,10
component-ce768e2c94c51ebb,54263,shift-east-60-54263,149.8932482,1.4805734,1.9,149.90992043280792,1.4805734,,True,59.94181534561823,True,True,12
component-599a08fa59d41d4b,54268,shift-east-60-54268,149.579002,2.0015511,2.26,149.5956788415102,2.0015511,,True,51.00172694753861,True,True,21
component-bede649d3b3ecaf5,5427,shift-east-60-5427,150.0155468,2.6656993,1.58,150.03223152125832,2.6656993,,True,47.412494506217975,False,False,10
component-4681639741f445ef,5429,shift-east-60-5429,149.6902517,2.7763326,1.2,149.70693795247755,2.7763326,within_20_arcsec_of_cataloged_xray_source,False,17.375344934270714,False,False,0
component-5127d3c5cdd06623,54294,shift-east-60-54294,149.6228724,1.5402353,1.72,149.63954509057592,1.5402353,,True,59.999999999816986,False,False,9
component-ecb187c766fbbac4,5430,shift-east-60-5430,150.0978401,2.8021366,1.76,150.11452671860616,2.8021366,,True,41.78233843061768,False,False,15
component-0743461f63d33185,54308,shift-east-60-54308,149.5292786,1.7004236,1.62,149.54595260922065,1.7004236,,True,59.99999999984507,False,False,16
component-88bae7d74367f6d2,54309,shift-east-60-54309,149.5190135,1.7034271,1.91,149.53568753519178,1.7034271,,True,25.16997016849134,False,False,8
component-3d8dbd98077ee963,5431,shift-east-60-5431,150.5812032,2.2209368,1.55,150.59788239570867,2.2209368,,True,59.999999999668724,False,False,9
component-dbb93d17612987ff,54316,shift-east-60-54316,149.679307,2.0238263,2.01,149.69598406935984,2.0238263,,True,55.77881399138705,False,False,18
component-b65a2d67c20d505b,54318,shift-east-60-54318,149.6239347,1.8852143,1.602,149.6406103925744,1.8852143,,True,59.26643815473913,False,True,19
component-88bae7d74367f6d2,54320,shift-east-60-54320,149.5174486,1.6964291,2.16,149.53412257475148,1.6964291,,True,22.59685026808782,False,False,5
component-5f60288fa383ac8c,5433,shift-east-60-5433,150.6676701,2.8775355,1.51,150.684357807916,2.8775355,,True,58.0676618412823,False,False,13
component-6cb6aadcd5cffe35,54333,shift-east-60-54333,149.4715861,1.6869574,1.89,149.4882599933432,1.6869574,,True,30.811014394592004,True,True,15
component-75a92952cd1d1c57,5434,shift-east-60-5434,149.5060056,1.8092621,1.41,149.5226805796505,1.8092621,,True,33.67034832462405,False,False,10
component-5dfe9e4f86299f31,54345,shift-east-60-54345,149.5958552,1.6511716,1.78,149.61252878988802,1.6511716,,True,50.991097974679455,False,False,7
component-1b276d7a994d1bac,54358,shift-east-60-54358,149.9246659,1.8436695,2.34,149.94134119897686,1.8436695,within_20_arcsec_of_cataloged_xray_source,False,17.783164512431984,False,False,0
component-fb6c3f0d7bd44842,54370,shift-east-60-54370,149.6697186,1.6067467,2.07,149.68639182223956,1.6067467,,True,30.32667128670202,True,True,15
component-fb6c3f0d7bd44842,54371,shift-east-60-54371,149.6638695,1.599132,2.22,149.6805426602303,1.599132,,True,33.193751557476126,False,False,20
component-d331f01d86477da8,54375,shift-east-60-54375,149.5102787,1.7297457,1.88,149.52695296473098,1.7297457,,True,58.38253580382073,False,False,10
component-db96b637cbde7bf6,54377,shift-east-60-54377,149.4868592,1.6253679,2.02,149.5035325751214,1.6253679,,True,50.57622957328112,False,False,14
component-ff9d75f1a7227028,54379,shift-east-60-54379,149.7028328,1.5728495,2.01,149.7195057484682,1.5728495,,True,59.99999999981781,False,False,9
component-c0409667c47de4c3,54387,shift-east-60-54387,150.0984543,2.0080437,2.31,150.11513120766108,2.0080437,within_20_arcsec_of_cataloged_xray_source,False,10.762586705397709,False,False,0
component-32b05fcc09b40008,54394,shift-east-60-54394,149.5595528,1.6305162,2.23,149.57622621770068,1.6305162,,True,39.771981742847444,False,True,17
component-551994ed6e70954f,54398,shift-east-60-54398,149.4963826,1.9682054,2.28,149.51305910514452,1.9682054,within_20_arcsec_of_cataloged_xray_source,False,10.56855691406426,False,False,0
component-90f285f8fb15c8bc,5440,shift-east-60-5440,149.7373392,2.0651338,1.5,149.7540166985762,2.0651338,within_20_arcsec_of_cataloged_xray_source,False,16.441508290683355,False,False,0
component-032a3f90cfd1824a,54405,shift-east-60-54405,149.5723806,1.9549529,2.36,149.5890569730358,1.9549529,,True,55.61162439821006,False,True,11
component-e2dec58bd0f1a80f,54406,shift-east-60-54406,149.6746586,1.577951,2.167,149.69133158929694,1.577951,,True,45.146980798054564,False,False,8
component-95e79609f47ec91d,54408,shift-east-60-54408,149.5896687,1.555988,2.48,149.6063415144627,1.555988,,True,59.999999999793864,False,True,13
component-58761bb14c25e5a0,54424,shift-east-60-54424,149.550199,2.1254851,2.22,149.56687714129723,2.1254851,,True,47.19684052187968,False,False,14
component-9ec93c26dc0a6a74,54430,shift-east-60-54430,150.023265,1.9848165,2.31,150.0399416719967,1.9848165,,True,59.99999999974213,False,False,10
component-8aa4380f7078c037,54434,shift-east-60-54434,149.6410636,1.7700738,1.307,149.65773822329325,1.7700738,,True,59.99999999979364,False,False,15
component-02cc81b5745cae7a,54437,shift-east-60-54437,149.8908269,1.9008525,1.87,149.90750274300757,1.9008525,within_20_arcsec_of_cataloged_xray_source,False,12.418695554955796,False,False,0
component-9f6b35025307c719,54440,shift-east-60-54440,150.0626453,1.9442303,2.253,150.07932156680113,1.9442303,,True,47.27628137482251,True,True,14
component-a377d689b68fdb41,54444,shift-east-60-54444,149.8551974,2.1122817,2.36,149.87187539909993,2.1122817,,True,20.875160370259394,False,False,13
component-0f2f1504b8f800c1,54448,shift-east-60-54448,150.3173754,2.4516142,2.05,150.3340573356167,2.4516142,within_20_arcsec_of_cataloged_xray_source,False,18.272477094861856,False,False,0
component-3eac69e760d9ec57,5445,shift-east-60-5445,150.5393563,2.542263,1.56,150.55603938657936,2.542263,,True,26.831082702668795,False,False,13
component-cdad57c57e753011,54451,shift-east-60-54451,150.7531955,2.345154,1.423,150.769876137409,2.345154,,True,59.99999999963563,False,False,8
component-0db0c9758028d69a,54452,shift-east-60-54452,150.5978633,2.7812825,1.89,150.61454962244727,2.7812825,,True,24.290098320708893,False,False,10
component-6cbacd9ae98d4be2,54459,shift-east-60-54459,150.2658501,2.7581657,2.19,150.2825360967502,2.7581657,,True,50.17967604809908,False,False,7
component-a58b02570ca8a9f7,54461,shift-east-60-54461,150.7642207,2.4658377,2.05,150.78090281343924,2.4658377,,True,22.487660288337523,True,True,11
component-e2df1fd53e99c3be,54464,shift-east-60-54464,150.7234012,2.408766,2.35,150.74008260616338,2.408766,,True,37.54426781641157,False,False,20
component-2cec743ca3d3a6fb,54466,shift-east-60-54466,150.6059254,2.4366181,2.23,150.6226071492525,2.4366181,,True,59.99999999961357,False,False,12
component-fa164ad01ff0be7d,54469,shift-east-60-54469,150.4016459,2.6670378,2.46,150.41833063941039,2.6670378,within_20_arcsec_of_cataloged_xray_source,False,19.04124848047752,False,False,0
component-607bb88a1bc3ab68,54473,shift-east-60-54473,150.3772,1.5640286,2.15,150.3938728781844,1.5640286,,True,46.38278425348876,False,False,11
component-48106689f83e6cc4,54476,shift-east-60-54476,150.419252,2.0056904,2.01,150.4359288836593,2.0056904,,True,52.57865326815018,False,False,14
component-d12a4891fbf81cfb,5448,shift-east-60-5448,150.7790073,2.5228282,1.43,150.79569013628662,2.5228282,within_20_arcsec_of_cataloged_xray_source,False,14.04703712145644,False,False,0
component-4b95e56271a378b3,54480,shift-east-60-54480,150.2070346,1.6798477,2.03,150.22370843253594,1.6798477,,True,37.671924374980996,False,False,10
component-9bdb6344792a63b9,54486,shift-east-60-54486,150.1567529,2.0893113,2.07,150.17343065383088,2.0893113,,True,54.898756998510514,False,True,12
component-2f125628c06ef4ff,54490,shift-east-60-54490,150.2583097,1.8003854,1.89,150.2749845982459,1.8003854,,True,47.00815823412018,False,False,11
component-2f125628c06ef4ff,54491,shift-east-60-54491,150.2680592,1.7891913,1.86,150.2847339961611,1.7891913,,True,56.646279629084624,False,False,14
component-26bb5daced9d489e,54502,shift-east-60-54502,149.7404926,2.6053116,1.87,149.7571765118232,2.6053116,,True,59.99999999957674,False,True,12
component-43a70ba6b21894cd,5451,shift-east-60-5451,150.8554592,2.2239463,1.472,150.8721384297082,2.2239463,,True,59.99999999966989,False,False,14
component-d7438e0c55c705c3,54513,shift-east-60-54513,150.0606791,2.6481969,1.94,150.07736358474108,2.6481969,,True,43.13000506378796,True,True,16
component-62e08d72c15b0caf,54514,shift-east-60-54514,149.5723597,2.2625476,1.82,149.58903936989546,2.2625476,,True,51.149561306672084,False,False,8
component-489695dd56ac2b74,54517,shift-east-60-54517,149.9384155,2.5776153,2.07,149.9550990468079,2.5776153,,True,46.415285119955264,False,False,11
component-d540bb71097dd07c,5452,shift-east-60-5452,149.5099998,2.7982662,1.99,149.52668636347292,2.7982662,,True,59.94213259788388,False,False,9
component-723693d902daddba,54520,shift-east-60-54520,149.930361,2.6990273,2.27,149.94704617595724,2.6990273,within_20_arcsec_of_cataloged_xray_source,False,17.429449805895224,False,False,0
component-27b0648965c8b221,54524,shift-east-60-54524,149.9740465,2.6791346,2.12,149.99073140387594,2.6791346,within_20_arcsec_of_cataloged_xray_source,False,13.79123585330347,False,False,0
component-0f2a08300898ec2f,54525,shift-east-60-54525,149.7853016,2.6460946,2.04,149.80198605643702,2.6460946,,True,20.995756655418557,False,True,8
component-20bf401e0f051eef,5453,shift-east-60-5453,150.1552187,2.8307683,1.45,150.1719057288367,2.8307683,,True,43.80884684110378,False,False,10
component-584d261b0c6c257e,54530,shift-east-60-54530,149.6374024,1.7364283,1.333,149.65407672357478,1.7364283,,True,53.923358192250994,False,True,7
component-06205125e68ad5db,54534,shift-east-60-54534,150.019036,2.1474295,2.04,150.03571437959764,2.1474295,,True,33.97157892018037,False,False,9
component-a2a6713c06042957,54541,shift-east-60-54541,149.647282,1.60282,2.47,149.66395519022615,1.60282,within_20_arcsec_of_cataloged_xray_source,False,12.712552965691929,False,False,0
component-1bae44118bac8169,54542,shift-east-60-54542,149.7025525,1.8336006,2.22,149.71922770490627,1.8336006,,True,58.29495818207662,False,False,19
component-6bef9b6380abc884,54545,shift-east-60-54545,149.4603794,1.8225218,2.29,149.47705450199678,1.8225218,within_20_arcsec_of_cataloged_xray_source,False,8.859513072257164,False,False,0
component-56a5ec9c037f2945,5457,shift-east-60-5457,150.1430407,2.6061888,2.09,150.15972462344791,2.6061888,within_20_arcsec_of_cataloged_xray_source,False,18.901793108543686,False,False,0
component-6fc8f95bc6465849,546,shift-east-60-546,150.3781876,2.4117948,2.37,150.39486904328118,2.4117948,,True,47.095059678494756,True,True,17
component-604bdba4ae56af68,5461,shift-east-60-5461,149.8283041,1.7808042,1.903,149.84497882009268,1.7808042,,True,26.3264690433023,False,False,10
component-f035af22c045803b,5463,shift-east-60-5463,149.5853114,2.7230525,2.37,149.60199690725386,2.7230525,,True,56.58532692732392,True,True,14
component-c4f9fcfbf89fa5e1,5464,shift-east-60-5464,149.5745726,2.0847391,1.89,149.59125030533147,2.0847391,,True,54.493604759752635,False,False,11
component-95d41ec85b213287,5469,shift-east-60-5469,150.4496595,2.3193975,1.76,150.46633983200823,2.3193975,,True,27.172301801217206,False,False,20
component-d308ddc557e77418,5471,shift-east-60-5471,150.1012334,2.7390355,2.54,150.11791912928464,2.7390355,,True,58.22713472591621,False,True,12
component-50182d9d05051a6c,5474,shift-east-60-5474,150.194123,2.7367993,1.92,150.21080869814156,2.7367993,,True,59.99999999951751,False,False,15
component-536326188b56c7f1,5478,shift-east-60-5478,150.3962603,1.7358383,1.95,150.41293461837034,1.7358383,,True,22.629533771686305,False,False,8
component-87a08ac712e68318,5479,shift-east-60-5479,149.8391654,2.5373403,1.7,149.8558484229997,2.5373403,,True,30.326186784640374,False,False,9
component-02c0b7bcc4d2aa75,5482,shift-east-60-5482,149.8460464,2.4815814,1.6,149.86272871147054,2.4815814,,True,26.641907430703913,False,False,12
component-aebed4b116c4822b,5483,shift-east-60-5483,150.5993997,2.3983685,1.85,150.6160809790984,2.3983685,,True,24.614953604173014,False,False,12
component-6320064497fdca4c,5484,shift-east-60-5484,150.7142439,2.3136422,1.27,150.7309241642286,2.3136422,,True,59.599342696025026,True,True,13
component-3267ef2a83a74905,5488,shift-east-60-5488,149.6750173,1.9118403,1.43,149.6916932494505,1.9118403,,True,31.143108350056902,True,True,17
component-c363831cbfee684f,5489,shift-east-60-5489,149.6285582,2.4978366,2.35,149.6452407172623,2.4978366,,True,45.290009079944504,False,False,5
component-e734ce8f057a2863,5493,shift-east-60-5493,149.5260432,2.0202239,1.43,149.54272023234017,2.0202239,,True,49.47660715692038,False,False,11
component-f89f8d0e735a91c5,550,shift-east-60-550,150.4013277,2.4449543,2.72,150.41800955270915,2.4449543,,True,50.08935963012557,False,False,14
component-8f496feec94eb1ce,5500,shift-east-60-5500,149.704442,1.5390644,0.89,149.7211146814178,1.5390644,within_20_arcsec_of_cataloged_xray_source,False,19.160712744515415,False,False,0
component-536b9ac36d9adc0b,5502,shift-east-60-5502,149.8124786,1.8238187,1.69,149.82915371401123,1.8238187,,True,28.700701632090386,False,False,9
component-065aab207e6fe875,5505,shift-east-60-5505,149.6566237,2.0510911,1.47,149.67330105168685,2.0510911,,True,24.729162256523246,True,True,16
component-5fe46e04994d1141,5506,shift-east-60-5506,150.4483439,2.0929664,1.99,150.46502169267882,2.0929664,,True,34.837074566590324,False,False,9
component-a33b9df1b504c55a,5507,shift-east-60-5507,149.4425389,1.9535425,1.74,149.45921525902875,1.9535425,,True,52.04799930460231,False,False,11
component-4b177cf57484bae0,5510,shift-east-60-5510,149.4200382,2.0355056,1.41,149.43671538983546,2.0355056,,True,34.64476170508189,False,False,14
component-7bbecb0907b148d0,5513,shift-east-60-5513,149.7542536,2.1415162,1.92,149.77093191514197,2.1415162,within_20_arcsec_of_cataloged_xray_source,False,9.535711545817632,False,False,0
component-9b8bc70a7157cb4a,5514,shift-east-60-5514,150.5381245,2.7832648,2.04,150.55481085050332,2.7832648,,True,54.52933474633465,False,False,9
component-714802f31c8f1c00,5516,shift-east-60-5516,150.2479967,2.1360092,1.8,150.26467495527524,2.1360092,,True,59.99999999974935,False,False,11
component-b359f3a61109f58e,5519,shift-east-60-5519,150.4247226,1.9693011,1.62,150.4413991161071,1.9693011,within_20_arcsec_of_cataloged_xray_source,False,10.626959876380399,False,False,0
component-6253047d839a5168,5520,shift-east-60-5520,150.1033343,2.6298734,2.05,150.12001853880335,2.6298734,,True,27.018882546413572,True,True,15
component-9fa4354c24b3c7a2,5521,shift-east-60-5521,150.5923288,2.8773447,1.19,150.6090165051228,2.8773447,,True,34.985256507214075,False,False,17
component-13b1475cbe243903,5523,shift-east-60-5523,150.5363409,2.2728875,1.37,150.55302068909535,2.2728875,,True,42.26664220614581,False,False,9
component-833d6983cdb9e4c6,5524,shift-east-60-5524,150.8170456,2.6332424,1.68,150.83372988389343,2.6332424,,True,59.254506335164315,False,False,14
component-c89fe5b7a007332d,5525,shift-east-60-5525,149.7261119,2.6315073,1.32,149.74279616066394,2.6315073,,True,33.89633182534294,True,True,6
component-8fe5aff59d1fb619,5528,shift-east-60-5528,150.2977175,2.7386779,1.92,150.3144032243027,2.7386779,within_20_arcsec_of_cataloged_xray_source,False,14.208234101796549,False,False,0
component-bcd7dddaf951959e,5531,shift-east-60-5531,150.386498,1.9670783,1.48,150.4031744938741,1.9670783,,True,44.63345150160698,False,False,20
component-6220b303a7d895e4,5532,shift-east-60-5532,149.8044952,2.2879445,2.12,149.82117516364923,2.2879445,,True,37.101112341539,False,False,10
component-d64020634ef61665,5535,shift-east-60-5535,150.6291213,2.1906633,1.993,150.64580015626413,2.1906633,,True,32.747497272816446,True,True,22
component-29ed487a5ab40189,5536,shift-east-60-5536,150.7425952,2.2611937,1.98,150.75927485432786,2.2611937,,True,42.93790192112325,False,False,12
component-31c90b860ef80dd9,5537,shift-east-60-5537,149.6758419,2.6144944,1.32,149.69252593370928,2.6144944,,True,35.004691518972386,True,True,13
component-e20229ca23ea5115,5539,shift-east-60-5539,149.5091336,2.2612759,1.99,149.52581325527277,2.2612759,,True,43.45685593542526,False,False,12
component-d77ce11496e0fc93,5540,shift-east-60-5540,150.5113399,2.850849,1.75,150.52802721904806,2.850849,,True,26.550602482908648,False,True,8
component-e81b0232009842c5,5541,shift-east-60-5541,149.5304578,2.2218071,2.12,149.54713700553603,2.2218071,,True,32.902595324197996,False,False,12
component-d93823ebdbde2e10,5542,shift-east-60-5542,150.7780379,2.2293945,1.52,150.7947171913761,2.2293945,,True,59.99999999970333,False,False,4
component-9302a967cce44378,5543,shift-east-60-5543,150.0649432,2.779954,1.84,150.08162950365585,2.779954,,True,24.209754117372967,False,False,6
component-6334610e2b0395f3,5544,shift-east-60-5544,149.6214111,2.7384716,1.26,149.6380968214289,2.7384716,within_20_arcsec_of_cataloged_xray_source,False,15.442437661580717,False,False,0
component-2f7f15d0bb83b97a,5545,shift-east-60-5545,149.7152076,2.8169836,2.052,149.731894430809,2.8169836,,True,48.174075696268346,False,False,13
component-81792906f17d7bc4,5546,shift-east-60-5546,149.7709017,1.7467778,1.52,149.78757611515599,1.7467778,,True,29.988215822835972,False,False,16
component-869ab3d281360254,5548,shift-east-60-5548,149.6425034,2.6845387,1.62,149.6591883775904,2.6845387,,True,44.767672190181536,False,False,8
component-b996521be9c996db,5549,shift-east-60-5549,149.6839912,1.9328868,1.24,149.70066735505208,1.9328868,,True,59.99999999980688,True,True,17
component-c1f330d0aff31c1c,5555,shift-east-60-5555,150.5241482,2.0942759,1.8,150.5408260066133,2.0942759,,True,59.999999999689045,False,False,8
component-30c6570a99d5554c,5559,shift-east-60-5559,149.8478811,1.9203918,1.67,149.8645571327174,1.9203918,,True,59.999999999785835,True,True,12
component-f3058bcbb026a692,5561,shift-east-60-5561,150.7842881,2.810582,2.29,150.80097483917515,2.810582,,True,34.27308231938882,False,False,10
component-b903eceaae4690fa,5562,shift-east-60-5562,149.6217526,2.7806984,1.68,149.63843891418418,2.7806984,,True,58.01672736821967,False,False,12
component-874ed62968b0bdda,5563,shift-east-60-5563,150.5469205,2.2238652,1.402,150.56359972879136,2.2238652,,True,59.99999999965841,False,False,14
component-0da728f5d368de45,5567,shift-east-60-5567,149.8939992,1.9471456,1.9,149.91067549562663,1.9471456,,True,58.53914730300863,False,False,20
component-5214de409e4f511b,5569,shift-east-60-5569,150.7904589,2.5504768,1.8,150.80714209294078,2.5504768,,True,59.99999999953406,False,False,12
component-be3d629f02589a09,5570,shift-east-60-5570,149.6866157,2.0467056,1.97,149.7032930060195,2.0467056,,True,41.19082344153357,False,False,5
component-e9e556620469f46a,5573,shift-east-60-5573,149.5298775,1.7856366,1.29,149.54655226387735,1.7856366,,True,59.935737303375774,False,False,9
component-65ab749279c8fbe6,5577,shift-east-60-5577,149.444655,2.1200475,1.71,149.4613330826281,2.1200475,,True,56.181039398467995,False,False,14
component-dd8e8c8c9dae8978,558,shift-east-60-558,150.5807651,2.8470137,1.385,150.5974523634602,2.8470137,,True,53.94676299961381,False,False,16
component-fd65ddd3504ba0be,5581,shift-east-60-5581,149.7940391,2.0727199,1.89,149.81071667834613,2.0727199,,True,45.41880047848867,False,False,8
component-c1698979b983b265,5582,shift-east-60-5582,149.8200874,1.7611752,1.54,149.83676194346305,1.7611752,,True,59.45802806404691,False,False,14
component-8c6dfac15afa6dca,5583,shift-east-60-5583,150.0041191,2.0390378,1.92,150.02079632640803,2.0390378,,True,22.103914948912834,False,False,17
component-6e28f139664a7dbd,5585,shift-east-60-5585,149.3832645,2.7174641,1.13,149.39994992992936,2.7174641,,True,45.97120708530578,False,False,4
component-d27af9fe44358f3b,5586,shift-east-60-5586,150.7995915,2.6069284,1.527,150.81627543325223,2.6069284,,True,58.617314032061564,False,False,10
component-b48105958f010762,5592,shift-east-60-5592,150.7039412,2.3696065,1.99,150.72062213047758,2.3696065,,True,59.99999999961533,False,False,11
component-2b20a53b75b0eb73,5595,shift-east-60-5595,149.9985823,2.7693798,1.66,150.01526845440702,2.7693798,,True,26.737871001002173,False,False,11
component-342d03d9b2ddd3d8,5596,shift-east-60-5596,150.0777876,1.708776,2.07,150.09446168155716,1.708776,,True,58.23731753351613,False,False,11
component-c22549e687919a8e,5598,shift-east-60-5598,149.5374807,2.2804096,2.22,149.55416057615366,2.2804096,,True,59.99999999967187,True,True,10
component-a3f0fbc167fd1096,5599,shift-east-60-5599,150.1684258,2.6857685,2.35,150.18511079438625,2.6857685,,True,33.73674609287535,True,True,17
component-7688b6ef52555962,56,shift-east-60-56,150.0043512,2.2371277,1.17,150.02103057916756,2.2371277,within_20_arcsec_of_cataloged_xray_source,False,19.21893325549078,False,False,0
component-e3be6803d0ccd399,5600,shift-east-60-5600,150.7882919,2.3441558,1.51,150.8049725255101,2.3441558,,True,59.69114238944246,False,False,9
component-8d049a1326c454ad,5601,shift-east-60-5601,149.4723627,2.688186,1.75,149.4890477274255,2.688186,,True,50.84193692795882,False,False,8
component-a0d641ce6e7d9599,5603,shift-east-60-5603,149.6118242,2.380993,1.573,149.6285052679876,2.380993,,True,23.43333602286506,False,False,15
component-06cb3ffc2b9e385d,5604,shift-east-60-5604,150.7497825,2.6332834,1.97,150.76646678444254,2.6332834,,True,52.72697773457889,False,False,17
component-cd52c325c5f219df,5605,shift-east-60-5605,149.7334218,1.8998025,1.8,149.750097632868,1.8998025,,True,59.999999999750464,True,True,16
component-9627db2e2affb3e8,5606,shift-east-60-5606,149.7767902,2.4440554,1.86,149.79347204153626,2.4440554,,True,45.099172128764486,True,True,13
component-47080160e9f8708d,5609,shift-east-60-5609,150.5819317,2.2878169,1.29,150.59861166216515,2.2878169,within_20_arcsec_of_cataloged_xray_source,False,11.587870169493284,False,False,0
component-e9b585a0010bb1e9,5611,shift-east-60-5611,149.7453228,2.8918796,2.03,149.7620107184375,2.8918796,,True,33.70514380956261,False,True,16
component-90fe2c25cc8b9530,5612,shift-east-60-5612,149.7625675,2.179885,2.04,149.7792462365387,2.179885,,True,59.99999999972276,True,True,16
component-c80a0a8c1e9588eb,5615,shift-east-60-5615,150.7150609,2.4848216,1.45,150.73174325238412,2.4848216,,True,59.36842105299676,False,False,9
component-a3fec0213a0de5df,5619,shift-east-60-5619,150.5433923,2.9323689,1.93,150.56008081835162,2.9323689,,True,59.99999999943536,False,False,10
component-1eaf311a9044b532,5620,shift-east-60-5620,149.9415595,2.7953625,1.04,149.95824602216044,2.7953625,within_20_arcsec_of_cataloged_xray_source,False,5.706553351121528,False,False,0
component-a61b2b1a2ff6e5dd,5622,shift-east-60-5622,150.3089616,1.8914801,1.749,150.32563735269937,1.8914801,,True,36.64573739956855,False,True,7
component-297ffbe239f4c696,5624,shift-east-60-5624,149.8545966,2.6068938,1.36,149.87128053279352,2.6068938,,True,47.43814552555317,True,True,19
component-50a0cc058fe24ad2,5625,shift-east-60-5625,149.5458479,2.7626119,1.44,149.56253395918162,2.7626119,,True,45.31413716480899,False,False,12
component-621cb5d0bdea9584,564,shift-east-60-564,150.4064436,2.9298098,2.27,150.42313208018643,2.9298098,,True,59.9999999994595,False,False,8
component-c837649cce43f272,57,shift-east-60-57,150.4907356,2.7754231,1.09,150.50742183963484,2.7754231,,True,59.99999999949719,True,True,14
component-6208ef0f7750c111,58,shift-east-60-58,150.429857,2.5478322,0.233,150.446540158658,2.5478322,,True,25.411313176526697,False,False,15
component-ec86bc3a82804492,59,shift-east-60-59,150.1953108,2.0044657,1.18,150.2119876711795,2.0044657,within_20_arcsec_of_cataloged_xray_source,False,18.7300279810124,False,False,0
component-39fa9ec190eee7b6,60,shift-east-60-60,150.2162013,1.9886006,1.22,150.23287801020302,1.9886006,,True,21.69026400571129,False,True,9
component-bc64c816373baf3e,60001,shift-east-60-60001,150.8199579,2.4063408,2.67,150.83663927647638,2.4063408,,True,25.973894204100567,False,True,18
component-d22f06e7707d7099,60002,shift-east-60-60002,150.7181298,2.4682546,2.36,150.73481194375796,2.4682546,,True,24.315584267322944,False,True,19
component-20bf401e0f051eef,60003,shift-east-60-60003,150.1512396,2.8245609,2.08,150.16792653954255,2.8245609,,True,32.10790862613313,False,False,12
component-498f812b79efedda,60007,shift-east-60-60007,150.6374113,2.391954,2.24,150.65409250098355,2.391954,,True,29.957309274023135,False,False,13
component-24a7fcaa3e6fa151,60011,shift-east-60-60011,150.2848019,2.2787519,2.33,150.3014817569432,2.2787519,within_20_arcsec_of_cataloged_xray_source,False,12.229210797994602,False,False,0
component-60a62b7a2b788476,60012,shift-east-60-60012,150.4959155,2.799723,2.24,150.5126020842158,2.799723,within_20_arcsec_of_cataloged_xray_source,False,17.360210636763895,False,False,0
component-b9618a8d28a78339,60013,shift-east-60-60013,150.4786644,2.7978862,2.6,150.49535095806402,2.7978862,within_20_arcsec_of_cataloged_xray_source,False,6.917043741863924,False,False,0
component-ab33d0e597b11a92,60016,shift-east-60-60016,150.5873541,2.7738239,2.43,150.6040403170634,2.7738239,,True,21.307187563745728,False,False,13
component-ceee42f354713841,60017,shift-east-60-60017,150.1122954,2.8459331,2.67,150.12898264781182,2.8459331,within_20_arcsec_of_cataloged_xray_source,False,7.342774387271399,False,False,0
component-9b53cf4c9b578abb,60019,shift-east-60-60019,150.6030002,2.6864607,2.63,150.6196852038433,2.6864607,,True,45.95462525071349,False,False,16
component-63c102001e8e1a46,60020,shift-east-60-60020,150.7170604,2.6797826,2.185,150.73374531270713,2.6797826,,True,49.04385249470733,False,True,10
component-5f42340c5dd5a111,60031,shift-east-60-60031,150.7255228,2.8271887,2.8,150.74220977731972,2.8271887,within_20_arcsec_of_cataloged_xray_source,False,19.44397118630737,False,False,0
component-967b0bdbef906321,60038,shift-east-60-60038,150.604681,2.3590744,2.626,150.6213618038743,2.3590744,within_20_arcsec_of_cataloged_xray_source,False,19.069239027140014,False,False,0
component-e9c19aebddc2f36f,60042,shift-east-60-60042,150.3694691,2.3452189,2.634,150.3861497381828,2.3452189,,True,32.99385072903566,True,True,21
component-66cf86e8b09fbb14,60043,shift-east-60-60043,150.2567402,2.5960479,2.27,150.2734239892993,2.5960479,,True,59.62373158168597,False,False,10
component-82fda34af990f9a1,60045,shift-east-60-60045,150.2781108,2.845436,3.35,150.29479804061523,2.845436,,True,46.34157255718444,False,False,10
component-2c62064087960d78,60051,shift-east-60-60051,150.2033042,2.2466473,2.244,150.21998368765767,2.2466473,,True,40.874301857550236,True,True,15
component-55d5968e918de249,60052,shift-east-60-60052,150.5466093,2.7473621,2.105,150.56329514547187,2.7473621,,True,21.223471502088778,False,False,9
component-e52a3edd96942baf,60053,shift-east-60-60053,150.2884531,2.3819573,2.57,150.3051341796634,2.3819573,,True,32.67486989514872,False,False,12
component-25658f69c6b9cca6,60058,shift-east-60-60058,150.4023049,2.4983277,2.15,150.41898742350065,2.4983277,,True,43.30252318623633,False,True,19
component-8479b722ab8cddf4,60060,shift-east-60-60060,150.1745108,2.9170297,5.39,150.19119909009106,2.9170297,,True,28.736315300479,False,False,12
component-0bfa6182c4a9c70f,60069,shift-east-60-60069,150.8400373,2.3751329,3.02,150.85671829713507,2.3751329,,True,48.0108695743939,False,True,16
component-888783bed34decbb,60070,shift-east-60-60070,150.2274996,2.2320145,2.61,150.2441789210856,2.2320145,,True,32.723379902504846,False,False,12
component-9268908f733a9b58,60075,shift-east-60-60075,150.3321349,2.7584337,2.78,150.34882090051047,2.7584337,,True,40.362883600730456,False,True,20
component-e8b3ff5779985d1c,60079,shift-east-60-60079,150.4736407,2.3164191,2.09,150.4903209969108,2.3164191,,True,59.99999999963634,False,False,14
component-884fcc60b5cdb01b,60082,shift-east-60-60082,150.5907401,2.4561521,1.471,150.60742209223756,2.4561521,,True,49.22231809480471,False,False,10
component-2e83cb546d80beb9,60084,shift-east-60-60084,150.7708507,2.4094437,2.34,150.7875321144645,2.4094437,,True,52.27911002093758,False,False,13
component-f7413f383f7ac711,60088,shift-east-60-60088,150.1130444,2.5835708,2.601,150.12972802496634,2.5835708,,True,44.078316487497034,False,False,11
component-83bf8f1a3e09bc1f,60095,shift-east-60-60095,150.5015215,2.8604962,2.58,150.51820895920437,2.8604962,,True,38.396356197677974,False,True,18
component-60c8dfea1c68b999,60098,shift-east-60-60098,150.7833602,2.2842148,2.49,150.80004012030363,2.2842148,,True,59.99999999965616,True,True,9
component-1a28319963a7eb82,60102,shift-east-60-60102,150.1943909,2.6233378,2.34,150.2110750514972,2.6233378,,True,59.999999999507054,True,True,13
component-ec966ad6d22ea1bd,60104,shift-east-60-60104,150.3559726,2.5281135,2.75,150.37265550416305,2.5281135,within_20_arcsec_of_cataloged_xray_source,False,19.5653731494594,False,False,0
component-0e79f2dde1be10ec,60107,shift-east-60-60107,150.1480204,2.9296745,3.62,150.1647088781696,2.9296745,,True,55.41193015561745,False,False,9
component-acc63a2999bb2e6b,60109,shift-east-60-60109,150.1815175,2.424024,2.29,150.19819909362528,2.424024,,True,49.80159470549072,False,False,4
component-6543ce3b814ec0a5,60121,shift-east-60-60121,150.6985286,2.4453735,3.257,150.71521045792102,2.4453735,,True,59.99999999965466,False,True,12
component-50d35570f020dbba,60134,shift-east-60-60134,150.2546813,1.6925563,2.17,150.27135524141,1.6925563,,True,31.75840460830506,False,False,9
component-8850811b980c9004,60136,shift-east-60-60136,150.8034377,1.9898752,2.26,150.8201144230885,1.9898752,within_20_arcsec_of_cataloged_xray_source,False,17.87657887494675,False,False,0
component-6793c5bca00816cc,60138,shift-east-60-60138,150.6052534,1.482332,3.62,150.62192564604223,1.482332,,True,58.29728797553633,False,False,15
component-940e030c273821f2,60142,shift-east-60-60142,150.2944436,2.0347949,2.02,150.31112078248452,2.0347949,within_20_arcsec_of_cataloged_xray_source,False,3.937407850914037,False,False,0
component-3fa354c210060829,60145,shift-east-60-60145,150.4696281,1.7259273,2.11,150.48630233121,1.7259273,,True,26.400218700007315,False,False,16
component-ef86fabfd3e8ce80,60146,shift-east-60-60146,150.4678246,1.7425845,1.91,150.4844989779844,1.7425845,,True,22.79915107673874,False,False,9
component-5c38247ec47cf3c2,60147,shift-east-60-60147,150.7765268,2.0816005,2.16,150.7932044721005,2.0816005,,True,33.375479027403806,False,False,5
component-516870d296d2627e,60148,shift-east-60-60148,150.3614424,1.5726768,2.59,150.37811534708834,1.5726768,,True,20.6073450733958,False,True,10
component-b932ad5691935bd9,60149,shift-east-60-60149,150.2833796,1.5809511,2.53,150.3000526133694,1.5809511,,True,52.02761898145255,False,False,18
component-ac0ed18b3b66b27d,60152,shift-east-60-60152,150.312214,1.7302619,2.1,150.3288882692683,1.7302619,,True,47.10814455632572,False,False,10
component-34b40d3648f387bf,60154,shift-east-60-60154,150.7720127,1.5847199,2.63,150.7886857436747,1.5847199,,True,58.15642603387053,True,True,16
component-1d3bb960aa584241,60155,shift-east-60-60155,150.7323947,1.6805707,2.22,150.74906853870783,1.6805707,,True,46.840981869413284,False,True,13
component-3196de92e15f5c1a,60156,shift-east-60-60156,150.6286387,2.0954493,2.4,150.64531651910693,2.0954493,,True,58.96343424803006,False,False,11
component-da19dc683fcf84d8,60164,shift-east-60-60164,150.8220491,1.8108373,2.7,150.8387240941379,1.8108373,,True,52.5910288012936,True,True,13
component-c9103b1536f29ddd,60170,shift-east-60-60170,150.5852719,1.7539852,2.15,150.6019463792552,1.7539852,within_20_arcsec_of_cataloged_xray_source,False,9.92400172759134,False,False,0
component-8825d2477ff20f6a,60172,shift-east-60-60172,150.3482756,1.6847612,2.184,150.36494947453227,1.6847612,,True,58.939529100363,False,False,12
component-ca5e3a3c93ec2af3,60173,shift-east-60-60173,150.231791,1.6281639,2.6,150.24846439822912,1.6281639,,True,33.35403120432233,False,False,9
component-0922e4d0f2d55dba,60174,shift-east-60-60174,150.2798858,2.1835692,2.04,150.29656457739623,2.1835692,,True,57.97063687753344,True,True,11
component-ae037dba554cff3a,60175,shift-east-60-60175,150.7108176,1.74079,2.236,150.72749196210438,1.74079,within_20_arcsec_of_cataloged_xray_source,False,12.913325819163683,False,False,0
component-1ee83ea44816e582,60187,shift-east-60-60187,150.6809928,1.7166761,2.32,150.69766695030316,1.7166761,,True,43.764282288368314,False,False,9
component-d7e7ba00209cd8c3,60191,shift-east-60-60191,150.7016039,1.6854927,2.83,150.718277780795,1.6854927,,True,44.82075165426331,False,False,12
component-0fc4ad578dacc5c4,60198,shift-east-60-60198,150.7137364,1.9724041,2.38,150.73041294718615,1.9724041,,True,52.25932459741547,False,False,13
component-12598318a5028a3c,60206,shift-east-60-60206,150.4298759,1.9883259,2.22,150.44655260742707,1.9883259,,True,45.587222481610894,False,True,16
component-e99f2baf2a595c20,60211,shift-east-60-60211,150.2389613,1.9841813,2.18,150.25563796559052,1.9841813,,True,32.91321751163701,False,False,12
component-11fa180819051271,60214,shift-east-60-60214,150.4488908,1.610877,2.144,150.46556405599748,1.610877,,True,58.428151661726,False,False,9
component-ca253a6706c6adf8,60221,shift-east-60-60221,150.3149976,1.4901537,3.39,150.33166990509466,1.4901537,,True,56.020637175049316,False,False,14
component-e7723e720093965d,60229,shift-east-60-60229,150.8495985,2.2060994,3.0,150.86627752875935,2.2060994,,True,59.57964266753247,False,False,9
component-96f22543d59ef8a7,60235,shift-east-60-60235,150.292212,2.0894649,2.31,150.30888975546205,2.0894649,,True,53.00919161295901,True,True,10
component-04baa3900e64da90,60248,shift-east-60-60248,150.2019206,1.7234428,2.17,150.2185948094389,1.7234428,,True,40.572053945650445,False,True,11
component-c8143b0b3bbb69d4,60252,shift-east-60-60252,150.3535867,1.7803022,2.16,150.37026141555103,1.7803022,,True,42.73534595521223,False,False,10
component-0cd783984d524d07,60256,shift-east-60-60256,150.023204,2.7095123,2.43,150.03988932017822,2.7095123,within_20_arcsec_of_cataloged_xray_source,False,12.068783744950368,False,False,0
component-deb387ce35f0267b,60259,shift-east-60-60259,149.7272583,2.2353769,2.38,149.74393765926482,2.2353769,,True,50.76432629274197,False,False,10
component-7698fc9628d479c8,60261,shift-east-60-60261,149.8552445,2.7674143,2.15,149.87193062672802,2.7674143,,True,39.542560115368296,False,True,13
component-53fbecdf916cd62b,60272,shift-east-60-60272,149.7817237,2.4704204,2.29,149.79840587095202,2.4704204,within_20_arcsec_of_cataloged_xray_source,False,4.7506561846380135,False,False,0
component-8ddf1ef16abc4094,60274,shift-east-60-60274,149.932305,2.3564098,2.45,149.9489857719336,2.3564098,,True,37.13591066805516,False,False,12
component-d0f01130e0c51fd1,60279,shift-east-60-60279,150.0007573,2.7944974,2.48,150.0174438098605,2.7944974,,True,21.21312443240234,False,False,14
component-db21007389b824c5,60280,shift-east-60-60280,149.9077302,2.6640065,2.17,149.9244148983145,2.6640065,within_20_arcsec_of_cataloged_xray_source,False,14.375830135010354,False,False,0
component-8851aa93c2fbaba0,60286,shift-east-60-60286,149.4356378,2.7026742,2.92,149.45232302605663,2.7026742,,True,39.79395933076464,False,True,9
component-0ee815840f3dc56d,60287,shift-east-60-60287,150.0324881,2.7233245,2.73,150.0491736110215,2.7233245,,True,37.63073789409017,False,True,12
component-dd64f8bc38106cf1,60297,shift-east-60-60297,149.9107356,2.7895276,2.81,149.92742203927435,2.7895276,,True,36.76126211359583,False,False,13
component-a6d67537b62e3d4c,60302,shift-east-60-60302,149.5461323,2.4364295,2.16,149.562814046916,2.4364295,,True,54.710435208737614,False,False,17
component-7698fc9628d479c8,60304,shift-east-60-60304,149.8566667,2.7605122,2.427,149.87335272968605,2.7605122,,True,39.4599187253206,False,False,11
component-53156e052c0c370f,60305,shift-east-60-60305,149.9755261,2.4616565,2.43,149.9922081610587,2.4616565,within_20_arcsec_of_cataloged_xray_source,False,11.245652683212445,False,False,0
component-46979e5d57348cdc,60310,shift-east-60-60310,149.705511,2.4600543,2.49,149.72219304101054,2.4600543,within_20_arcsec_of_cataloged_xray_source,False,14.714145622024551,False,False,0
component-59a14b6d64a2fd73,60314,shift-east-60-60314,149.5288654,2.5541676,2.44,149.54554864084548,2.5541676,,True,58.75544888977761,False,False,14
component-f42f513746957110,60316,shift-east-60-60316,149.5663794,2.4725822,3.18,149.58306159811977,2.4725822,within_20_arcsec_of_cataloged_xray_source,False,16.670335440937738,False,False,0
component-ecb187c766fbbac4,60317,shift-east-60-60317,150.0942928,2.8086512,2.77,150.11097951157836,2.8086512,,True,40.63108495999106,False,True,15
component-170354e1e8b2610a,60318,shift-east-60-60318,149.4522879,2.7468768,2.8,149.46897373869038,2.7468768,,True,34.15024707035301,False,True,14
component-fc1291b5d04263e1,60320,shift-east-60-60320,149.507896,2.8392826,2.84,149.52458315163597,2.8392826,,True,56.9627697632928,False,False,10
component-6428a40cd6b2efbc,60322,shift-east-60-60322,149.509018,2.778216,2.505,149.52570427908574,2.778216,within_20_arcsec_of_cataloged_xray_source,False,6.267553224605744,False,False,0
component-9a65a5895d89ee79,60333,shift-east-60-60333,149.3990163,2.4658416,2.82,149.41569841348814,2.4658416,,True,59.99999999964149,False,True,12
component-5c804e9a2605b0da,60337,shift-east-60-60337,149.5023148,2.6059436,2.93,149.5189987201981,2.6059436,,True,40.507625716034255,False,False,11
component-e589763f2304909d,60339,shift-east-60-60339,149.4160639,2.6934813,2.7,149.43274899989905,2.6934813,,True,34.68653423867905,False,False,11
component-3e3bd885581aeb05,60341,shift-east-60-60341,149.8875871,2.7738479,2.669,149.90427331740204,2.7738479,,True,46.60596413714767,False,False,12
component-6984d43ccc2ac5d9,60342,shift-east-60-60342,149.8088718,2.5763372,2.51,149.82555533005805,2.5763372,,True,56.173147739655626,True,True,10
component-98f02e3546ed92b9,60347,shift-east-60-60347,149.7731453,2.8871323,3.84,149.78983314864726,2.8871323,,True,59.15216891095221,False,False,10
component-6c22ab415e9f56a0,60354,shift-east-60-60354,149.9211057,2.2501659,2.74,149.93778522787431,2.2501659,,True,59.999999999641,False,False,7
component-c91297d46ce4639b,60355,shift-east-60-60355,149.6807051,2.2682043,2.23,149.69738483503923,2.2682043,within_20_arcsec_of_cataloged_xray_source,False,13.990606051924932,False,False,0
component-a0e893ea068dd4bc,60361,shift-east-60-60361,149.7425014,2.5409212,2.66,149.75918446923694,2.5409212,within_20_arcsec_of_cataloged_xray_source,False,19.160788196946008,False,False,0
component-7ae71823aa8b34ae,60364,shift-east-60-60364,150.0500932,2.2398139,2.38,150.06677260973404,2.2398139,,True,31.54807894044372,False,False,14
component-481423835c0d3e5d,60367,shift-east-60-60367,149.6482568,2.7174378,2.8,149.66494222956584,2.7174378,,True,41.32983983243199,False,True,10
component-02c1d1400a4f55cd,60368,shift-east-60-60368,149.9744276,2.8111172,2.47,149.9911143468281,2.8111172,,True,48.13105502744807,False,False,15
component-ce9ba63dc51a77fa,60373,shift-east-60-60373,149.3910251,2.3427013,3.08,149.40770570818108,2.3427013,,True,57.88041162049761,False,True,10
component-7aed68c02b032df4,60414,shift-east-60-60414,149.4955229,1.7224317,2.78,149.51219710058785,1.7224317,within_20_arcsec_of_cataloged_xray_source,False,11.364136383809969,False,False,0
component-e3972d6f7c51536c,60415,shift-east-60-60415,149.6051068,2.0526316,2.55,149.6217841677517,2.0526316,,True,47.821275202945785,True,True,21
component-8d42b9fe493d72fc,60416,shift-east-60-60416,149.7785806,1.7197496,2.67,149.7952547771343,1.7197496,,True,38.423551127434585,False,False,10
component-e487b852f4d14b65,60417,shift-east-60-60417,149.5547651,1.615173,2.3,149.57143839120178,1.615173,,True,59.99999999984671,False,False,12
component-aa39652c7c2fd5dc,60421,shift-east-60-60421,149.9803935,1.9245704,2.49,149.9970695735403,1.9245704,,True,41.201282887107,False,False,11
component-b9919f2e6775681a,60423,shift-east-60-60423,149.4245459,1.7303342,2.42,149.44122016990391,1.7303342,,True,49.094813396215855,False,False,15
component-77793f3d8c70ce62,60425,shift-east-60-60425,149.7179733,1.6192383,2.39,149.73464662460205,1.6192383,within_20_arcsec_of_cataloged_xray_source,False,19.562698981510398,False,False,0
component-61016ab303efb871,60427,shift-east-60-60427,150.0433315,1.7786572,2.117,150.06000620067758,1.7786572,within_20_arcsec_of_cataloged_xray_source,False,13.932849693276927,False,False,0
component-39cf7e0ae8909729,60429,shift-east-60-60429,149.9169751,1.8997097,2.18,149.93365093197212,1.8997097,,True,50.861324922744934,False,False,11
component-3ca5a84f4ddd504a,60435,shift-east-60-60435,149.5174135,1.6070698,3.41,149.5340867248772,1.6070698,,True,59.99999999982327,False,True,12
component-fbe4d018fab6db34,60436,shift-east-60-60436,150.0469228,1.9305872,2.21,150.0635989324777,1.9305872,,True,28.394323277944572,True,True,11
component-272cf87992c562f6,60438,shift-east-60-60438,149.969863,1.8467463,2.026,149.98653832782537,1.8467463,within_20_arcsec_of_cataloged_xray_source,False,14.409187975424041,False,False,0
component-b8403ec5b52042c0,60440,shift-east-60-60440,149.4137422,1.9256568,2.42,149.43041828416847,1.9256568,,True,48.515301501308265,False,False,6
component-283449093ae14688,60446,shift-east-60-60446,149.6078032,2.0172731,2.19,149.62448020206583,2.0172731,,True,44.11255691530894,False,False,13
component-fb80e5a706b6f313,60450,shift-east-60-60450,149.8151845,1.6345826,2.53,149.83185795142737,1.6345826,,True,51.69871656676611,False,False,7
component-5e03d903adfdc5a9,60451,shift-east-60-60451,149.9974654,1.9677666,1.82,150.014141900756,1.9677666,,True,59.99999999974305,True,True,12
component-3501e7a84578d3e3,60454,shift-east-60-60454,149.9795228,1.9600247,2.44,149.99619922348887,1.9600247,,True,28.240694594654354,True,True,15
component-c1cb9de11e48357c,60455,shift-east-60-60455,149.8687377,1.748299,2.46,149.8854121286628,1.748299,,True,59.9999999997926,False,False,16
component-99f5c1d6570f10bf,60458,shift-east-60-60458,149.8113043,1.7125369,2.49,149.82797841424457,1.7125369,,True,57.287999922848385,False,False,10
component-4bc4dcb06ed48a99,60460,shift-east-60-60460,149.5433718,1.867572,2.35,149.56004732435701,1.867572,,True,58.08058269192036,False,False,12
component-2319ccd13c4b6ebf,60461,shift-east-60-60461,149.5398039,1.8771184,1.841,149.55647951518418,1.8771184,,True,56.46226838574941,False,False,15
component-e0c67141a218274d,60462,shift-east-60-60462,149.5368271,2.0006706,2.34,149.5535039325556,2.0006706,within_20_arcsec_of_cataloged_xray_source,False,5.363370220857077,False,False,0
component-145c9a0a80d8333c,60463,shift-east-60-60463,149.6837474,1.6147453,2.242,149.70042068769268,1.6147453,,True,22.951042686537782,False,False,7
component-9c9efe28ca93f961,60465,shift-east-60-60465,149.5328279,1.9586656,2.47,149.549504309956,1.9586656,,True,27.047480228070135,False,True,16
component-8d7417df283d516e,60466,shift-east-60-60466,149.5735379,2.0240427,2.19,149.59021497158577,2.0240427,,True,22.969857543299554,False,False,12
component-403ef84ff17d84c5,60470,shift-east-60-60470,149.7017395,1.681508,2.08,149.71841334671302,1.681508,,True,59.57937889193132,False,False,13
component-103485837aa457af,60472,shift-east-60-60472,149.7733921,1.5411105,2.48,149.7900647974258,1.5411105,,True,20.558852628895128,False,False,12
component-926982cee218c9be,60483,shift-east-60-60483,149.6027884,1.9620479,2.14,149.6194648436517,1.9620479,,True,59.99391443017585,True,True,12
component-ce747a0926f08533,60489,shift-east-60-60489,149.6512993,1.9714836,2.496,149.6679758379615,1.9714836,,True,29.56530187395222,False,False,11
component-6b8c52134c7e1a3f,60492,shift-east-60-60492,149.8133037,2.1110747,2.14,149.82998168614515,2.1110747,,True,59.99999999973737,False,False,11
component-70fc9c9f116efce7,60512,shift-east-60-60512,149.7843582,1.9588094,1.739,149.80103461138742,1.9588094,,True,56.18284530926287,False,True,13
component-cb70abe8647fa8a3,60513,shift-east-60-60513,149.511618,1.752538,2.217,149.52829246636327,1.752538,,True,59.72250345337679,False,False,14
component-d029fa3a95e174a1,61,shift-east-60-61,150.1237595,2.358311,1.22,150.1404402947197,2.358311,,True,41.59233270337014,False,False,12
component-da4ea2a5506f2693,63,shift-east-60-63,149.7822194,2.1387712,1.15,149.7988976852817,2.1387712,within_20_arcsec_of_cataloged_xray_source,False,18.122113693730988,False,False,0
component-a68b412c4282555f,64,shift-east-60-64,149.8938294,2.1076572,1.15,149.9105073495052,2.1076572,,True,28.482015709410458,True,True,11
component-108c995b953c8a35,65,shift-east-60-65,150.1740154,2.4030379,1.12,150.19069673609366,2.4030379,,True,59.99999999959528,True,True,14
component-49d180ecf5613281,67,shift-east-60-67,150.4071253,2.4787985,1.17,150.42380757637397,2.4787985,,True,33.85605903465431,False,False,14
component-a21855da08cb102d,68,shift-east-60-68,150.0426375,2.0632552,1.13,150.0593149788675,2.0632552,,True,27.63883547490008,False,False,16
component-4ac1f1038be3e5c5,69,shift-east-60-69,149.8949841,2.1746655,1.12,149.9116627787732,2.1746655,,True,24.285037528587633,False,False,6
component-34f839939979e68f,70004,shift-east-60-70004,150.5674372,2.5033661,1.75,150.58411978757334,2.5033661,,True,38.510497176127124,True,True,9
component-25658f69c6b9cca6,70010,shift-east-60-70010,150.3974513,2.5070263,1.75,150.41413393420086,2.5070263,,True,20.798364358879088,False,False,12
component-e1c57f7f848edf6c,70015,shift-east-60-70015,150.1374776,2.2739852,1.75,150.15415740178182,2.2739852,,True,29.037348991349322,True,True,9
component-09fc065e46de778e,70019,shift-east-60-70019,150.2617113,2.5419229,1.75,150.27839438218277,2.5419229,,True,43.02451664159038,False,False,17
component-d8ad6e4f8c1d1f65,70024,shift-east-60-70024,150.4803816,2.6272772,1.75,150.49706580409577,2.6272772,,True,34.77453582935821,False,False,9
component-fc91c44599685f92,70032,shift-east-60-70032,150.2487058,2.8887944,1.75,150.26539367306876,2.8887944,,True,39.44028668588434,False,False,8
component-482442152ff15d36,70046,shift-east-60-70046,150.3472783,2.7878385,1.75,150.36396471531273,2.7878385,within_20_arcsec_of_cataloged_xray_source,False,10.821647535572774,False,False,0
component-4fceb2f5a18fbd1c,70069,shift-east-60-70069,150.7337417,2.7263946,1.75,150.7504272535734,2.7263946,,True,33.04065109785256,False,True,9
component-c3c39431e2d9ecc1,70077,shift-east-60-70077,150.4731591,2.1981913,1.75,150.48983804023626,2.1981913,within_20_arcsec_of_cataloged_xray_source,False,12.58311750916722,False,False,0
component-faad31f8ef137cdf,70080,shift-east-60-70080,150.4566622,1.8586314,1.75,150.47333763971434,1.8586314,,True,33.753476299907476,False,False,9
component-652f83efd08590ca,70083,shift-east-60-70083,150.4198682,1.7188008,1.75,150.4365423688463,1.7188008,,True,38.73043731283394,False,False,13
component-5b0c8f908a1227ce,70085,shift-east-60-70085,150.5378315,2.1879819,1.75,150.5545103264238,2.1879819,,True,41.89437354284656,True,True,15
component-d220ab301fea12bb,70095,shift-east-60-70095,150.1801291,1.7686636,1.75,150.19680371061534,1.7686636,,True,32.34330359968643,False,False,9
component-4d6be77ea7745432,70133,shift-east-60-70133,149.7938727,2.3275212,1.75,149.8105531279677,2.3275212,,True,49.7449359525222,False,False,13
component-532d281b6c293a01,70134,shift-east-60-70134,150.0589437,2.6020762,1.75,150.07562756898122,2.6020762,,True,59.9999999995301,True,True,12
component-f8644d31d2613f5a,70135,shift-east-60-70135,150.0029982,2.258772,1.75,150.0196778265056,2.258772,within_20_arcsec_of_cataloged_xray_source,False,6.2785704397467,False,False,0
component-48f41c043766a739,70136,shift-east-60-70136,149.9263615,2.5261854,1.75,149.94304437938496,2.5261854,,True,47.333843788308755,False,False,12
component-8cbbee6744ccafea,70138,shift-east-60-70138,149.979976,2.3094791,1.75,149.9966562153054,2.3094791,,True,30.614380391978703,True,True,12
component-338b8b1c27a2c763,70139,shift-east-60-70139,149.8811143,2.448084,1.75,149.8977961916419,2.448084,,True,41.78492143540986,False,True,8
component-b9e4104fdcc9cdcd,70149,shift-east-60-70149,149.8520915,2.4261694,1.75,149.86877312007914,2.4261694,,True,32.614043419107,False,False,9
component-170767f4a52a44b0,70151,shift-east-60-70151,149.823794,2.5395798,1.75,149.84047705190886,2.5395798,within_20_arcsec_of_cataloged_xray_source,False,7.990342129215296,False,False,0
component-78e97a60dd2a794f,70177,shift-east-60-70177,149.6604653,2.4656465,1.75,149.677147411042,2.4656465,,True,59.89396466717814,False,False,17
component-3b768f8018c22458,70210,shift-east-60-70210,150.0953785,1.9780819,1.75,150.11205510418085,1.9780819,within_20_arcsec_of_cataloged_xray_source,False,2.170566299192735,False,False,0
component-cf12beedf3a07e28,70213,shift-east-60-70213,149.8546644,2.1321219,1.75,149.8713426131093,2.1321219,,True,59.9999999996677,False,False,14
component-06205125e68ad5db,70214,shift-east-60-70214,150.0234337,2.1394954,1.75,150.04011199315588,2.1394954,,True,25.752750695918287,True,True,10
component-a377d689b68fdb41,70215,shift-east-60-70215,149.860988,2.1081451,1.75,149.87766595473246,2.1081451,,True,23.4198998219851,True,True,15
component-7bdbf5a80d587a9c,70220,shift-east-60-70220,150.0212566,2.0594694,1.75,150.0379340392046,2.0594694,,True,21.707878029942886,False,False,10
component-d058d30684413a9a,70228,shift-east-60-70228,149.5606277,2.1814007,1.75,149.57730645333933,2.1814007,,True,50.66838816674908,False,False,9
component-7f2253d7e228b22a,71,shift-east-60-71,149.9555873,2.5021094,1.1,149.97226987157993,2.5021094,,True,20.867819606106657,False,False,12
component-8722616204217edd,72,shift-east-60-72,150.3740184,2.544068,1.2,150.390701509923,2.544068,,True,50.51405973430304,False,False,12
component-96061e92f58e4bdc,73,shift-east-60-73,150.4160024,2.4299896,0.274,150.43268406724226,2.4299896,,True,30.518968560376983,True,True,13
component-445f8f3c6482af5b,74,shift-east-60-74,150.449626,2.2464033,1.03,150.46630548487119,2.2464033,within_20_arcsec_of_cataloged_xray_source,False,18.02294679535679,False,False,0
component-f74efabef12ea619,76,shift-east-60-76,150.2345348,2.3623491,1.17,150.25121564317794,2.3623491,,True,32.13048434503244,False,False,12
component-349c41201b62db85,78,shift-east-60-78,150.1192386,2.2957138,1.22,150.1359186541697,2.2957138,within_20_arcsec_of_cataloged_xray_source,False,15.75072177847346,False,False,0
component-48449a14a4ff7d79,80,shift-east-60-80,150.4029812,2.3900175,1.19,150.41966237744236,2.3900175,within_20_arcsec_of_cataloged_xray_source,False,17.72147795266307,False,False,0
component-bbb965ab0c80d653,83,shift-east-60-83,150.3518002,2.6778853,1.23,150.36848508685617,2.6778853,within_20_arcsec_of_cataloged_xray_source,False,11.632888423193604,False,False,0
component-44c8031cb036a735,84,shift-east-60-84,150.2997515,2.506879,1.28,150.31643413232308,2.506879,,True,24.71928752955016,False,False,17
component-cd70bea023f752a0,89,shift-east-60-89,150.276122,2.5261955,1.29,150.29280487951468,2.5261955,within_20_arcsec_of_cataloged_xray_source,False,6.907023033043201,False,False,0
component-19581e27de7ced00,9,shift-east-60-9,149.9198279,2.3274745,1.0,149.9365083274151,2.3274745,,True,31.973037323979973,False,False,18
component-69f59c273b6e669a,90,shift-east-60-90,150.2898403,2.4550483,1.26,150.30652227845542,2.4550483,,True,27.636706880725825,True,True,11
component-1da51b8d8ff98f6a,91,shift-east-60-91,150.4956328,2.4126246,1.18,150.51231425345853,2.4126246,within_20_arcsec_of_cataloged_xray_source,False,11.341122685382993,False,False,0
component-8241649609f88ccd,92,shift-east-60-92,150.2338522,2.586075,1.17,150.25053585788484,2.586075,,True,23.239708995793368,False,False,6
component-e3d6c4d4599e0088,94,shift-east-60-94,150.1996769,2.1908901,1.2,150.21635575878975,2.1908901,within_20_arcsec_of_cataloged_xray_source,False,15.37161789584076,False,False,0
component-7b1a278f5abe8e9d,96,shift-east-60-96,150.4018116,2.8843752,1.24,150.4184994081679,2.8843752,,True,49.06796377899879,False,False,12
component-d6d824abba4afde8,97,shift-east-60-97,150.0661634,1.8792009,1.29,150.0828390350593,1.8792009,,True,54.33700355178988,False,False,9
component-34f839939979e68f,98,shift-east-60-98,150.572369,2.499835,1.13,150.58905154265523,2.499835,,True,41.44591717656482,False,False,5
